# Blender 5.1.2
# www.blender.org
mtllib SM_PalmTree_03.mtl
o SM_PalmTree_03
v -0.002013 4.272857 -0.104011
v -0.050181 4.204271 0.008531
v -0.011064 4.157455 -0.024701
v 0.021402 4.136217 -0.082316
v 0.038517 4.146227 -0.148883
v 0.035698 4.184812 -0.206568
v 0.013706 4.241632 -0.239920
v -0.021587 4.301466 -0.239987
v -0.060695 4.348276 -0.206773
v -0.093161 4.369514 -0.149158
v -0.110285 4.359514 -0.082587
v -0.107458 4.320918 -0.024906
v -0.085465 4.264098 0.008447
v -0.050181 4.204271 0.008531
v -0.153191 4.114079 0.067489
v -0.085445 4.032999 0.009938
v -0.011064 4.157455 -0.024701
v -0.029221 3.996200 -0.089844
v 0.021402 4.136217 -0.082316
v 0.000434 4.013540 -0.205162
v 0.038517 4.146227 -0.148883
v -0.004463 4.080375 -0.305081
v 0.035698 4.184812 -0.206568
v -0.042556 4.178789 -0.362833
v 0.013706 4.241632 -0.239920
v -0.103676 4.282422 -0.362970
v -0.021587 4.301466 -0.239987
v -0.171415 4.363491 -0.305422
v -0.060695 4.348276 -0.206773
v -0.060695 4.348276 -0.206773
v -0.171415 4.363491 -0.305422
v -0.227659 4.400293 -0.205641
v -0.093161 4.369514 -0.149158
v -0.257293 4.382955 -0.090337
v -0.110285 4.359514 -0.082587
v -0.252416 4.316119 0.009596
v -0.107458 4.320918 -0.024906
v -0.214312 4.217712 0.067352
v -0.085465 4.264098 0.008447
v -0.283460 4.026441 0.057046
v -0.205224 3.932819 -0.009384
v -0.140297 3.890324 -0.124620
v -0.106065 3.910350 -0.257769
v -0.111703 3.987519 -0.373139
v -0.155708 4.101163 -0.439843
v -0.226274 4.220831 -0.439991
v -0.304510 4.314449 -0.373547
v -0.304510 4.314449 -0.373547
v -0.369430 4.356933 -0.258314
v -0.403661 4.336912 -0.125180
v -0.398023 4.259737 -0.009796
v -0.354026 4.146105 0.056911
v -0.406052 3.964853 -0.019974
v -0.338301 3.883772 -0.077510
v -0.282075 3.846979 -0.177305
v -0.252426 3.864311 -0.292610
v -0.257315 3.931150 -0.392527
v -0.295417 4.029559 -0.450282
v -0.356532 4.133195 -0.450417
v -0.424276 4.214261 -0.392871
v -0.424276 4.214261 -0.392871
v -0.480510 4.251069 -0.293087
v -0.510152 4.233726 -0.177785
v -0.505270 4.166898 -0.077865
v -0.467168 4.068485 -0.020096
v -0.488139 3.945806 -0.142942
v -0.449020 3.898988 -0.176159
v -0.416559 3.877747 -0.233775
v -0.399444 3.887757 -0.300343
v -0.402263 3.926346 -0.358042
v -0.424261 3.983158 -0.391381
v -0.459550 4.042999 -0.391461
v -0.498662 4.089802 -0.358233
v -0.498662 4.089802 -0.358233
v -0.531122 4.111047 -0.300631
v -0.548245 4.101044 -0.234047
v -0.545426 4.062459 -0.176361
v -0.523421 4.005631 -0.143011
v -0.507721 3.974411 -0.278920
v -0.449020 3.898988 -0.176159
v -0.488139 3.945806 -0.142942
v -0.416559 3.877747 -0.233775
v -0.399444 3.887757 -0.300343
v -0.402263 3.926346 -0.358042
v -0.424261 3.983158 -0.391381
v -0.459550 4.042999 -0.391461
v -0.498662 4.089802 -0.358233
v -0.531122 4.111047 -0.300631
v -0.548245 4.101044 -0.234047
v -0.545426 4.062459 -0.176361
v -0.523421 4.005631 -0.143011
v 0.241271 4.339422 0.236277
v 0.251675 4.362422 0.392394
v 0.326003 4.355556 0.368825
v 0.378271 4.333165 0.315032
v 0.394461 4.301265 0.245392
v 0.370252 4.268389 0.178612
v 0.312114 4.243354 0.132542
v 0.235637 4.232869 0.119556
v 0.161309 4.239735 0.143126
v 0.109043 4.262120 0.196944
v 0.092833 4.294025 0.266560
v 0.117061 4.326896 0.333363
v 0.175198 4.351936 0.379409
v 0.251675 4.362422 0.392394
v 0.264062 4.295692 0.546083
v 0.392807 4.283787 0.505276
v 0.326003 4.355556 0.368825
v 0.483343 4.245021 0.412065
v 0.378271 4.333165 0.315032
v 0.511382 4.189761 0.291469
v 0.394461 4.301265 0.245392
v 0.469454 4.132820 0.175782
v 0.370252 4.268389 0.178612
v 0.368750 4.089458 0.096018
v 0.312114 4.243354 0.132542
v 0.236284 4.071290 0.073517
v 0.235637 4.232869 0.119556
v 0.107541 4.083189 0.114350
v 0.161309 4.239735 0.143126
v 0.161309 4.239735 0.143126
v 0.107541 4.083189 0.114350
v 0.017003 4.121961 0.207535
v 0.109043 4.262120 0.196944
v -0.011054 4.177221 0.328133
v 0.092833 4.294025 0.266560
v 0.030892 4.234162 0.443818
v 0.117061 4.326896 0.333363
v 0.131598 4.277518 0.523607
v 0.175198 4.351936 0.379409
v 0.275113 4.157114 0.656162
v 0.423771 4.143366 0.609033
v 0.528304 4.098591 0.501420
v 0.560705 4.034784 0.362164
v 0.512266 3.969038 0.228582
v 0.395992 3.918964 0.136466
v 0.243038 3.897993 0.110494
v 0.094363 3.911740 0.157625
v 0.094363 3.911740 0.157625
v -0.010169 3.956499 0.265246
v -0.042553 4.020305 0.404501
v 0.005869 4.086052 0.538085
v 0.122142 4.136126 0.630201
v 0.281868 3.983815 0.693139
v 0.410611 3.971917 0.652306
v 0.501149 3.933145 0.559121
v 0.529187 3.877884 0.438525
v 0.487260 3.820944 0.322838
v 0.386555 3.777572 0.243058
v 0.254090 3.759414 0.220572
v 0.125346 3.771303 0.261390
v 0.125346 3.771303 0.261390
v 0.034808 3.810085 0.354591
v 0.006752 3.865345 0.475189
v 0.048698 3.922286 0.590874
v 0.149402 3.965648 0.670638
v 0.282515 3.822237 0.647100
v 0.356843 3.815371 0.623531
v 0.409109 3.792987 0.569712
v 0.425301 3.761080 0.500097
v 0.401090 3.728210 0.433293
v 0.342954 3.703170 0.387247
v 0.266477 3.692684 0.374261
v 0.192149 3.699550 0.397831
v 0.192149 3.699550 0.397831
v 0.139881 3.721941 0.451624
v 0.123673 3.753841 0.521265
v 0.147900 3.786717 0.588044
v 0.206038 3.811752 0.634114
v 0.276881 3.715684 0.530379
v 0.356843 3.815371 0.623531
v 0.282515 3.822237 0.647100
v 0.409109 3.792987 0.569712
v 0.425301 3.761080 0.500097
v 0.401090 3.728210 0.433293
v 0.342954 3.703170 0.387247
v 0.266477 3.692684 0.374261
v 0.192149 3.699550 0.397831
v 0.139881 3.721941 0.451624
v 0.123673 3.753841 0.521265
v 0.147900 3.786717 0.588044
v 0.206038 3.811752 0.634114
v -0.942152 4.441478 -0.181054
v -0.705762 4.544861 -0.161022
v -0.660830 4.475701 -0.341698
v -0.894025 4.381227 -0.351059
v -1.212719 4.163212 -0.172108
v -1.165287 4.112107 -0.356569
v -1.339105 3.979311 -0.157261
v -1.293989 3.936959 -0.339807
v -1.457721 3.705723 -0.268054
v -1.494894 3.731983 -0.135070
v -1.448892 3.805019 -0.141629
v -1.414358 3.766969 -0.287061
v -1.559189 3.406133 -0.081935
v -1.531158 3.466590 -0.206559
v -0.450720 4.522246 -0.113608
v -0.497905 4.522989 0.003902
v -0.176842 4.510110 0.023767
v -0.031723 4.485097 -0.035736
v -0.934746 4.440721 0.010554
v -0.698845 4.531037 -0.008524
v -1.209245 4.175198 0.028774
v -1.337138 3.998637 0.037988
v -1.488976 3.750955 0.006896
v -1.451090 3.812760 0.014656
v -1.556885 3.502694 0.018255
v -0.884400 4.382868 0.220167
v -0.702378 4.489439 0.177271
v -1.074020 4.270498 0.126024
v -1.173279 4.154222 0.196917
v -1.293798 3.993978 0.243175
v -1.443881 3.759366 0.155953
v -1.423212 3.791832 0.167738
v -1.488423 3.666299 0.118580
v -0.328853 4.498497 0.091022
v -0.543599 4.493549 0.137319
v -1.430680 3.692790 -0.311999
v -1.477259 3.536616 -0.281842
v -1.407063 3.681427 -0.350172
v -1.382054 3.668065 -0.391079
v -1.406438 3.633979 -0.366856
v -1.397136 3.749382 -0.321283
v -1.075858 4.023125 -0.524617
v -1.142697 3.945983 -0.517056
v -1.145665 4.037845 -0.437771
v -0.838114 4.308882 -0.443147
v -0.868714 4.205798 -0.506403
v -0.792415 4.381403 -0.388097
v -0.590971 4.353645 -0.416290
v -0.722977 4.298071 -0.469443
v -0.446968 4.485146 -0.285181
v -0.447689 4.388295 -0.335255
v -0.157188 4.482324 -0.145749
v -0.398165 4.479333 -0.240414
v -0.405686 4.488885 -0.204523
v -0.288916 4.441339 -0.252054
v -0.391758 4.443844 -0.318946
v -0.659090 4.465482 -0.333393
v -0.702667 4.532300 -0.158378
v -0.933923 4.431034 -0.177549
v -0.886863 4.372076 -0.343510
v -1.202046 4.154987 -0.168596
v -1.155620 4.104493 -0.349839
v -1.327650 3.972109 -0.153887
v -1.283222 3.930340 -0.333667
v -1.445920 3.701216 -0.261983
v -1.400029 3.765830 -0.282204
v -1.428629 3.812024 -0.139484
v -1.482382 3.726818 -0.131822
v -1.546102 3.402796 -0.078913
v -1.518251 3.462619 -0.203404
v -0.695956 4.518489 -0.009871
v -0.371604 4.502753 -0.096649
v -0.342198 4.504191 0.015073
v -0.927074 4.429889 0.009327
v -1.198755 4.166514 0.028697
v -1.325598 3.991269 0.038200
v -1.476557 3.745269 0.006896
v -1.432023 3.817831 0.016127
v -1.543703 3.499219 0.019993
v -0.697334 4.477464 0.175635
v -0.876980 4.372411 0.217204
v -1.066570 4.202898 0.231247
v -1.064883 4.261157 0.123520
v -1.163195 4.145515 0.195190
v -1.212392 4.069861 0.241194
v -1.431883 3.753494 0.154177
v -1.411521 3.785289 0.166145
v -1.411521 3.785289 0.166145
v -1.475826 3.661876 0.116937
v -0.585203 4.489566 0.084253
v -0.328229 4.485915 0.088998
v -0.542934 4.480862 0.135903
v -1.465494 3.533874 -0.274881
v -1.419666 3.688727 -0.304376
v -1.395158 3.630709 -0.359285
v -1.370608 3.665389 -0.383582
v -1.395679 3.677315 -0.343100
v -1.386589 3.744199 -0.313605
v -1.136086 4.031271 -0.429914
v -1.133378 3.939224 -0.509066
v -1.067225 4.015746 -0.516474
v -1.111233 4.059932 -0.433504
v -0.831235 4.301026 -0.434063
v -0.861753 4.198239 -0.497126
v -0.788574 4.372674 -0.378498
v -0.449782 4.379877 -0.325729
v -0.448138 4.473866 -0.278966
v -0.590804 4.345625 -0.405914
v -0.406068 4.476535 -0.200666
v -0.290288 4.431378 -0.243890
v -0.156981 4.469627 -0.143279
v -0.360135 4.467950 -0.220198
v -1.518251 3.462619 -0.203404
v -1.546102 3.402796 -0.078913
v -1.559189 3.406133 -0.081935
v -1.531158 3.466590 -0.206559
v -0.176363 4.497499 0.026768
v -0.031618 4.472405 -0.033246
v -0.031723 4.485097 -0.035736
v -0.176842 4.510110 0.023767
v -1.546102 3.402796 -0.078913
v -1.543703 3.499219 0.019993
v -1.556885 3.502694 0.018255
v -1.559189 3.406133 -0.081935
v -0.876980 4.372411 0.217204
v -0.697334 4.477464 0.175635
v -0.702378 4.489439 0.177271
v -0.884400 4.382868 0.220167
v -1.064883 4.261157 0.123520
v -1.066570 4.202898 0.231247
v -1.075213 4.212184 0.234834
v -1.074020 4.270498 0.126024
v -1.066570 4.202898 0.231247
v -1.075213 4.212184 0.234834
v -1.163195 4.145515 0.195190
v -1.064883 4.261157 0.123520
v -1.074020 4.270498 0.126024
v -1.173279 4.154222 0.196917
v -1.282598 3.986505 0.241905
v -1.212392 4.069861 0.241194
v -1.222803 4.078199 0.242940
v -1.293798 3.993978 0.243175
v -1.351903 3.908437 0.126444
v -1.356987 3.870396 0.198192
v -1.368778 3.876970 0.199327
v -1.363631 3.915082 0.127716
v -1.356987 3.870396 0.198192
v -1.368778 3.876970 0.199327
v -1.431883 3.753494 0.154177
v -1.411521 3.785289 0.166145
v -1.423212 3.791832 0.167738
v -1.443881 3.759366 0.155953
v -1.363631 3.915082 0.127716
v -1.363631 3.915082 0.127716
v -1.411521 3.785289 0.166145
v -1.411521 3.785289 0.166145
v -1.411521 3.785289 0.166145
v -1.351903 3.908437 0.126444
v -1.475826 3.661876 0.116937
v -1.488423 3.666299 0.118580
v -0.585203 4.489566 0.084253
v -0.585464 4.502052 0.086666
v -0.328229 4.485915 0.088998
v -0.328853 4.498497 0.091022
v -0.542934 4.480862 0.135903
v -0.543599 4.493549 0.137319
v -0.585203 4.489566 0.084253
v -0.542934 4.480862 0.135903
v -0.543599 4.493549 0.137319
v -0.585464 4.502052 0.086666
v -1.465494 3.533874 -0.274881
v -1.477259 3.536616 -0.281842
v -1.419666 3.688727 -0.304376
v -1.430680 3.692790 -0.311999
v -1.370608 3.665389 -0.383582
v -1.395158 3.630709 -0.359285
v -1.406438 3.633979 -0.366856
v -1.382054 3.668065 -0.391079
v -1.395158 3.630709 -0.359285
v -1.395679 3.677315 -0.343100
v -1.407063 3.681427 -0.350172
v -1.406438 3.633979 -0.366856
v -1.311410 3.740361 -0.458730
v -1.322578 3.745905 -0.465205
v -1.386589 3.744199 -0.313605
v -1.397136 3.749382 -0.321283
v -1.386589 3.744199 -0.313605
v -1.397136 3.749382 -0.321283
v -1.212092 3.875610 -0.473773
v -1.222104 3.882136 -0.481139
v -1.067225 4.015746 -0.516474
v -1.133378 3.939224 -0.509066
v -1.142697 3.945983 -0.517056
v -1.075858 4.023125 -0.524617
v -1.133378 3.939224 -0.509066
v -1.136086 4.031271 -0.429914
v -1.145665 4.037845 -0.437771
v -1.142697 3.945983 -0.517056
v -1.136086 4.031271 -0.429914
v -1.145665 4.037845 -0.437771
v -0.861753 4.198239 -0.497126
v -0.868714 4.205798 -0.506403
v -0.831235 4.301026 -0.434063
v -0.838114 4.308882 -0.443147
v -0.788574 4.372674 -0.378498
v -0.792415 4.381403 -0.388097
v -0.590804 4.345625 -0.405914
v -0.721417 4.288898 -0.459975
v -0.722977 4.298071 -0.469443
v -0.590971 4.353645 -0.416290
v -0.721417 4.288898 -0.459975
v -0.788574 4.372674 -0.378498
v -0.792415 4.381403 -0.388097
v -0.722977 4.298071 -0.469443
v -0.449782 4.379877 -0.325729
v -0.447689 4.388295 -0.335255
v -0.448138 4.473866 -0.278966
v -0.449782 4.379877 -0.325729
v -0.447689 4.388295 -0.335255
v -0.446968 4.485146 -0.285181
v -0.406068 4.476535 -0.200666
v -0.405686 4.488885 -0.204523
v -0.031618 4.472405 -0.033246
v -0.156981 4.469627 -0.143279
v -0.157188 4.482324 -0.145749
v -0.031723 4.485097 -0.035736
v -0.398636 4.467637 -0.234784
v -0.406068 4.476535 -0.200666
v -0.405686 4.488885 -0.204523
v -0.398165 4.479333 -0.240414
v -0.290288 4.431378 -0.243890
v -0.288916 4.441339 -0.252054
v -0.392709 4.434657 -0.309810
v -0.391758 4.443844 -0.318946
v -0.392709 4.434657 -0.309810
v -0.391758 4.443844 -0.318946
v -0.514574 4.527903 -0.125480
v -0.559479 4.525454 0.000103
v -0.585464 4.502052 0.086666
v -1.075213 4.212184 0.234834
v -1.222104 3.882136 -0.481139
v -1.222803 4.078199 0.242940
v -1.363631 3.915082 0.127716
v -1.322578 3.745905 -0.465205
v -1.368778 3.876970 0.199327
v -0.398636 4.467637 -0.234784
v -0.392709 4.434657 -0.309810
v -0.031618 4.472405 -0.033246
v -0.176363 4.497499 0.026768
v -0.721417 4.288898 -0.459975
v -1.212092 3.875610 -0.473773
v -1.311410 3.740361 -0.458730
v -1.282598 3.986505 0.241905
v -1.356987 3.870396 0.198192
v -1.351903 3.908437 0.126444
v 0.880219 4.699678 -1.037376
v 0.635117 4.790308 -0.776736
v 0.820009 4.693638 -0.548014
v 1.047832 4.614369 -0.815179
v 1.183960 4.355266 -1.370749
v 1.364441 4.285130 -1.134956
v 1.333747 4.113246 -1.538199
v 1.510854 4.056533 -1.306808
v 1.645592 3.748293 -1.575185
v 1.521631 3.783888 -1.748917
v 1.466146 3.881147 -1.686694
v 1.609909 3.829923 -1.504099
v 1.632314 3.311275 -1.884299
v 1.723175 3.406013 -1.727502
v 0.391171 4.686294 -0.523982
v 0.301013 4.688096 -0.694899
v 0.031350 4.584204 -0.337249
v -0.009580 4.515428 -0.108767
v 0.667503 4.677934 -1.216935
v 0.469783 4.753098 -0.918744
v 0.959721 4.352560 -1.563748
v 1.114142 4.122388 -1.727269
v 1.356647 3.796690 -1.881004
v 1.296129 3.877958 -1.842637
v 1.487360 3.444324 -1.977780
v 0.422103 4.558541 -1.365017
v 0.286698 4.674069 -1.106404
v 0.713721 4.449743 -1.498085
v 0.757174 4.295701 -1.687133
v 0.859853 4.084239 -1.877999
v 1.156939 3.782990 -1.974225
v 1.116224 3.824739 -1.960748
v 1.265995 3.659894 -1.992054
v 0.082536 4.599597 -0.582301
v 0.203380 4.643124 -0.880394
v 1.676475 3.726393 -1.500518
v 1.736860 3.503481 -1.588546
v 1.703229 3.707150 -1.435524
v 1.732585 3.684842 -1.366240
v 1.737892 3.638135 -1.419490
v 1.639681 3.802708 -1.450647
v 1.507800 4.146301 -0.866793
v 1.580067 4.048218 -0.954588
v 1.463570 4.177691 -1.033834
v 1.129446 4.501473 -0.660666
v 1.259107 4.362424 -0.636885
v 1.007797 4.592039 -0.659334
v 0.889654 4.501592 -0.395436
v 1.071110 4.458285 -0.499707
v 0.587093 4.646985 -0.351892
v 0.676727 4.508188 -0.305807
v 0.209153 4.554417 -0.148257
v 0.502348 4.621369 -0.338637
v 0.466030 4.633989 -0.382504
v 0.442600 4.537897 -0.199621
v 0.595000 4.574681 -0.254762
v 0.813336 4.677195 -0.554369
v 0.634359 4.770593 -0.775982
v 0.873699 4.681695 -1.031384
v 1.037327 4.598201 -0.814394
v 1.174720 4.339958 -1.361842
v 1.352312 4.270673 -1.130376
v 1.323666 4.099273 -1.528229
v 1.498114 4.043331 -1.300336
v 1.631363 3.737944 -1.567372
v 1.593789 3.824068 -1.492064
v 1.445346 3.886129 -1.664823
v 1.510114 3.772680 -1.737529
v 1.619952 3.302660 -1.871977
v 1.711026 3.396478 -1.715518
v 0.473498 4.733841 -0.914301
v 0.317568 4.635274 -0.448090
v 0.173099 4.618927 -0.523252
v 0.666686 4.659978 -1.206956
v 0.954674 4.336955 -1.551533
v 1.107471 4.108451 -1.714084
v 1.348914 3.785031 -1.866526
v 1.277696 3.880428 -1.821555
v 1.476355 3.435593 -1.964060
v 0.288819 4.655139 -1.099137
v 0.423228 4.541383 -1.353624
v 0.618483 4.337130 -1.594279
v 0.712611 4.433743 -1.485090
v 0.754239 4.280335 -1.673782
v 0.770527 4.176161 -1.778590
v 1.151532 3.771348 -1.958513
v 1.111089 3.812155 -1.945593
v 1.111089 3.812155 -1.945593
v 1.259436 3.650234 -1.975722
v 0.294951 4.653121 -0.877255
v 0.088759 4.580948 -0.579879
v 0.208966 4.624231 -0.878500
v 1.721055 3.495686 -1.581608
v 1.661014 3.716764 -1.495160
v 1.722006 3.629635 -1.413745
v 1.716427 3.677187 -1.360217
v 1.688111 3.697417 -1.429181
v 1.624945 3.791546 -1.445910
v 1.449899 4.164694 -1.030451
v 1.566529 4.034996 -0.951646
v 1.494862 4.132324 -0.864819
v 1.423881 4.201205 -0.997038
v 1.117043 4.487143 -0.661678
v 1.246328 4.348489 -0.637992
v 0.997541 4.577141 -0.664460
v 0.671098 4.495293 -0.317802
v 0.585356 4.629914 -0.359633
v 0.881197 4.488630 -0.405629
v 0.466613 4.615379 -0.387034
v 0.438457 4.522655 -0.209491
v 0.210916 4.535271 -0.150730
v 0.454655 4.592686 -0.314037
v 1.711026 3.396478 -1.715518
v 1.619952 3.302660 -1.871977
v 1.632314 3.311275 -1.884299
v 1.723175 3.406013 -1.727502
v 0.032268 4.565045 -0.339930
v -0.007778 4.496313 -0.111364
v -0.009580 4.515428 -0.108767
v 0.031350 4.584204 -0.337249
v 1.619952 3.302660 -1.871977
v 1.476355 3.435593 -1.964060
v 1.487360 3.444324 -1.977780
v 1.632314 3.311275 -1.884299
v 0.423228 4.541383 -1.353624
v 0.288819 4.655139 -1.099137
v 0.286698 4.674069 -1.106404
v 0.422103 4.558541 -1.365017
v 0.712611 4.433743 -1.485090
v 0.618483 4.337130 -1.594279
v 0.618053 4.352790 -1.607731
v 0.713721 4.449743 -1.498085
v 0.618483 4.337130 -1.594279
v 0.618053 4.352790 -1.607731
v 0.754239 4.280335 -1.673782
v 0.712611 4.433743 -1.485090
v 0.713721 4.449743 -1.498085
v 0.757174 4.295701 -1.687133
v 0.855093 4.070377 -1.863757
v 0.770527 4.176161 -1.778590
v 0.773840 4.191057 -1.792339
v 0.859853 4.084239 -1.877999
v 1.062651 3.983576 -1.833631
v 1.002820 3.921371 -1.910979
v 1.008497 3.934064 -1.925792
v 1.068119 3.996342 -1.848505
v 1.002820 3.921371 -1.910979
v 1.008497 3.934064 -1.925792
v 1.151532 3.771348 -1.958513
v 1.111089 3.812155 -1.945593
v 1.116224 3.824739 -1.960748
v 1.156939 3.782990 -1.974225
v 1.068119 3.996342 -1.848505
v 1.068119 3.996342 -1.848505
v 1.111089 3.812155 -1.945593
v 1.111089 3.812155 -1.945593
v 1.111089 3.812155 -1.945593
v 1.062651 3.983576 -1.833631
v 1.259436 3.650234 -1.975722
v 1.265995 3.659894 -1.992054
v 0.294951 4.653121 -0.877255
v 0.288046 4.671499 -0.879640
v 0.088759 4.580948 -0.579879
v 0.082536 4.599597 -0.582301
v 0.208966 4.624231 -0.878500
v 0.203380 4.643124 -0.880394
v 0.294951 4.653121 -0.877255
v 0.208966 4.624231 -0.878500
v 0.203380 4.643124 -0.880394
v 0.288046 4.671499 -0.879640
v 1.721055 3.495686 -1.581608
v 1.736860 3.503481 -1.588546
v 1.661014 3.716764 -1.495160
v 1.676475 3.726393 -1.500518
v 1.716427 3.677187 -1.360217
v 1.722006 3.629635 -1.413745
v 1.737892 3.638135 -1.419490
v 1.732585 3.684842 -1.366240
v 1.722006 3.629635 -1.413745
v 1.688111 3.697417 -1.429181
v 1.703229 3.707150 -1.435524
v 1.737892 3.638135 -1.419490
v 1.724012 3.780613 -1.215037
v 1.737819 3.792365 -1.221675
v 1.624945 3.791546 -1.445910
v 1.639681 3.802708 -1.450647
v 1.624945 3.791546 -1.445910
v 1.639681 3.802708 -1.450647
v 1.613300 3.957361 -1.080343
v 1.626800 3.970364 -1.084731
v 1.494862 4.132324 -0.864819
v 1.566529 4.034996 -0.951646
v 1.580067 4.048218 -0.954588
v 1.507800 4.146301 -0.866793
v 1.566529 4.034996 -0.951646
v 1.449899 4.164694 -1.030451
v 1.463570 4.177691 -1.033834
v 1.580067 4.048218 -0.954588
v 1.449899 4.164694 -1.030451
v 1.463570 4.177691 -1.033834
v 1.246328 4.348489 -0.637992
v 1.259107 4.362424 -0.636885
v 1.117043 4.487143 -0.661678
v 1.129446 4.501473 -0.660666
v 0.997541 4.577141 -0.664460
v 1.007797 4.592039 -0.659334
v 0.881197 4.488630 -0.405629
v 1.062946 4.443328 -0.507393
v 1.071110 4.458285 -0.499707
v 0.889654 4.501592 -0.395436
v 1.062946 4.443328 -0.507393
v 0.997541 4.577141 -0.664460
v 1.007797 4.592039 -0.659334
v 1.071110 4.458285 -0.499707
v 0.671098 4.495293 -0.317802
v 0.676727 4.508188 -0.305807
v 0.585356 4.629914 -0.359633
v 0.671098 4.495293 -0.317802
v 0.676727 4.508188 -0.305807
v 0.587093 4.646985 -0.351892
v 0.466613 4.615379 -0.387034
v 0.466030 4.633989 -0.382504
v -0.007778 4.496313 -0.111364
v 0.210916 4.535271 -0.150730
v 0.209153 4.554417 -0.148257
v -0.009580 4.515428 -0.108767
v 0.500858 4.603578 -0.344999
v 0.466613 4.615379 -0.387034
v 0.466030 4.633989 -0.382504
v 0.502348 4.621369 -0.338637
v 0.438457 4.522655 -0.209491
v 0.442600 4.537897 -0.199621
v 0.589191 4.560376 -0.265079
v 0.595000 4.574681 -0.254762
v 0.589191 4.560376 -0.265079
v 0.595000 4.574681 -0.254762
v 0.452257 4.712328 -0.587274
v 0.352729 4.708008 -0.763492
v 0.288046 4.671499 -0.879640
v 0.618053 4.352790 -1.607731
v 1.626800 3.970364 -1.084731
v 0.773840 4.191057 -1.792339
v 1.068119 3.996342 -1.848505
v 1.737819 3.792365 -1.221675
v 1.008497 3.934064 -1.925792
v 0.500858 4.603578 -0.344999
v 0.589191 4.560376 -0.265079
v -0.007778 4.496313 -0.111364
v 0.032268 4.565045 -0.339930
v 1.062946 4.443328 -0.507393
v 1.613300 3.957361 -1.080343
v 1.724012 3.780613 -1.215037
v 0.855093 4.070377 -1.863757
v 1.002820 3.921371 -1.910979
v 1.062651 3.983576 -1.833631
v 0.918754 4.606941 0.133497
v 0.647252 4.676548 0.102533
v 0.612906 4.556739 0.286856
v 0.878844 4.498333 0.306765
v 1.291236 4.356593 0.129237
v 1.247429 4.255493 0.318087
v 1.486024 4.182085 0.113950
v 1.441450 4.091499 0.301280
v 1.695627 3.883117 0.226606
v 1.734084 3.944906 0.090219
v 1.660832 4.014949 0.097227
v 1.628304 3.938309 0.246382
v 1.922759 3.608093 0.025547
v 1.862098 3.645571 0.157066
v 0.406001 4.608292 0.036826
v 0.462532 4.641011 -0.083729
v 0.149755 4.564786 -0.124034
v 0.009703 4.496162 -0.071104
v 0.927783 4.640847 -0.068120
v 0.658297 4.688712 -0.058494
v 1.300241 4.407137 -0.081389
v 1.493353 4.239985 -0.090393
v 1.733141 3.991530 -0.058424
v 1.673303 4.053526 -0.066407
v 1.893264 3.733274 -0.076013
v 0.916707 4.606280 -0.293391
v 0.692792 4.678639 -0.254959
v 1.138796 4.503146 -0.187745
v 1.286373 4.408414 -0.260839
v 1.469241 4.264787 -0.308527
v 1.697731 4.019801 -0.217240
v 1.666185 4.053667 -0.229557
v 1.773237 3.919015 -0.179006
v 0.310822 4.595819 -0.186098
v 0.530055 4.643104 -0.222225
v 1.669825 3.854975 0.270644
v 1.776328 3.697656 0.235649
v 1.647327 3.830342 0.308867
v 1.623955 3.802713 0.349817
v 1.662830 3.774640 0.324509
v 1.614809 3.908875 0.280611
v 1.177232 4.107053 0.485759
v 1.272785 4.036929 0.478761
v 1.248499 4.154058 0.399284
v 0.842218 4.389526 0.397324
v 0.905374 4.269912 0.461523
v 0.774646 4.470714 0.339659
v 0.582231 4.393443 0.356285
v 0.729522 4.349016 0.417710
v 0.401555 4.534070 0.215272
v 0.433813 4.417717 0.264112
v 0.126206 4.497978 0.051679
v 0.358942 4.526108 0.165163
v 0.365912 4.544991 0.128308
v 0.263369 4.459552 0.169461
v 0.359057 4.470726 0.245849
v 0.615648 4.546650 0.277637
v 0.649029 4.662531 0.099094
v 0.914717 4.594374 0.128923
v 0.875745 4.488187 0.298065
v 1.283954 4.345973 0.124602
v 1.241190 4.246372 0.310164
v 1.477578 4.172418 0.109446
v 1.433711 4.083148 0.293935
v 1.686073 3.876866 0.219351
v 1.614900 3.935039 0.240386
v 1.638278 4.018940 0.094054
v 1.723819 3.937254 0.085864
v 1.911240 3.602302 0.021468
v 1.850994 3.639127 0.152841
v 0.659935 4.674002 -0.057743
v 0.335977 4.573750 0.013589
v 0.315604 4.590468 -0.105373
v 0.924045 4.627075 -0.067700
v 1.293008 4.395376 -0.082265
v 1.484617 4.229529 -0.091573
v 1.722883 3.982707 -0.059379
v 1.652606 4.055505 -0.068876
v 1.881581 3.727062 -0.078748
v 0.692061 4.664061 -0.253998
v 0.912937 4.592649 -0.291123
v 1.165204 4.446840 -0.301276
v 1.132947 4.490477 -0.186020
v 1.279418 4.396398 -0.259953
v 1.360130 4.331587 -0.308302
v 1.687822 4.010517 -0.216315
v 1.656843 4.043729 -0.228843
v 1.656843 4.043729 -0.228843
v 1.762205 3.911232 -0.178190
v 0.568427 4.637172 -0.164216
v 0.314675 4.581407 -0.184520
v 0.533958 4.628673 -0.221272
v 1.766227 3.693532 0.227529
v 1.661021 3.849672 0.261814
v 1.653453 3.770155 0.315764
v 1.614198 3.798837 0.341159
v 1.638126 3.824819 0.300611
v 1.606879 3.902434 0.271723
v 1.242061 4.146318 0.390212
v 1.266688 4.029076 0.469561
v 1.172054 4.098676 0.476415
v 1.206477 4.172218 0.393637
v 0.839044 4.381146 0.387080
v 0.902018 4.261892 0.451085
v 0.774854 4.462095 0.329016
v 0.439795 4.410647 0.253905
v 0.407399 4.523006 0.208372
v 0.585912 4.386506 0.345074
v 0.371177 4.532160 0.123807
v 0.269101 4.450368 0.160590
v 0.130905 4.484377 0.048592
v 0.327027 4.509573 0.141260
v 1.850994 3.639127 0.152841
v 1.911240 3.602302 0.021468
v 1.922759 3.608093 0.025547
v 1.862098 3.645571 0.157066
v 0.154185 4.551311 -0.127699
v 0.014489 4.482585 -0.074214
v 0.009703 4.496162 -0.071104
v 0.149755 4.564786 -0.124034
v 1.911240 3.602302 0.021468
v 1.881581 3.727062 -0.078748
v 1.893264 3.733274 -0.076013
v 1.922759 3.608093 0.025547
v 0.912937 4.592649 -0.291123
v 0.692061 4.664061 -0.253998
v 0.692792 4.678639 -0.254959
v 0.916707 4.606280 -0.293391
v 1.132947 4.490477 -0.186020
v 1.165204 4.446840 -0.301276
v 1.170658 4.459548 -0.304175
v 1.138796 4.503146 -0.187745
v 1.165204 4.446840 -0.301276
v 1.170658 4.459548 -0.304175
v 1.279418 4.396398 -0.259953
v 1.132947 4.490477 -0.186020
v 1.138796 4.503146 -0.187745
v 1.286373 4.408414 -0.260839
v 1.460754 4.253996 -0.308150
v 1.360130 4.331587 -0.308302
v 1.367542 4.343269 -0.309179
v 1.469241 4.264787 -0.308527
v 1.548774 4.160082 -0.185885
v 1.573903 4.132672 -0.262383
v 1.583302 4.142566 -0.262621
v 1.558086 4.170062 -0.186267
v 1.573903 4.132672 -0.262383
v 1.583302 4.142566 -0.262621
v 1.687822 4.010517 -0.216315
v 1.656843 4.043729 -0.228843
v 1.666185 4.053667 -0.229557
v 1.697731 4.019801 -0.217240
v 1.558086 4.170062 -0.186267
v 1.558086 4.170062 -0.186267
v 1.656843 4.043729 -0.228843
v 1.656843 4.043729 -0.228843
v 1.656843 4.043729 -0.228843
v 1.548774 4.160082 -0.185885
v 1.762205 3.911232 -0.178190
v 1.773237 3.919015 -0.179006
v 0.568427 4.637172 -0.164216
v 0.564277 4.651481 -0.166251
v 0.314675 4.581407 -0.184520
v 0.310822 4.595819 -0.186098
v 0.533958 4.628673 -0.221272
v 0.530055 4.643104 -0.222225
v 0.568427 4.637172 -0.164216
v 0.533958 4.628673 -0.221272
v 0.530055 4.643104 -0.222225
v 0.564277 4.651481 -0.166251
v 1.766227 3.693532 0.227529
v 1.776328 3.697656 0.235649
v 1.661021 3.849672 0.261814
v 1.669825 3.854975 0.270644
v 1.614198 3.798837 0.341159
v 1.653453 3.770155 0.315764
v 1.662830 3.774640 0.324509
v 1.623955 3.802713 0.349817
v 1.653453 3.770155 0.315764
v 1.638126 3.824819 0.300611
v 1.647327 3.830342 0.308867
v 1.662830 3.774640 0.324509
v 1.521342 3.855333 0.419481
v 1.529859 3.862513 0.427153
v 1.606879 3.902434 0.271723
v 1.614809 3.908875 0.280611
v 1.606879 3.902434 0.271723
v 1.614809 3.908875 0.280611
v 1.371407 3.981584 0.434681
v 1.378334 3.989454 0.443257
v 1.172054 4.098676 0.476415
v 1.266688 4.029076 0.469561
v 1.272785 4.036929 0.478761
v 1.177232 4.107053 0.485759
v 1.266688 4.029076 0.469561
v 1.242061 4.146318 0.390212
v 1.248499 4.154058 0.399284
v 1.272785 4.036929 0.478761
v 1.242061 4.146318 0.390212
v 1.248499 4.154058 0.399284
v 0.902018 4.261892 0.451085
v 0.905374 4.269912 0.461523
v 0.839044 4.381146 0.387080
v 0.842218 4.389526 0.397324
v 0.774854 4.462095 0.329016
v 0.774646 4.470714 0.339659
v 0.585912 4.386506 0.345074
v 0.732154 4.340352 0.407334
v 0.729522 4.349016 0.417710
v 0.582231 4.393443 0.356285
v 0.732154 4.340352 0.407334
v 0.774854 4.462095 0.329016
v 0.774646 4.470714 0.339659
v 0.729522 4.349016 0.417710
v 0.439795 4.410647 0.253905
v 0.433813 4.417717 0.264112
v 0.407399 4.523006 0.208372
v 0.439795 4.410647 0.253905
v 0.433813 4.417717 0.264112
v 0.401555 4.534070 0.215272
v 0.371177 4.532160 0.123807
v 0.365912 4.544991 0.128308
v 0.014489 4.482585 -0.074214
v 0.130905 4.484377 0.048592
v 0.126206 4.497978 0.051679
v 0.009703 4.496162 -0.071104
v 0.364203 4.514344 0.158830
v 0.371177 4.532160 0.123807
v 0.365912 4.544991 0.128308
v 0.358942 4.526108 0.165163
v 0.269101 4.450368 0.160590
v 0.263369 4.459552 0.169461
v 0.364167 4.462492 0.235952
v 0.359057 4.470726 0.245849
v 0.364167 4.462492 0.235952
v 0.359057 4.470726 0.245849
v 0.466414 4.625381 0.053285
v 0.522523 4.655626 -0.075989
v 0.564277 4.651481 -0.166251
v 1.170658 4.459548 -0.304175
v 1.378334 3.989454 0.443257
v 1.367542 4.343269 -0.309179
v 1.558086 4.170062 -0.186267
v 1.529859 3.862513 0.427153
v 1.583302 4.142566 -0.262621
v 0.364203 4.514344 0.158830
v 0.364167 4.462492 0.235952
v 0.014489 4.482585 -0.074214
v 0.154185 4.551311 -0.127699
v 0.732154 4.340352 0.407334
v 1.371407 3.981584 0.434681
v 1.521342 3.855333 0.419481
v 1.460754 4.253996 -0.308150
v 1.573903 4.132672 -0.262383
v 1.548774 4.160082 -0.185885
v 0.508665 4.229179 0.894558
v 0.379341 4.441484 0.676933
v 0.144013 4.379023 0.738860
v 0.283752 4.178578 0.948041
v 0.674092 3.779755 1.102157
v 0.434891 3.741457 1.166547
v 0.757136 3.500243 1.185194
v 0.522565 3.472231 1.251738
v 0.688164 3.116024 1.327437
v 0.861510 3.129083 1.282344
v 0.830687 3.238674 1.253654
v 0.644306 3.210373 1.307390
v 0.928242 2.687138 1.264799
v 0.779695 2.781358 1.324835
v 0.253351 4.497490 0.407960
v 0.413952 4.475353 0.378366
v 0.213644 4.568123 0.066747
v 0.046371 4.589479 -0.033919
v 0.712369 4.219571 0.767882
v 0.539314 4.417300 0.573393
v 0.891988 3.784566 0.975056
v 0.970728 3.514246 1.063988
v 1.014261 3.147099 1.190726
v 1.003404 3.238706 1.159104
v 1.046354 2.805581 1.213091
v 0.899995 4.150679 0.582486
v 0.739769 4.352048 0.454992
v 0.915453 3.947261 0.801849
v 1.048298 3.760304 0.833856
v 1.164125 3.511220 0.895016
v 1.146687 3.164660 1.056953
v 1.148851 3.212609 1.034821
v 1.126454 3.032504 1.109032
v 0.390116 4.497086 0.164014
v 0.587588 4.414217 0.333398
v 0.620275 3.111343 1.328103
v 0.668202 2.893836 1.331366
v 0.561217 3.107157 1.328530
v 0.497989 3.101058 1.329107
v 0.537438 3.047666 1.331988
v 0.593264 3.195798 1.310452
v 0.180609 3.668195 1.176699
v 0.226386 3.546122 1.223498
v 0.324823 3.657965 1.189104
v 0.137109 4.110646 0.944025
v 0.077977 3.971973 0.997999
v 0.173592 4.215893 0.877064
v 0.001457 4.251286 0.704279
v 0.028162 4.137937 0.852309
v 0.059722 4.461338 0.506686
v -0.004888 4.340140 0.525579
v 0.012342 4.549225 0.150684
v 0.074368 4.468067 0.432706
v 0.119696 4.475605 0.418537
v -0.017511 4.457717 0.333631
v -0.019512 4.429465 0.471046
v 0.150754 4.366061 0.730683
v 0.378723 4.426336 0.670731
v 0.505699 4.218436 0.883324
v 0.286063 4.168889 0.935463
v 0.669694 3.772701 1.088966
v 0.434758 3.734652 1.152367
v 0.752180 3.494767 1.171503
v 0.521136 3.467110 1.237038
v 0.686178 3.113968 1.312098
v 0.639636 3.213568 1.290934
v 0.819874 3.254477 1.234490
v 0.855899 3.126589 1.268028
v 0.922182 2.687200 1.250347
v 0.773830 2.780544 1.310373
v 0.534503 4.402319 0.569872
v 0.215379 4.498765 0.321441
v 0.317117 4.504210 0.224592
v 0.704582 4.208435 0.760077
v 0.883759 3.777073 0.964207
v 0.962238 3.508787 1.052184
v 1.005112 3.144089 1.178454
v 0.992467 3.251675 1.141206
v 1.038808 2.805577 1.199325
v 0.733212 4.338558 0.449735
v 0.890534 4.140027 0.576047
v 1.017702 3.857230 0.720103
v 0.905421 3.938601 0.793684
v 1.038539 3.752736 0.824419
v 1.114283 3.636372 0.831054
v 1.135878 3.161384 1.046156
v 1.138375 3.208346 1.024096
v 1.138375 3.208346 1.024096
v 1.115515 3.031274 1.097792
v 0.557870 4.397916 0.404558
v 0.386114 4.481324 0.162992
v 0.584200 4.398309 0.331947
v 0.667403 2.893977 1.315737
v 0.620589 3.109497 1.312575
v 0.537588 3.046920 1.316357
v 0.498017 3.101132 1.313463
v 0.560658 3.105397 1.313004
v 0.593814 3.192353 1.295179
v 0.326102 3.652385 1.174423
v 0.227961 3.540212 1.208958
v 0.182743 3.661260 1.162611
v 0.308229 3.697795 1.157509
v 0.141426 4.102426 0.930917
v 0.082487 3.964154 0.984736
v 0.180474 4.205485 0.866335
v 0.006022 4.328108 0.520416
v 0.066080 4.446146 0.502352
v 0.011773 4.240492 0.696573
v 0.122816 4.459453 0.414823
v -0.008740 4.444027 0.328462
v 0.013500 4.532920 0.147246
v 0.069036 4.465415 0.383310
v 0.773830 2.780544 1.310373
v 0.922182 2.687200 1.250347
v 0.928242 2.687138 1.264799
v 0.779695 2.781358 1.324835
v 0.215213 4.551980 0.062718
v 0.047624 4.573157 -0.037277
v 0.046371 4.589479 -0.033919
v 0.213644 4.568123 0.066747
v 0.922182 2.687200 1.250347
v 1.038808 2.805577 1.199325
v 1.046354 2.805581 1.213091
v 0.928242 2.687138 1.264799
v 0.890534 4.140027 0.576047
v 0.733212 4.338558 0.449735
v 0.739769 4.352048 0.454992
v 0.899995 4.150679 0.582486
v 0.905421 3.938601 0.793684
v 1.017702 3.857230 0.720103
v 1.028541 3.865926 0.727116
v 0.915453 3.947261 0.801849
v 1.017702 3.857230 0.720103
v 1.028541 3.865926 0.727116
v 1.038539 3.752736 0.824419
v 0.905421 3.938601 0.793684
v 0.915453 3.947261 0.801849
v 1.048298 3.760304 0.833856
v 1.154229 3.505585 0.884429
v 1.114283 3.636372 0.831054
v 1.124236 3.643355 0.840742
v 1.164125 3.511220 0.895016
v 1.067506 3.388653 1.010257
v 1.145081 3.334072 0.965024
v 1.155130 3.338360 0.976124
v 1.077669 3.393046 1.021214
v 1.145081 3.334072 0.965024
v 1.155130 3.338360 0.976124
v 1.135878 3.161384 1.046156
v 1.138375 3.208346 1.024096
v 1.148851 3.212609 1.034821
v 1.146687 3.164660 1.056953
v 1.077669 3.393046 1.021214
v 1.077669 3.393046 1.021214
v 1.138375 3.208346 1.024096
v 1.138375 3.208346 1.024096
v 1.138375 3.208346 1.024096
v 1.067506 3.388653 1.010257
v 1.115515 3.031274 1.097792
v 1.126454 3.032504 1.109032
v 0.557870 4.397916 0.404558
v 0.562041 4.413657 0.404971
v 0.386114 4.481324 0.162992
v 0.390116 4.497086 0.164014
v 0.584200 4.398309 0.331947
v 0.587588 4.414217 0.333398
v 0.557870 4.397916 0.404558
v 0.584200 4.398309 0.331947
v 0.587588 4.414217 0.333398
v 0.562041 4.413657 0.404971
v 0.667403 2.893977 1.315737
v 0.668202 2.893836 1.331366
v 0.620589 3.109497 1.312575
v 0.620275 3.111343 1.328103
v 0.498017 3.101132 1.313463
v 0.537588 3.046920 1.316357
v 0.537438 3.047666 1.331988
v 0.497989 3.101058 1.329107
v 0.537588 3.046920 1.316357
v 0.560658 3.105397 1.313004
v 0.561217 3.107157 1.328530
v 0.537438 3.047666 1.331988
v 0.383568 3.221741 1.315672
v 0.384769 3.225376 1.330805
v 0.593814 3.192353 1.295179
v 0.593264 3.195798 1.310452
v 0.593814 3.192353 1.295179
v 0.593264 3.195798 1.310452
v 0.313613 3.429737 1.251274
v 0.313167 3.435069 1.266037
v 0.182743 3.661260 1.162611
v 0.227961 3.540212 1.208958
v 0.226386 3.546122 1.223498
v 0.180609 3.668195 1.176699
v 0.227961 3.540212 1.208958
v 0.326102 3.652385 1.174423
v 0.324823 3.657965 1.189104
v 0.226386 3.546122 1.223498
v 0.326102 3.652385 1.174423
v 0.324823 3.657965 1.189104
v 0.082487 3.964154 0.984736
v 0.077977 3.971973 0.997999
v 0.141426 4.102426 0.930917
v 0.137109 4.110646 0.944025
v 0.180474 4.205485 0.866335
v 0.173592 4.215893 0.877064
v 0.011773 4.240492 0.696573
v 0.036420 4.126189 0.843720
v 0.028162 4.137937 0.852309
v 0.001457 4.251286 0.704279
v 0.036420 4.126189 0.843720
v 0.180474 4.205485 0.866335
v 0.173592 4.215893 0.877064
v 0.028162 4.137937 0.852309
v 0.006022 4.328108 0.520416
v -0.004888 4.340140 0.525579
v 0.066080 4.446146 0.502352
v 0.006022 4.328108 0.520416
v -0.004888 4.340140 0.525579
v 0.059722 4.461338 0.506686
v 0.122816 4.459453 0.414823
v 0.119696 4.475605 0.418537
v 0.047624 4.573157 -0.037277
v 0.013500 4.532920 0.147246
v 0.012342 4.549225 0.150684
v 0.046371 4.589479 -0.033919
v 0.079564 4.452610 0.428044
v 0.122816 4.459453 0.414823
v 0.119696 4.475605 0.418537
v 0.074368 4.468067 0.432706
v -0.008740 4.444027 0.328462
v -0.017511 4.457717 0.333631
v -0.009884 4.416848 0.464975
v -0.019512 4.429465 0.471046
v -0.009884 4.416848 0.464975
v -0.019512 4.429465 0.471046
v 0.284890 4.483474 0.475305
v 0.452362 4.457567 0.438128
v 0.562041 4.413657 0.404971
v 1.028541 3.865926 0.727116
v 0.313167 3.435069 1.266037
v 1.124236 3.643355 0.840742
v 1.077669 3.393046 1.021214
v 0.384769 3.225376 1.330805
v 1.155130 3.338360 0.976124
v 0.079564 4.452610 0.428044
v -0.009884 4.416848 0.464975
v 0.047624 4.573157 -0.037277
v 0.215213 4.551980 0.062718
v 0.036420 4.126189 0.843720
v 0.313613 3.429737 1.251274
v 0.383568 3.221741 1.315672
v 1.154229 3.505585 0.884429
v 1.145081 3.334072 0.965024
v 1.067506 3.388653 1.010257
v -0.515938 4.671731 0.662705
v -0.361520 4.729153 0.446007
v -0.521136 4.672807 0.321220
v -0.661905 4.622650 0.539138
v -0.722124 4.428411 0.964356
v -0.877480 4.391605 0.831251
v -0.828438 4.254892 1.123307
v -0.980058 4.227750 0.991325
v -1.070476 4.002367 1.225118
v -0.963478 4.018119 1.326027
v -0.923598 4.088038 1.266154
v -1.046529 4.062067 1.163198
v -1.060959 3.672009 1.484381
v -1.133988 3.750553 1.376689
v -0.220460 4.642275 0.256659
v -0.139971 4.635030 0.363277
v 0.009145 4.548689 0.099110
v 0.011292 4.499547 -0.054401
v -0.349481 4.639588 0.763902
v -0.233296 4.689067 0.528615
v -0.544904 4.409438 1.071321
v -0.654079 4.245037 1.226768
v -0.833041 4.015298 1.396262
v -0.788384 4.072623 1.353976
v -0.940233 3.760205 1.516980
v -0.169609 4.533730 0.850745
v -0.090945 4.616102 0.645176
v -0.370538 4.468010 0.987380
v -0.393495 4.352934 1.139136
v -0.462115 4.198809 1.305326
v -0.683618 3.991509 1.438906
v -0.653257 4.020254 1.420338
v -0.767467 3.906469 1.477355
v -0.002292 4.558555 0.271136
v -0.055983 4.592432 0.484279
v -1.101047 3.989392 1.179935
v -1.150486 3.826179 1.272118
v -1.127601 3.977931 1.140602
v -1.156606 3.964447 1.098997
v -1.158397 3.929167 1.141317
v -1.074638 4.044664 1.133026
v -1.014386 4.302310 0.679425
v -1.063740 4.232295 0.758817
v -0.964764 4.319800 0.785309
v -0.742336 4.546772 0.455229
v -0.845896 4.451911 0.469314
v -0.650181 4.606637 0.430295
v -0.598303 4.537520 0.246138
v -0.719589 4.514293 0.343136
v -0.378465 4.628029 0.165501
v -0.455835 4.531395 0.159696
v -0.137026 4.540741 -0.006767
v -0.321523 4.604248 0.149616
v -0.290708 4.610617 0.174124
v -0.298408 4.541447 0.056917
v -0.398406 4.576742 0.107956
v -0.516920 4.660110 0.326652
v -0.362402 4.714508 0.447614
v -0.513130 4.658131 0.659861
v -0.655654 4.610069 0.539224
v -0.717486 4.416683 0.958917
v -0.870327 4.380252 0.828353
v -0.823225 4.244110 1.116882
v -0.972576 4.217317 0.986909
v -1.061851 3.994005 1.219300
v -1.036677 4.056984 1.153769
v -0.910652 4.090896 1.248242
v -0.957205 4.009330 1.318171
v -1.053990 3.665119 1.475481
v -1.127199 3.742983 1.368165
v -0.237670 4.675112 0.528157
v -0.179187 4.601498 0.201987
v -0.070790 4.579369 0.238839
v -0.351096 4.626421 0.758993
v -0.543584 4.397807 1.064122
v -0.651587 4.234563 1.218537
v -0.829767 4.006479 1.386773
v -0.777210 4.073764 1.337158
v -0.934373 3.753341 1.507308
v -0.094439 4.602339 0.642552
v -0.172689 4.521305 0.845002
v -0.301501 4.377108 1.055050
v -0.372095 4.456343 0.980149
v -0.393762 4.341621 1.131373
v -0.402249 4.263453 1.216718
v -0.682109 3.982852 1.428828
v -0.651941 4.010919 1.410780
v -0.651941 4.010919 1.410780
v -0.765075 3.899219 1.466494
v -0.120410 4.605350 0.491454
v -0.008209 4.545150 0.272266
v -0.061397 4.578811 0.485738
v -1.140505 3.819584 1.266437
v -1.091288 3.981436 1.175584
v -1.148295 3.922032 1.136515
v -1.146271 3.957932 1.093873
v -1.118173 3.969936 1.135629
v -1.065435 4.035600 1.129345
v -0.956312 4.309413 0.782888
v -1.055339 4.221745 0.756732
v -1.006383 4.291212 0.678163
v -0.938642 4.335542 0.752940
v -0.734443 4.535398 0.456123
v -0.837697 4.440816 0.470173
v -0.643447 4.594896 0.434304
v -0.451570 4.521282 0.168726
v -0.377649 4.615132 0.172526
v -0.592230 4.527216 0.253611
v -0.291961 4.596785 0.179377
v -0.295551 4.529714 0.064923
v -0.139337 4.526606 -0.002721
v -0.292105 4.580621 0.130545
v -1.127199 3.742983 1.368165
v -1.053990 3.665119 1.475481
v -1.060959 3.672009 1.484381
v -1.133988 3.750553 1.376689
v 0.007451 4.534489 0.103206
v 0.008959 4.485447 -0.050265
v 0.011292 4.499547 -0.054401
v 0.009145 4.548689 0.099110
v -1.053990 3.665119 1.475481
v -0.934373 3.753341 1.507308
v -0.940233 3.760205 1.516980
v -1.060959 3.672009 1.484381
v -0.172689 4.521305 0.845002
v -0.094439 4.602339 0.642552
v -0.090945 4.616102 0.645176
v -0.169609 4.533730 0.850745
v -0.372095 4.456343 0.980149
v -0.301501 4.377108 1.055050
v -0.298829 4.388429 1.062466
v -0.370538 4.468010 0.987380
v -0.301501 4.377108 1.055050
v -0.298829 4.388429 1.062466
v -0.393762 4.341621 1.131373
v -0.372095 4.456343 0.980149
v -0.370538 4.468010 0.987380
v -0.393495 4.352934 1.139136
v -0.461069 4.188519 1.296570
v -0.402249 4.263453 1.216718
v -0.402239 4.274418 1.224843
v -0.462115 4.198809 1.305326
v -0.616811 4.137134 1.309335
v -0.571207 4.086036 1.362480
v -0.572936 4.095503 1.371864
v -0.618361 4.146647 1.318718
v -0.571207 4.086036 1.362480
v -0.572936 4.095503 1.371864
v -0.682109 3.982852 1.428828
v -0.651941 4.010919 1.410780
v -0.653257 4.020254 1.420338
v -0.683618 3.991509 1.438906
v -0.618361 4.146647 1.318718
v -0.618361 4.146647 1.318718
v -0.651941 4.010919 1.410780
v -0.651941 4.010919 1.410780
v -0.651941 4.010919 1.410780
v -0.616811 4.137134 1.309335
v -0.765075 3.899219 1.466494
v -0.767467 3.906469 1.477355
v -0.120410 4.605350 0.491454
v -0.114028 4.618507 0.490236
v -0.008209 4.545150 0.272266
v -0.002292 4.558555 0.271136
v -0.061397 4.578811 0.485738
v -0.055983 4.592432 0.484279
v -0.120410 4.605350 0.491454
v -0.061397 4.578811 0.485738
v -0.055983 4.592432 0.484279
v -0.114028 4.618507 0.490236
v -1.140505 3.819584 1.266437
v -1.150486 3.826179 1.272118
v -1.091288 3.981436 1.175584
v -1.101047 3.989392 1.179935
v -1.146271 3.957932 1.093873
v -1.148295 3.922032 1.136515
v -1.158397 3.929167 1.141317
v -1.156606 3.964447 1.098997
v -1.148295 3.922032 1.136515
v -1.118173 3.969936 1.135629
v -1.127601 3.977931 1.140602
v -1.158397 3.929167 1.141317
v -1.158649 4.037735 0.983685
v -1.166981 4.047126 0.988477
v -1.065435 4.035600 1.129345
v -1.074638 4.044664 1.133026
v -1.065435 4.035600 1.129345
v -1.074638 4.044664 1.133026
v -1.081276 4.164598 0.858950
v -1.089513 4.174960 0.862033
v -1.006383 4.291212 0.678163
v -1.055339 4.221745 0.756732
v -1.063740 4.232295 0.758817
v -1.014386 4.302310 0.679425
v -1.055339 4.221745 0.756732
v -0.956312 4.309413 0.782888
v -0.964764 4.319800 0.785309
v -1.063740 4.232295 0.758817
v -0.956312 4.309413 0.782888
v -0.964764 4.319800 0.785309
v -0.837697 4.440816 0.470173
v -0.845896 4.451911 0.469314
v -0.734443 4.535398 0.456123
v -0.742336 4.546772 0.455229
v -0.643447 4.594896 0.434304
v -0.650181 4.606637 0.430295
v -0.592230 4.527216 0.253611
v -0.714090 4.502585 0.349149
v -0.719589 4.514293 0.343136
v -0.598303 4.537520 0.246138
v -0.714090 4.502585 0.349149
v -0.643447 4.594896 0.434304
v -0.650181 4.606637 0.430295
v -0.719589 4.514293 0.343136
v -0.451570 4.521282 0.168726
v -0.455835 4.531395 0.159696
v -0.377649 4.615132 0.172526
v -0.451570 4.521282 0.168726
v -0.455835 4.531395 0.159696
v -0.378465 4.628029 0.165501
v -0.291961 4.596785 0.179377
v -0.290708 4.610617 0.174124
v 0.008959 4.485447 -0.050265
v -0.139337 4.526606 -0.002721
v -0.137026 4.540741 -0.006767
v 0.011292 4.499547 -0.054401
v -0.321062 4.590854 0.155802
v -0.291961 4.596785 0.179377
v -0.290708 4.610617 0.174124
v -0.321523 4.604248 0.149616
v -0.295551 4.529714 0.064923
v -0.298408 4.541447 0.056917
v -0.394271 4.565614 0.115959
v -0.398406 4.576742 0.107956
v -0.394271 4.565614 0.115959
v -0.398406 4.576742 0.107956
v -0.255781 4.664028 0.304071
v -0.168575 4.651594 0.413950
v -0.114028 4.618507 0.490236
v -0.298829 4.388429 1.062466
v -1.089513 4.174960 0.862033
v -0.402239 4.274418 1.224843
v -0.618361 4.146647 1.318718
v -1.166981 4.047126 0.988477
v -0.572936 4.095503 1.371864
v -0.321062 4.590854 0.155802
v -0.394271 4.565614 0.115959
v 0.008959 4.485447 -0.050265
v 0.007451 4.534489 0.103206
v -0.714090 4.502585 0.349149
v -1.081276 4.164598 0.858950
v -1.158649 4.037735 0.983685
v -0.461069 4.188519 1.296570
v -0.571207 4.086036 1.362480
v -0.616811 4.137134 1.309335
v -0.307465 4.147586 0.134811
v -0.315063 4.319851 0.122403
v -0.241681 4.300494 0.110647
v -0.183013 4.244105 0.116576
v -0.154791 4.165759 0.138590
v -0.164561 4.086496 0.170802
v -0.209721 4.027508 0.204573
v -0.278161 4.004634 0.230855
v -0.351543 4.023993 0.242612
v -0.410210 4.080407 0.236690
v -0.438450 4.158727 0.214673
v -0.428661 4.238015 0.182464
v -0.383503 4.296978 0.148686
v -0.315063 4.319851 0.122403
v -0.298915 4.475276 0.196973
v -0.171807 4.441762 0.176621
v -0.241681 4.300494 0.110647
v -0.070186 4.344057 0.186873
v -0.183013 4.244105 0.116576
v -0.021307 4.208380 0.225012
v -0.154791 4.165759 0.138590
v -0.038226 4.071072 0.280799
v -0.164561 4.086496 0.170802
v -0.116453 3.968936 0.339298
v -0.209721 4.027508 0.204573
v -0.234995 3.929306 0.384826
v -0.278161 4.004634 0.230855
v -0.362102 3.962846 0.405186
v -0.351543 4.023993 0.242612
v -0.351543 4.023993 0.242612
v -0.362102 3.962846 0.405186
v -0.463725 4.060524 0.394926
v -0.410210 4.080407 0.236690
v -0.512621 4.196201 0.356791
v -0.438450 4.158727 0.214673
v -0.495684 4.333510 0.300999
v -0.428661 4.238015 0.182464
v -0.417456 4.435672 0.242509
v -0.383503 4.296978 0.148686
v -0.263348 4.572214 0.338536
v -0.116580 4.533505 0.315038
v 0.000755 4.420702 0.326891
v 0.057218 4.264035 0.370921
v 0.037658 4.105484 0.435342
v -0.052660 3.987534 0.502891
v -0.189539 3.941786 0.555455
v -0.336324 3.980495 0.578958
v -0.336324 3.980495 0.578958
v -0.453656 4.093306 0.567122
v -0.510103 4.249972 0.523087
v -0.490558 4.408523 0.458670
v -0.400240 4.526473 0.391121
v -0.217892 4.584694 0.509166
v -0.090785 4.551154 0.488806
v 0.010838 4.453476 0.499066
v 0.059716 4.317798 0.537205
v 0.042797 4.180490 0.592992
v -0.035427 4.078335 0.651499
v -0.153972 4.038723 0.697019
v -0.281076 4.072246 0.717387
v -0.281076 4.072246 0.717387
v -0.382701 4.169942 0.707119
v -0.431597 4.305619 0.668984
v -0.414661 4.442928 0.613192
v -0.336434 4.545064 0.554694
v -0.174726 4.509366 0.663137
v -0.101345 4.490008 0.651379
v -0.042677 4.433593 0.657302
v -0.014454 4.355273 0.679323
v -0.024226 4.275984 0.711528
v -0.069385 4.217022 0.745306
v -0.137824 4.194148 0.771588
v -0.211206 4.213507 0.783345
v -0.211206 4.213507 0.783345
v -0.269875 4.269896 0.777415
v -0.298114 4.348241 0.755406
v -0.288326 4.427504 0.723190
v -0.243166 4.486492 0.689419
v -0.145422 4.366414 0.759181
v -0.101345 4.490008 0.651379
v -0.174726 4.509366 0.663137
v -0.042677 4.433593 0.657302
v -0.014454 4.355273 0.679323
v -0.024226 4.275984 0.711528
v -0.069385 4.217022 0.745306
v -0.137824 4.194148 0.771588
v -0.211206 4.213507 0.783345
v -0.269875 4.269896 0.777415
v -0.298114 4.348241 0.755406
v -0.288326 4.427504 0.723190
v -0.243166 4.486492 0.689419
v -0.688748 4.458757 -1.281423
v -0.518358 4.601527 -0.972810
v -0.257774 4.544402 -1.091289
v -0.439190 4.411942 -1.385358
v -0.890780 4.055789 -1.631226
v -0.626942 4.025726 -1.747351
v -0.987424 3.786815 -1.793536
v -0.729484 3.769003 -1.909302
v -0.916269 3.418041 -2.071980
v -1.107197 3.424398 -1.993363
v -1.071824 3.531421 -1.934362
v -0.866797 3.510998 -2.028898
v -1.165717 2.939800 -2.071584
v -1.008645 3.057232 -2.139982
v -0.339325 4.554848 -0.637797
v -0.516773 4.528039 -0.588481
v -0.248565 4.501482 -0.199594
v -0.045177 4.478170 -0.087440
v -0.901900 4.411379 -1.103250
v -0.684637 4.544642 -0.831865
v -1.120468 4.024686 -1.447436
v -1.213358 3.767727 -1.615350
v -1.268351 3.417610 -1.857823
v -1.254632 3.504975 -1.797319
v -1.296516 3.055605 -1.965212
v -1.086555 4.276470 -0.868060
v -0.893394 4.439561 -0.677890
v -1.128166 4.138091 -1.189317
v -1.277267 3.953380 -1.259971
v -1.409070 3.711069 -1.383976
v -1.400471 3.393421 -1.672090
v -1.401423 3.437447 -1.632589
v -1.380397 3.267938 -1.771402
v -0.460275 4.469891 -0.318576
v -0.705554 4.453624 -0.528025
v -0.839123 3.409628 -2.081462
v -0.886726 3.176390 -2.133126
v -0.771971 3.402132 -2.089568
v -0.700059 3.392384 -2.098788
v -0.743480 3.337362 -2.110973
v -0.808779 3.493588 -2.041908
v -0.337184 3.936389 -1.805988
v -0.391680 3.823373 -1.888963
v -0.502353 3.937460 -1.807961
v -0.269837 4.328729 -1.413117
v -0.205665 4.194832 -1.520694
v -0.305361 4.420151 -1.299990
v -0.086771 4.384764 -1.095045
v -0.134146 4.318287 -1.304212
v -0.132140 4.542401 -0.791125
v -0.057394 4.414075 -0.851322
v -0.031169 4.501891 -0.331167
v -0.138581 4.522708 -0.695639
v -0.188309 4.527973 -0.671120
v -0.019980 4.469380 -0.584817
v -0.036109 4.490136 -0.763238
v -0.263852 4.527567 -1.083497
v -0.516288 4.582650 -0.968817
v -0.683444 4.442691 -1.270370
v -0.439724 4.396786 -1.371764
v -0.883695 4.042915 -1.616982
v -0.624569 4.012973 -1.731333
v -0.979667 3.775449 -1.778346
v -0.725629 3.757822 -1.892373
v -0.911796 3.409929 -2.053581
v -0.859281 3.508037 -2.008113
v -1.057365 3.540864 -1.907818
v -1.098723 3.416007 -1.976740
v -1.156804 2.934107 -2.054211
v -0.999929 3.050590 -2.122797
v -0.678173 4.526747 -0.831644
v -0.284064 4.521734 -0.533815
v -0.386142 4.496591 -0.400466
v -0.891591 4.395897 -1.097096
v -1.109343 4.012014 -1.436654
v -1.201864 3.756882 -1.602886
v -1.256134 3.409246 -1.844266
v -1.240117 3.511788 -1.773061
v -1.286019 3.050021 -1.948885
v -0.884766 4.422546 -0.675331
v -1.074549 4.261952 -0.863678
v -1.229751 4.014640 -1.097955
v -1.115349 4.125065 -1.182360
v -1.264610 3.941076 -1.251126
v -1.347651 3.820776 -1.279318
v -1.386559 3.385221 -1.660623
v -1.387875 3.428232 -1.621421
v -1.387874 3.428233 -1.621421
v -1.366368 3.261801 -1.758897
v -0.681304 4.461048 -0.624007
v -0.455063 4.452133 -0.321594
v -0.700985 4.435566 -0.530472
v -0.883632 3.170621 -2.113707
v -0.837221 3.401793 -2.062535
v -0.741427 3.330687 -2.091660
v -0.697881 3.386587 -2.079255
v -0.769094 3.394356 -2.070707
v -0.807152 3.484120 -2.023648
v -0.501546 3.925942 -1.790884
v -0.391226 3.811557 -1.872101
v -0.337406 3.923644 -1.789883
v -0.480384 3.968119 -1.760724
v -0.272627 4.315082 -1.398291
v -0.208658 4.181570 -1.505558
v -0.311312 4.405143 -1.288377
v -0.068654 4.399593 -0.846625
v -0.138240 4.524561 -0.788731
v -0.097048 4.370634 -1.086907
v -0.190795 4.509142 -0.670063
v -0.028742 4.452982 -0.580728
v -0.031471 4.482885 -0.330708
v -0.125494 4.500964 -0.635286
v -0.999929 3.050590 -2.122797
v -1.156804 2.934107 -2.054211
v -1.165717 2.939800 -2.071584
v -1.008645 3.057232 -2.139982
v -0.249247 4.482471 -0.198336
v -0.045592 4.459168 -0.087080
v -0.045177 4.478170 -0.087440
v -0.248565 4.501482 -0.199594
v -1.156804 2.934107 -2.054211
v -1.286019 3.050021 -1.948885
v -1.296516 3.055605 -1.965212
v -1.165717 2.939800 -2.071584
v -1.074549 4.261952 -0.863678
v -0.884766 4.422546 -0.675331
v -0.893394 4.439561 -0.677890
v -1.086555 4.276470 -0.868060
v -1.115349 4.125065 -1.182360
v -1.229751 4.014640 -1.097955
v -1.243356 4.027320 -1.103387
v -1.128166 4.138091 -1.189317
v -1.229751 4.014640 -1.097955
v -1.243356 4.027320 -1.103387
v -1.264610 3.941076 -1.251126
v -1.115349 4.125065 -1.182360
v -1.128166 4.138091 -1.189317
v -1.277267 3.953380 -1.259971
v -1.396162 3.700435 -1.373237
v -1.347651 3.820776 -1.279318
v -1.360556 3.832542 -1.288583
v -1.409070 3.711069 -1.383976
v -1.311486 3.615768 -1.568168
v -1.391380 3.543364 -1.516441
v -1.404498 3.552734 -1.528125
v -1.324717 3.625207 -1.579647
v -1.391380 3.543364 -1.516441
v -1.404498 3.552734 -1.528125
v -1.386559 3.385221 -1.660623
v -1.387875 3.428232 -1.621421
v -1.401423 3.437447 -1.632589
v -1.400471 3.393421 -1.672090
v -1.324717 3.625207 -1.579647
v -1.324717 3.625207 -1.579647
v -1.387875 3.428232 -1.621421
v -1.387874 3.428233 -1.621421
v -1.387874 3.428233 -1.621421
v -1.311486 3.615768 -1.568168
v -1.366368 3.261801 -1.758897
v -1.380397 3.267938 -1.771402
v -0.681304 4.461048 -0.624007
v -0.686618 4.478571 -0.620238
v -0.455063 4.452133 -0.321594
v -0.460275 4.469891 -0.318576
v -0.700985 4.435566 -0.530472
v -0.705554 4.453624 -0.528025
v -0.681304 4.461048 -0.624007
v -0.700985 4.435566 -0.530472
v -0.705554 4.453624 -0.528025
v -0.686618 4.478571 -0.620238
v -0.883632 3.170621 -2.113707
v -0.886726 3.176390 -2.133126
v -0.837221 3.401793 -2.062535
v -0.839123 3.409628 -2.081462
v -0.697881 3.386587 -2.079255
v -0.741427 3.330687 -2.091660
v -0.743480 3.337362 -2.110973
v -0.700059 3.392384 -2.098788
v -0.741427 3.330687 -2.091660
v -0.769094 3.394356 -2.070707
v -0.771971 3.402132 -2.089568
v -0.743480 3.337362 -2.110973
v -0.572268 3.512831 -2.065351
v -0.575901 3.522537 -2.083210
v -0.807152 3.484120 -2.023648
v -0.808779 3.493588 -2.041908
v -0.807152 3.484120 -2.023648
v -0.808779 3.493588 -2.041908
v -0.490733 3.711580 -1.942229
v -0.492485 3.722914 -1.959381
v -0.337406 3.923644 -1.789883
v -0.391226 3.811557 -1.872101
v -0.391680 3.823373 -1.888963
v -0.337184 3.936389 -1.805988
v -0.391226 3.811557 -1.872101
v -0.501546 3.925942 -1.790884
v -0.502353 3.937460 -1.807961
v -0.391680 3.823373 -1.888963
v -0.501546 3.925942 -1.790884
v -0.502353 3.937460 -1.807961
v -0.208658 4.181570 -1.505558
v -0.205665 4.194832 -1.520694
v -0.272627 4.315082 -1.398291
v -0.269837 4.328729 -1.413117
v -0.311312 4.405143 -1.288377
v -0.305361 4.420151 -1.299990
v -0.097048 4.370634 -1.086907
v -0.141915 4.302690 -1.295437
v -0.134146 4.318287 -1.304212
v -0.086771 4.384764 -1.095045
v -0.141915 4.302690 -1.295437
v -0.311312 4.405143 -1.288377
v -0.305361 4.420151 -1.299990
v -0.134146 4.318287 -1.304212
v -0.068654 4.399593 -0.846625
v -0.057394 4.414075 -0.851322
v -0.138240 4.524561 -0.788731
v -0.068654 4.399593 -0.846625
v -0.057394 4.414075 -0.851322
v -0.132140 4.542401 -0.791125
v -0.190795 4.509142 -0.670063
v -0.188309 4.527973 -0.671120
v -0.045592 4.459168 -0.087080
v -0.031471 4.482885 -0.330708
v -0.031169 4.501891 -0.331167
v -0.045177 4.478170 -0.087440
v -0.143304 4.504398 -0.693015
v -0.190795 4.509142 -0.670063
v -0.188309 4.527973 -0.671120
v -0.138581 4.522708 -0.695639
v -0.028742 4.452982 -0.580728
v -0.019980 4.469380 -0.584817
v -0.045753 4.474622 -0.757677
v -0.036109 4.490136 -0.763238
v -0.045753 4.474622 -0.757677
v -0.036109 4.490136 -0.763238
v -0.384148 4.566527 -0.721674
v -0.568221 4.533123 -0.663053
v -0.686618 4.478571 -0.620238
v -1.243356 4.027320 -1.103387
v -0.492485 3.722914 -1.959381
v -1.360556 3.832542 -1.288583
v -1.324717 3.625207 -1.579647
v -0.575901 3.522537 -2.083210
v -1.404498 3.552734 -1.528125
v -0.143304 4.504398 -0.693015
v -0.045753 4.474622 -0.757677
v -0.045592 4.459168 -0.087080
v -0.249247 4.482471 -0.198336
v -0.141915 4.302690 -1.295437
v -0.490733 3.711580 -1.942229
v -0.572268 3.512831 -2.065351
v -1.396162 3.700435 -1.373237
v -1.391380 3.543364 -1.516441
v -1.311486 3.615768 -1.568168
v 0.146430 4.254758 0.084247
v 0.130185 4.111897 0.098005
v 0.172360 4.130271 0.152752
v 0.216399 4.177155 0.183968
v 0.250519 4.239980 0.183297
v 0.265576 4.301919 0.150917
v 0.257535 4.346383 0.095507
v 0.228546 4.361438 0.031899
v 0.186384 4.343076 -0.022840
v 0.142346 4.296192 -0.054056
v 0.108217 4.233367 -0.053398
v 0.093168 4.171428 -0.021005
v 0.101209 4.126965 0.034404
v 0.130185 4.111897 0.098005
v 0.184169 3.971121 0.069482
v 0.257208 4.002942 0.164300
v 0.172360 4.130271 0.152752
v 0.333490 4.084128 0.218369
v 0.216399 4.177155 0.183968
v 0.392599 4.192965 0.217212
v 0.250519 4.239980 0.183297
v 0.418683 4.300245 0.161113
v 0.265576 4.301919 0.150917
v 0.404746 4.377247 0.065143
v 0.257535 4.346383 0.095507
v 0.354548 4.403342 -0.045025
v 0.228546 4.361438 0.031899
v 0.281516 4.371521 -0.139830
v 0.186384 4.343076 -0.022840
v 0.186384 4.343076 -0.022840
v 0.281516 4.371521 -0.139830
v 0.205238 4.290327 -0.193918
v 0.142346 4.296192 -0.054056
v 0.146131 4.181512 -0.192746
v 0.108217 4.233367 -0.053398
v 0.120044 4.074210 -0.136662
v 0.093168 4.171428 -0.021005
v 0.133970 3.997215 -0.040685
v 0.101209 4.126965 0.034404
v 0.293937 3.870156 0.006310
v 0.378256 3.906886 0.115808
v 0.466352 4.000646 0.178245
v 0.534600 4.126309 0.176900
v 0.564713 4.250187 0.112139
v 0.548635 4.339107 0.001300
v 0.490658 4.369238 -0.125902
v 0.406333 4.332495 -0.235395
v 0.406333 4.332495 -0.235395
v 0.318245 4.238735 -0.297820
v 0.250003 4.113084 -0.296479
v 0.219884 3.989193 -0.231714
v 0.235954 3.900273 -0.120888
v 0.430043 3.836055 -0.074565
v 0.503071 3.867866 0.020260
v 0.579358 3.949066 0.074326
v 0.638465 4.057887 0.073171
v 0.664542 4.165172 0.017076
v 0.650614 4.242167 -0.078900
v 0.600411 4.268266 -0.189065
v 0.527383 4.236442 -0.283873
v 0.527383 4.236442 -0.283873
v 0.451096 4.155253 -0.337955
v 0.391997 4.046433 -0.336788
v 0.365912 3.939148 -0.280705
v 0.379834 3.862139 -0.184726
v 0.556036 3.877947 -0.151482
v 0.598202 3.896311 -0.096729
v 0.642245 3.943192 -0.065516
v 0.676367 4.006016 -0.066187
v 0.691429 4.067968 -0.098572
v 0.683387 4.112416 -0.153980
v 0.654400 4.127486 -0.217590
v 0.612236 4.109109 -0.272328
v 0.612236 4.109109 -0.272328
v 0.568199 4.062242 -0.303545
v 0.534063 3.999404 -0.302882
v 0.519007 3.937465 -0.270501
v 0.527051 3.893005 -0.215077
v 0.638159 3.984622 -0.203835
v 0.598202 3.896311 -0.096729
v 0.556036 3.877947 -0.151482
v 0.642245 3.943192 -0.065516
v 0.676367 4.006016 -0.066187
v 0.691429 4.067968 -0.098572
v 0.683387 4.112416 -0.153980
v 0.654400 4.127486 -0.217590
v 0.612236 4.109109 -0.272328
v 0.568199 4.062242 -0.303545
v 0.534063 3.999404 -0.302882
v 0.519007 3.937465 -0.270501
v 0.527051 3.893005 -0.215077
v 0.069485 -0.000000 -0.509413
v -0.516403 -0.000000 -0.051666
v 0.502467 -0.000000 0.044779
v -0.083421 -0.000000 0.502525
v 0.069485 0.146488 -0.509413
v -0.516403 0.146488 -0.051667
v 0.502467 0.146488 0.044779
v -0.083421 0.146488 0.502525
v 0.281850 0.146488 0.336493
v -0.278688 0.146488 -0.380962
v -0.278688 -0.000000 -0.380962
v 0.281850 -0.000000 0.336493
v 0.404606 0.146488 -0.277335
v 0.013669 4.476882 0.126784
v -0.379888 0.146488 0.335579
v -0.379888 -0.000000 0.335579
v 0.404606 -0.000001 -0.277335
v 0.043975 0.515139 -0.305019
v -0.147582 0.493410 -0.222379
v -0.283323 0.493410 -0.034343
v -0.205370 0.493410 0.186783
v -0.036080 0.493411 0.282114
v 0.172499 0.493410 0.187306
v 0.298477 0.493410 0.020729
v 0.242535 0.515139 -0.163283
v 0.028217 0.591082 -0.211902
v -0.105878 0.592974 -0.164694
v -0.195123 0.591082 -0.037410
v -0.138361 0.584572 0.116251
v -0.021538 0.579318 0.184768
v 0.118844 0.577745 0.122938
v 0.201802 0.579318 0.010276
v 0.160687 0.584572 -0.117391
v 0.087098 0.887380 -0.259216
v -0.062544 0.877011 -0.206600
v -0.161844 0.861756 -0.064721
v -0.097959 0.847469 0.106556
v 0.032749 0.844643 0.182931
v 0.189379 0.854454 0.114008
v 0.281692 0.867333 -0.011565
v 0.235371 0.882172 -0.153871
v 0.085375 0.903578 -0.224064
v -0.041022 0.893999 -0.179625
v -0.124884 0.880642 -0.059792
v -0.070907 0.868010 0.084879
v 0.039509 0.865957 0.149392
v 0.171802 0.875150 0.091183
v 0.249768 0.886032 -0.014880
v 0.210627 0.900268 -0.135079
v 0.129118 1.388682 -0.278125
v -0.029805 1.376215 -0.222291
v -0.135348 1.351334 -0.071306
v -0.067758 1.327451 0.111934
v 0.071178 1.322074 0.194566
v 0.238190 1.332825 0.121813
v 0.337062 1.356594 -0.012903
v 0.287233 1.378577 -0.165417
v 0.125967 1.410385 -0.244404
v -0.011434 1.399656 -0.196166
v -0.102719 1.377823 -0.065587
v -0.044207 1.357330 0.092831
v 0.075844 1.352157 0.164308
v 0.220061 1.361234 0.101505
v 0.305619 1.382480 -0.015028
v 0.262662 1.401520 -0.146924
v 0.145413 1.708157 -0.230485
v 0.009954 1.697468 -0.182753
v -0.079637 1.671977 -0.054609
v -0.021456 1.643712 0.100340
v 0.097436 1.632815 0.169663
v 0.239638 1.645690 0.107293
v 0.323293 1.668431 -0.006735
v 0.280490 1.691776 -0.135557
v 0.175340 2.073386 -0.230488
v 0.013974 2.037219 -0.172581
v -0.089890 1.993211 -0.017186
v -0.015264 1.972349 0.170311
v 0.129552 1.980747 0.253981
v 0.298444 2.020953 0.178187
v 0.395355 2.060701 0.040277
v 0.340281 2.079547 -0.115584
v 0.170123 2.087845 -0.194466
v 0.030429 2.056521 -0.144341
v -0.059462 2.018366 -0.009824
v 0.005167 2.000372 0.152460
v 0.130522 2.007689 0.224847
v 0.276653 2.042618 0.159251
v 0.360530 2.076995 0.039910
v 0.312873 2.093289 -0.094981
v 0.126453 2.304519 -0.170774
v -0.010094 2.281066 -0.123571
v -0.101503 2.263347 0.006948
v -0.044078 2.269121 0.166058
v 0.075263 2.285012 0.238784
v 0.219847 2.308937 0.175942
v 0.305339 2.324964 0.059398
v 0.262762 2.321666 -0.073353
v 0.048013 2.623871 -0.216977
v -0.124580 2.602203 -0.157333
v -0.239904 2.584520 0.006201
v -0.167683 2.587646 0.205250
v -0.018585 2.628872 0.291242
v 0.157015 2.667587 0.213107
v 0.260677 2.687059 0.072250
v 0.211529 2.675149 -0.089439
v 0.038775 2.649593 -0.147146
v -0.088668 2.611910 -0.106431
v -0.174845 2.598745 0.015731
v -0.120066 2.614043 0.163543
v -0.009880 2.647781 0.228216
v 0.120964 2.674718 0.170445
v 0.198330 2.690254 0.065459
v 0.161560 2.680431 -0.055021
v -0.046830 3.144113 -0.155579
v -0.190396 3.128590 -0.105215
v -0.288803 3.115917 0.033871
v -0.233062 3.120121 0.203383
v -0.110017 3.130511 0.279676
v 0.041743 3.144224 0.213139
v 0.133155 3.153895 0.090349
v 0.092041 3.153986 -0.050214
v -0.061337 3.174904 -0.113024
v -0.180468 3.168933 -0.071890
v -0.259560 3.155160 0.040578
v -0.208806 3.140594 0.177277
v -0.104837 3.135524 0.238691
v 0.019661 3.143413 0.184527
v 0.093167 3.155168 0.085005
v 0.056435 3.166976 -0.028458
v -0.058634 3.999643 -0.099509
v -0.188119 4.019888 -0.054144
v -0.275894 4.026268 0.069309
v -0.224045 4.004897 0.219091
v -0.113190 3.979181 0.286335
v 0.022391 3.958982 0.226924
v 0.104084 3.952599 0.117516
v 0.066861 3.969261 -0.006948
v -0.052412 4.028673 -0.069921
v -0.163911 4.046489 -0.030801
v -0.239489 4.052407 0.075619
v -0.194784 4.034126 0.204668
v -0.099218 4.011834 0.262528
v 0.017559 3.993979 0.211268
v 0.087858 3.988100 0.116987
v 0.055708 4.002347 0.009792
v 0.001659 4.389826 -0.021737
v -0.092087 4.411609 0.012021
v -0.155031 4.423929 0.103259
v -0.116349 4.410767 0.213539
v -0.035309 4.389300 0.262786
v 0.062904 4.366778 0.218543
v 0.121381 4.355197 0.137789
v 0.093457 4.365104 0.046170
v -0.198873 3.558671 -0.089425
v -0.049067 3.558557 -0.139362
v -0.295773 3.549428 0.050989
v -0.235434 3.533324 0.219757
v -0.104101 3.523335 0.295804
v 0.049423 3.524781 0.231322
v 0.139683 3.532435 0.106878
v 0.096057 3.545588 -0.036684
v -0.182677 3.606884 -0.067649
v -0.269489 3.598449 0.054946
v -0.215167 3.582987 0.203773
v -0.102455 3.573274 0.270620
v 0.033447 3.574269 0.211624
v 0.114270 3.581390 0.103044
v 0.075037 3.593864 -0.020605
v -0.052721 3.606586 -0.112630
v -0.049047 3.586602 -0.139483
v -0.198862 3.587040 -0.089388
v -0.296276 3.578098 0.050850
v -0.236281 3.561932 0.220724
v -0.104433 3.571548 0.297596
v 0.050356 3.572631 0.232742
v 0.141049 3.560196 0.107004
v 0.096755 3.573388 -0.036806
v 0.015359 4.826084 1.095867
v 0.100109 4.843653 0.779247
v -0.150400 4.928799 0.703091
v -0.216417 4.909012 1.015699
v -0.213960 4.640128 1.505159
v -0.450118 4.743556 1.420547
v -0.365770 4.497417 1.712128
v -0.590811 4.607333 1.628613
v -0.730164 4.383354 1.905895
v -0.570190 4.300303 1.973264
v -0.509822 4.358509 1.896151
v -0.693264 4.442672 1.832453
v -0.840288 3.987449 2.146513
v -0.902505 4.140472 2.070447
v 0.079637 4.724316 0.476773
v 0.200562 4.634803 0.559845
v 0.152626 4.532313 0.166886
v 0.046014 4.528274 -0.020124
v 0.196388 4.658922 1.126639
v 0.230556 4.698933 0.805787
v -0.010444 4.476929 1.539555
v -0.159909 4.345769 1.745389
v -0.416247 4.193262 1.990618
v -0.352284 4.231314 1.929418
v -0.646689 3.984318 2.140153
v 0.329299 4.416930 1.121981
v 0.366291 4.503948 0.859276
v 0.156791 4.444497 1.367150
v 0.122796 4.305842 1.534919
v 0.024086 4.155234 1.735148
v -0.272854 4.061907 1.963232
v -0.232019 4.075099 1.931741
v -0.395811 4.023809 2.034454
v 0.230519 4.499580 0.373321
v 0.305705 4.505147 0.651970
v -0.789843 4.403698 1.866303
v -0.912173 4.253358 1.969966
v -0.841817 4.421223 1.831783
v -0.898692 4.439056 1.795465
v -0.906163 4.394364 1.839478
v -0.746729 4.452900 1.808299
v -0.716202 4.790396 1.296532
v -0.776288 4.732583 1.400854
v -0.606564 4.744590 1.397906
v -0.387383 4.912657 0.945067
v -0.547602 4.884923 0.996026
v -0.268643 4.917518 0.881268
v -0.357592 4.871149 0.631211
v -0.442806 4.899294 0.798755
v -0.122636 4.838905 0.445800
v -0.268926 4.798305 0.460687
v -0.040870 4.649506 0.114154
v -0.093969 4.784064 0.395713
v -0.048714 4.763207 0.410136
v -0.162069 4.735934 0.266620
v -0.206180 4.819417 0.380328
v -0.153154 4.912401 0.705218
v 0.089325 4.829797 0.779100
v 0.006705 4.812117 1.088954
v -0.219711 4.892946 1.010643
v -0.220761 4.627522 1.494648
v -0.453065 4.728953 1.411812
v -0.371780 4.485629 1.700365
v -0.593477 4.593832 1.618124
v -0.730943 4.371493 1.893572
v -0.692178 4.434198 1.815894
v -0.504031 4.358048 1.869573
v -0.574423 4.290141 1.959639
v -0.842981 3.978942 2.131680
v -0.905692 4.131335 2.056005
v 0.216000 4.688568 0.805058
v 0.062741 4.674560 0.386564
v 0.166014 4.572920 0.372751
v 0.182904 4.648821 1.119537
v -0.021121 4.467050 1.528638
v -0.169129 4.336538 1.732896
v -0.424123 4.185463 1.976555
v -0.348911 4.230026 1.904680
v -0.650780 3.976770 2.124945
v 0.351687 4.493828 0.855658
v 0.314585 4.408708 1.114740
v 0.187250 4.293770 1.396752
v 0.143344 4.436451 1.357586
v 0.110595 4.297459 1.524177
v 0.085793 4.203793 1.614136
v -0.282538 4.055579 1.949385
v -0.242154 4.068093 1.918476
v -0.242154 4.068093 1.918476
v -0.403992 4.018476 2.019505
v 0.257926 4.556964 0.693814
v 0.215688 4.490282 0.375290
v 0.291312 4.495227 0.654030
v -0.910291 4.242273 1.957425
v -0.788537 4.391066 1.855176
v -0.904145 4.382419 1.827812
v -0.896164 4.427644 1.783427
v -0.841160 4.408955 1.820097
v -0.746434 4.439378 1.798048
v -0.607347 4.729928 1.389253
v -0.777094 4.717705 1.392601
v -0.717377 4.775013 1.289322
v -0.585774 4.752076 1.350306
v -0.387858 4.896458 0.940351
v -0.547606 4.868791 0.991181
v -0.269000 4.900814 0.880677
v -0.268044 4.783309 0.467373
v -0.127986 4.824058 0.451385
v -0.355864 4.855248 0.635184
v -0.057524 4.749296 0.414526
v -0.164184 4.720611 0.272545
v -0.051476 4.636360 0.117609
v -0.092621 4.748043 0.355352
v -0.905692 4.131335 2.056005
v -0.842981 3.978942 2.131680
v -0.840288 3.987449 2.146513
v -0.902505 4.140472 2.070447
v 0.142577 4.518694 0.170086
v 0.035454 4.515134 -0.016557
v 0.046014 4.528274 -0.020124
v 0.152626 4.532313 0.166886
v -0.842981 3.978942 2.131680
v -0.650780 3.976770 2.124945
v -0.646689 3.984318 2.140153
v -0.840288 3.987449 2.146513
v 0.314585 4.408708 1.114740
v 0.351687 4.493828 0.855658
v 0.366291 4.503948 0.859276
v 0.329299 4.416930 1.121981
v 0.143344 4.436451 1.357586
v 0.187250 4.293770 1.396752
v 0.201567 4.300714 1.405920
v 0.156791 4.444497 1.367150
v 0.187250 4.293770 1.396752
v 0.201567 4.300714 1.405920
v 0.110595 4.297459 1.524177
v 0.143344 4.436451 1.357586
v 0.156791 4.444497 1.367150
v 0.122796 4.305842 1.534919
v 0.013396 4.147267 1.722796
v 0.085793 4.203793 1.614136
v 0.097679 4.211920 1.625376
v 0.024086 4.155234 1.735148
v -0.164732 4.195033 1.804884
v -0.134072 4.101583 1.835714
v -0.124321 4.109021 1.848984
v -0.154797 4.202404 1.818093
v -0.134072 4.101583 1.835714
v -0.124321 4.109021 1.848984
v -0.282538 4.055579 1.949385
v -0.242154 4.068093 1.918476
v -0.232019 4.075099 1.931741
v -0.272854 4.061907 1.963232
v -0.154797 4.202404 1.818093
v -0.154797 4.202404 1.818093
v -0.242154 4.068093 1.918476
v -0.242154 4.068093 1.918476
v -0.242154 4.068093 1.918476
v -0.164732 4.195033 1.804884
v -0.403992 4.018476 2.019505
v -0.395811 4.023809 2.034454
v 0.257926 4.556964 0.693814
v 0.272981 4.565757 0.691497
v 0.215688 4.490282 0.375290
v 0.230519 4.499580 0.373321
v 0.291312 4.495227 0.654030
v 0.305705 4.505147 0.651970
v 0.257926 4.556964 0.693814
v 0.291312 4.495227 0.654030
v 0.305705 4.505147 0.651970
v 0.272981 4.565757 0.691497
v -0.910291 4.242273 1.957425
v -0.912173 4.253358 1.969966
v -0.788537 4.391066 1.855176
v -0.789843 4.403698 1.866303
v -0.896164 4.427644 1.783427
v -0.904145 4.382419 1.827812
v -0.906163 4.394364 1.839478
v -0.898692 4.439056 1.795465
v -0.904145 4.382419 1.827812
v -0.841160 4.408955 1.820097
v -0.841817 4.421223 1.831783
v -0.906163 4.394364 1.839478
v -0.901569 4.543468 1.675113
v -0.900244 4.556427 1.686301
v -0.746434 4.439378 1.798048
v -0.746729 4.452900 1.808299
v -0.746434 4.439378 1.798048
v -0.746729 4.452900 1.808299
v -0.794935 4.650498 1.514100
v -0.793648 4.664804 1.523417
v -0.717377 4.775013 1.289322
v -0.777094 4.717705 1.392601
v -0.776288 4.732583 1.400854
v -0.716202 4.790396 1.296532
v -0.777094 4.717705 1.392601
v -0.607347 4.729928 1.389253
v -0.606564 4.744590 1.397906
v -0.776288 4.732583 1.400854
v -0.607347 4.729928 1.389253
v -0.606564 4.744590 1.397906
v -0.547606 4.868791 0.991181
v -0.547602 4.884923 0.996026
v -0.387858 4.896458 0.940351
v -0.387383 4.912657 0.945067
v -0.269000 4.900814 0.880677
v -0.268643 4.917518 0.881268
v -0.355864 4.855248 0.635184
v -0.443356 4.882843 0.801087
v -0.442806 4.899294 0.798755
v -0.357592 4.871149 0.631211
v -0.443356 4.882843 0.801087
v -0.269000 4.900814 0.880677
v -0.268643 4.917518 0.881268
v -0.442806 4.899294 0.798755
v -0.268044 4.783309 0.467373
v -0.268926 4.798305 0.460687
v -0.127986 4.824058 0.451385
v -0.268044 4.783309 0.467373
v -0.268926 4.798305 0.460687
v -0.122636 4.838905 0.445800
v -0.057524 4.749296 0.414526
v -0.048714 4.763207 0.410136
v 0.035454 4.515134 -0.016557
v -0.051476 4.636360 0.117609
v -0.040870 4.649506 0.114154
v 0.046014 4.528274 -0.020124
v -0.100413 4.769217 0.400423
v -0.057524 4.749296 0.414526
v -0.048714 4.763207 0.410136
v -0.093969 4.784064 0.395713
v -0.164184 4.720611 0.272545
v -0.162069 4.735934 0.266620
v -0.206649 4.803821 0.385736
v -0.206180 4.819417 0.380328
v -0.206649 4.803821 0.385736
v -0.206180 4.819417 0.380328
v 0.084758 4.754190 0.552515
v 0.209750 4.654450 0.635209
v 0.272981 4.565757 0.691497
v 0.201567 4.300714 1.405920
v -0.793648 4.664804 1.523417
v 0.097679 4.211920 1.625376
v -0.154797 4.202404 1.818093
v -0.900244 4.556427 1.686301
v -0.124321 4.109021 1.848984
v -0.100413 4.769217 0.400423
v -0.206649 4.803821 0.385736
v 0.035454 4.515134 -0.016557
v 0.142577 4.518694 0.170086
v -0.443356 4.882843 0.801087
v -0.794935 4.650498 1.514100
v -0.901569 4.543468 1.675113
v 0.013396 4.147267 1.722796
v -0.134072 4.101583 1.835714
v -0.164732 4.195033 1.804884
vn 0.8254 0.4871 0.2855
vn 0.6150 0.1913 0.7650
vn 0.7822 -0.0088 0.6230
vn 0.9210 -0.0996 0.3767
vn 0.9941 -0.0568 0.0921
vn 0.9821 0.1081 -0.1545
vn 0.8880 0.3510 -0.2970
vn 0.7372 0.6067 -0.2973
vn 0.5700 0.8068 -0.1553
vn 0.4312 0.8976 0.0909
vn 0.3581 0.8549 0.3755
vn 0.3701 0.6899 0.6221
vn 0.4642 0.4470 0.7647
vn 0.2691 -0.1097 0.9568
vn 0.5306 -0.4226 0.7347
vn 0.7476 -0.5646 0.3496
vn 0.8621 -0.4977 -0.0955
vn 0.8432 -0.2398 -0.4812
vn 0.6961 0.1401 -0.7041
vn 0.4602 0.5401 -0.7046
vn 0.1987 0.8530 -0.4825
vn 0.4312 0.8977 0.0909
vn -0.0183 0.9951 -0.0974
vn -0.1327 0.9282 0.3477
vn -0.1139 0.6702 0.7334
vn 0.0332 0.2904 0.9563
vn -0.1066 -0.3622 0.9260
vn 0.1850 -0.7110 0.6785
vn 0.4269 -0.8693 0.2491
vn 0.5544 -0.7947 -0.2470
vn 0.5334 -0.5072 -0.6769
vn 0.3695 -0.0837 -0.9255
vn 0.1065 0.3622 -0.9260
vn -0.1849 0.7110 -0.6785
vn -0.1850 0.7110 -0.6784
vn -0.4269 0.8693 -0.2491
vn -0.5544 0.7947 0.2470
vn -0.5334 0.5072 0.6769
vn -0.3695 0.0837 0.9255
vn -0.4602 -0.5401 0.7046
vn -0.1987 -0.8530 0.4825
vn 0.0183 -0.9951 0.0973
vn 0.1327 -0.9282 -0.3477
vn 0.1139 -0.6702 -0.7334
vn -0.0332 -0.2903 -0.9564
vn -0.2691 0.1097 -0.9568
vn -0.5306 0.4226 -0.7347
vn -0.7476 0.5647 -0.3496
vn -0.8621 0.4977 0.0955
vn -0.8432 0.2398 0.4811
vn -0.6961 -0.1401 0.7041
vn -0.7372 -0.6067 0.2974
vn -0.5700 -0.8068 0.1553
vn -0.4312 -0.8976 -0.0910
vn -0.3581 -0.8549 -0.3755
vn -0.3701 -0.6899 -0.6221
vn -0.4641 -0.4470 -0.7647
vn -0.6150 -0.1913 -0.7650
vn -0.7822 0.0088 -0.6230
vn -0.9210 0.0996 -0.3767
vn -0.9941 0.0568 -0.0921
vn -0.9821 -0.1081 0.1545
vn -0.8880 -0.3510 0.2970
vn -0.8254 -0.4871 -0.2855
vn -0.7372 -0.6067 0.2973
vn -0.4312 -0.8977 -0.0909
vn -0.3581 -0.8548 -0.3755
vn -0.4642 -0.4470 -0.7647
vn -0.0516 0.9033 -0.4259
vn -0.0118 0.9856 0.1685
vn 0.2701 0.9596 0.0791
vn 0.4684 0.8747 -0.1249
vn 0.5298 0.7536 -0.3890
vn 0.4379 0.6290 -0.6423
vn 0.2174 0.5340 -0.8170
vn -0.0726 0.4942 -0.8663
vn -0.3546 0.5203 -0.7769
vn -0.5528 0.6052 -0.5728
vn -0.6143 0.7262 -0.3087
vn -0.5224 0.8509 -0.0554
vn -0.3019 0.9458 0.1193
vn 0.2701 0.9596 0.0792
vn 0.0248 0.7834 0.6211
vn 0.4657 0.7426 0.4813
vn 0.7758 0.6098 0.1621
vn 0.5298 0.7537 -0.3890
vn 0.8719 0.4206 -0.2509
vn 0.4379 0.6290 -0.6424
vn 0.7282 0.2255 -0.6472
vn 0.3834 0.0770 -0.9204
vn -0.0727 0.4942 -0.8663
vn -0.0704 0.0148 -0.9974
vn -0.5113 0.0556 -0.8576
vn -0.8213 0.1884 -0.5385
vn -0.9174 0.3776 -0.1254
vn -0.7738 0.5726 0.2708
vn -0.4289 0.7211 0.5441
vn 0.0530 0.4284 0.9021
vn 0.5446 0.3829 0.7462
vn 0.8902 0.2349 0.3904
vn 0.9973 0.0239 -0.0700
vn 0.8371 -0.1935 -0.5116
vn 0.4527 -0.3590 -0.8162
vn -0.0530 -0.4283 -0.9021
vn -0.5446 -0.3829 -0.7462
vn -0.5445 -0.3829 -0.7462
vn -0.8902 -0.2349 -0.3904
vn -0.9973 -0.0239 0.0700
vn -0.8372 0.1934 0.5116
vn -0.4527 0.3590 0.8162
vn 0.0703 -0.0148 0.9974
vn 0.5113 -0.0555 0.8576
vn 0.8214 -0.1884 0.5384
vn 0.9174 -0.3776 0.1254
vn 0.7738 -0.5726 -0.2708
vn 0.4289 -0.7212 -0.5440
vn -0.0248 -0.7834 -0.6211
vn -0.4657 -0.7426 -0.4813
vn -0.7758 -0.6098 -0.1621
vn -0.8719 -0.4206 0.2509
vn -0.7282 -0.2256 0.6472
vn -0.3833 -0.0770 0.9204
vn 0.0727 -0.4942 0.8663
vn 0.3546 -0.5203 0.7769
vn 0.5529 -0.6052 0.5728
vn 0.6143 -0.7262 0.3087
vn 0.5224 -0.8509 0.0554
vn 0.3019 -0.9458 -0.1193
vn 0.0118 -0.9856 -0.1686
vn -0.2701 -0.9596 -0.0792
vn -0.2701 -0.9596 -0.0791
vn -0.4683 -0.8747 0.1249
vn -0.5298 -0.7537 0.3890
vn -0.4379 -0.6290 0.6423
vn -0.2174 -0.5340 0.8170
vn 0.0516 -0.9033 0.4259
vn 0.0726 -0.4942 0.8663
vn 0.5528 -0.6052 0.5728
vn 0.0118 -0.9856 -0.1685
vn -0.4684 -0.8747 0.1249
vn -0.4379 -0.6290 0.6424
vn -0.5502 0.8094 -0.2055
vn -0.1492 0.9757 -0.1602
vn -0.0366 0.7822 -0.6220
vn -0.4513 0.7045 -0.5477
vn -0.7581 0.6213 -0.1983
vn -0.6654 0.5690 -0.4833
vn -0.8269 0.5308 -0.1859
vn -0.7646 0.4828 -0.4269
vn -0.8574 0.2953 -0.4215
vn -0.9186 0.3537 -0.1764
vn -0.8398 0.5118 -0.1810
vn -0.7903 0.4230 -0.4433
vn -0.9686 0.1938 -0.1559
vn -0.9540 0.2505 -0.1649
vn 0.1020 0.9849 -0.1401
vn 0.0302 0.9913 0.1282
vn 0.0909 0.9938 -0.0640
vn 0.1004 0.9829 -0.1542
vn -0.5194 0.8353 0.1805
vn -0.1620 0.9719 0.1710
vn -0.7465 0.6574 0.1026
vn -0.8350 0.5440 0.0825
vn -0.9104 0.4016 0.0995
vn -0.8542 0.5115 0.0929
vn -0.9769 0.2089 -0.0444
vn -0.5004 0.8059 0.3164
vn -0.3044 0.9307 0.2026
vn -0.6399 0.7115 0.2903
vn -0.7149 0.6585 0.2351
vn -0.8070 0.5546 0.2027
vn -0.8745 0.4249 0.2339
vn -0.8520 0.4763 0.2173
vn -0.9273 0.2960 0.2290
vn 0.0253 0.9741 0.2247
vn -0.0087 0.9771 0.2126
vn -0.7884 0.2545 -0.5600
vn -0.8575 0.1395 -0.4953
vn -0.7682 0.2977 -0.5669
vn -0.8255 0.2389 -0.5114
vn -0.8105 0.1848 -0.5559
vn -0.7824 0.3477 -0.5166
vn -0.5710 0.5612 -0.5992
vn -0.6357 0.4925 -0.5944
vn -0.6586 0.4768 -0.5821
vn -0.3841 0.5983 -0.7032
vn -0.4960 0.5609 -0.6629
vn -0.1815 0.6625 -0.7267
vn 0.1184 0.6074 -0.7855
vn -0.0044 0.6966 -0.7174
vn 0.1561 0.8470 -0.5081
vn 0.2351 0.5123 -0.8260
vn 0.0673 0.9872 -0.1443
vn 0.1807 0.9161 -0.3581
vn 0.1466 0.9631 -0.2258
vn 0.2291 0.8197 -0.5250
vn 0.2678 0.8860 -0.3785
vn 0.0314 -0.7822 0.6223
vn 0.1490 -0.9769 0.1534
vn 0.5508 -0.8090 0.2053
vn 0.4529 -0.6985 0.5541
vn 0.7583 -0.6210 0.1982
vn 0.6681 -0.5680 0.4807
vn 0.8268 -0.5309 0.1859
vn 0.7644 -0.4828 0.4273
vn 0.8569 -0.2951 0.4227
vn 0.7896 -0.4223 0.4453
vn 0.8395 -0.5123 0.1809
vn 0.9186 -0.3537 0.1763
vn 0.9688 -0.1931 0.1557
vn 0.9543 -0.2486 0.1660
vn 0.1544 -0.9740 -0.1660
vn -0.0822 -0.9866 0.1407
vn -0.0326 -0.9937 -0.1069
vn 0.5198 -0.8348 -0.1813
vn 0.7466 -0.6572 -0.1032
vn 0.8345 -0.5448 -0.0825
vn 0.9103 -0.4017 -0.1000
vn 0.8548 -0.5108 -0.0917
vn 0.9771 -0.2082 0.0447
vn 0.3029 -0.9310 -0.2036
vn 0.5006 -0.8056 -0.3170
vn 0.6032 -0.7055 -0.3721
vn 0.6399 -0.7111 -0.2913
vn 0.7148 -0.6584 -0.2357
vn 0.7420 -0.6269 -0.2375
vn 0.8740 -0.4259 -0.2338
vn 0.4042 -0.8456 -0.3487
vn 0.3329 -0.8739 -0.3543
vn 0.9269 -0.2961 -0.2306
vn -0.0276 -0.9701 -0.2410
vn -0.0205 -0.9720 -0.2339
vn -0.0111 -0.9875 -0.1573
vn 0.8538 -0.1385 0.5019
vn 0.7870 -0.2540 0.5622
vn 0.8104 -0.1841 0.5562
vn 0.8263 -0.2386 0.5101
vn 0.7705 -0.2963 0.5645
vn 0.7812 -0.3470 0.5189
vn 0.6590 -0.4759 0.5825
vn 0.6360 -0.4923 0.5943
vn 0.5764 -0.5470 0.6071
vn 0.5844 -0.5457 0.6006
vn 0.4245 -0.5877 0.6888
vn 0.4321 -0.5613 0.7058
vn 0.1801 -0.6605 0.7289
vn -0.2357 -0.5017 0.8323
vn -0.0662 -0.9152 0.3975
vn -0.1192 -0.6050 0.7872
vn -0.0879 -0.9649 0.2476
vn -0.2277 -0.8145 0.5336
vn -0.1245 -0.9656 0.2283
vn -0.1502 -0.8916 0.4272
vn -0.0980 -0.7966 -0.5966
vn -0.1207 -0.8840 -0.4517
vn -0.1227 -0.8835 -0.4521
vn -0.0891 -0.7988 -0.5949
vn 0.3784 0.2267 0.8975
vn 0.4031 0.1794 0.8974
vn 0.4031 0.1812 0.8970
vn 0.3807 0.2189 0.8984
vn -0.3220 -0.6778 0.6610
vn -0.2487 -0.5661 0.7860
vn -0.2554 -0.5737 0.7782
vn -0.3251 -0.6772 0.6601
vn 0.2334 -0.1069 0.9665
vn 0.4415 0.0557 0.8955
vn 0.4166 0.0501 0.9077
vn 0.2337 -0.1089 0.9662
vn -0.7191 -0.6090 -0.3347
vn -0.7518 -0.5750 -0.3227
vn -0.7498 -0.5772 -0.3235
vn -0.7169 -0.6112 -0.3354
vn 0.2207 -0.1642 0.9614
vn 0.2215 -0.1651 0.9611
vn 0.3783 0.2585 0.8889
vn 0.4295 0.1830 0.8843
vn 0.4261 0.1859 0.8853
vn 0.3759 0.2600 0.8894
vn -0.0064 -0.1793 0.9838
vn 0.2475 0.1070 0.9630
vn 0.2463 0.1082 0.9631
vn -0.0107 -0.1838 0.9829
vn -0.4775 -0.7610 -0.4391
vn -0.4694 -0.7659 -0.4394
vn -0.4703 -0.7654 -0.4393
vn -0.4784 -0.7605 -0.4391
vn -0.0795 -0.3048 0.9491
vn -0.0787 -0.3052 0.9490
vn -0.0329 -0.3441 0.9384
vn 0.1110 -0.0642 0.9917
vn 0.1006 -0.0675 0.9926
vn -0.0287 -0.3453 0.9381
vn 0.2184 0.2022 0.9547
vn -0.1970 0.4921 0.8480
vn -0.6316 0.3807 0.6754
vn -0.4148 0.5484 0.7261
vn 0.2190 0.2018 0.9546
vn 0.3929 0.1238 0.9112
vn 0.2181 0.2022 0.9548
vn -0.0345 -0.4308 0.9018
vn -0.0382 -0.4320 0.9011
vn 0.6347 -0.1338 0.7611
vn 0.6340 -0.1193 0.7641
vn 0.3158 -0.1263 0.9404
vn 0.3104 -0.1344 0.9410
vn 0.2120 -0.0991 0.9722
vn 0.2119 -0.0977 0.9724
vn -0.7752 -0.1324 0.6177
vn -0.7781 -0.1103 0.6183
vn -0.7778 -0.1133 0.6183
vn -0.7748 -0.1355 0.6176
vn 0.3081 -0.5667 -0.7642
vn 0.3248 -0.5551 -0.7657
vn 0.4452 -0.3435 -0.8269
vn 0.4442 -0.3454 -0.8267
vn 0.2477 -0.7264 -0.6411
vn 0.2678 -0.6728 -0.6896
vn 0.2704 -0.6744 -0.6871
vn 0.2425 -0.7267 -0.6428
vn -0.5873 -0.2747 0.7613
vn -0.5798 -0.2604 0.7721
vn -0.5767 -0.2605 0.7743
vn -0.5895 -0.2749 0.7596
vn 0.2061 -0.5485 -0.8103
vn 0.2051 -0.5432 -0.8141
vn 0.4155 -0.3821 -0.8254
vn 0.4143 -0.3812 -0.8265
vn -0.6446 -0.2334 0.7280
vn -0.6361 -0.2353 0.7348
vn 0.4829 -0.2142 -0.8491
vn 0.4830 -0.2187 -0.8479
vn 0.4146 -0.4105 -0.8122
vn 0.3951 -0.4207 -0.8166
vn 0.3956 -0.4212 -0.8161
vn 0.4145 -0.4129 -0.8110
vn -0.7454 -0.4490 0.4927
vn -0.7302 -0.4577 0.5073
vn -0.7314 -0.4570 0.5061
vn -0.7466 -0.4483 0.4915
vn 0.6002 -0.0726 -0.7966
vn 0.6017 -0.0739 -0.7953
vn 0.7009 -0.1935 -0.6865
vn 0.6932 -0.2084 -0.6900
vn 0.8134 0.0414 -0.5802
vn 0.8187 0.0391 -0.5730
vn 0.8510 -0.1513 -0.5028
vn 0.8547 -0.1650 -0.4921
vn 0.4883 -0.6843 -0.5416
vn 0.5133 -0.5725 -0.6393
vn 0.5129 -0.5791 -0.6337
vn 0.4903 -0.6861 -0.5374
vn -0.8539 -0.4428 -0.2735
vn -0.8363 -0.5285 -0.1459
vn -0.8382 -0.5228 -0.1551
vn -0.8543 -0.4365 -0.2821
vn 0.4690 -0.7096 -0.5258
vn 0.4686 -0.7106 -0.5249
vn 0.9671 -0.1933 -0.1653
vn 0.9864 -0.0866 0.1395
vn 0.9870 -0.0847 0.1365
vn 0.9553 -0.2053 -0.2126
vn 0.8777 -0.1818 -0.4434
vn 0.8809 -0.1660 -0.4432
vn 0.6545 -0.1396 -0.7430
vn 0.6518 -0.1443 -0.7446
vn 0.6514 -0.1345 -0.7467
vn 0.6545 -0.1403 -0.7429
vn -0.9897 -0.0253 -0.1411
vn -0.9783 -0.0336 -0.2044
vn -0.9788 -0.0372 -0.2016
vn -0.9910 -0.0228 -0.1320
vn 0.5223 -0.5842 -0.6212
vn 0.5039 -0.5806 -0.6395
vn 0.3864 -0.6702 -0.6337
vn 0.3893 -0.6654 -0.6369
vn -0.9961 0.0143 -0.0875
vn -0.9960 0.0154 -0.0882
vn 0.0980 0.9886 -0.1143
vn 0.0369 0.9864 0.1604
vn 0.0112 0.9732 0.2299
vn -0.6029 0.7059 0.3717
vn -0.6983 0.4719 -0.5382
vn -0.7424 0.6267 0.2368
vn -0.8577 0.4772 0.1914
vn -0.7982 0.3744 -0.4720
vn -0.8574 0.4773 0.1924
vn -0.1794 -0.9189 0.3513
vn -0.2667 -0.8899 0.3701
vn -0.1152 -0.9823 0.1476
vn -0.0895 -0.9939 0.0644
vn 0.0045 -0.6953 0.7187
vn 0.6979 -0.4720 0.5387
vn 0.7973 -0.3753 0.4726
vn 0.8071 -0.5544 -0.2030
vn 0.8576 -0.4771 -0.1922
vn 0.8523 -0.4822 -0.2027
vn 0.3855 0.8949 -0.2249
vn 0.0562 0.9961 0.0682
vn 0.3735 0.8399 0.3937
vn 0.5901 0.8064 0.0392
vn 0.5469 0.7386 -0.3942
vn 0.6961 0.6997 -0.1606
vn 0.5958 0.6606 -0.4567
vn 0.7297 0.6285 -0.2691
vn 0.8064 0.4737 -0.3539
vn 0.6689 0.5098 -0.5410
vn 0.6032 0.6441 -0.4705
vn 0.7636 0.5807 -0.2824
vn 0.7123 0.3674 -0.5980
vn 0.7043 0.4157 -0.5755
vn -0.1255 0.9588 0.2550
vn -0.3080 0.9505 0.0420
vn -0.1837 0.9616 0.2039
vn -0.1112 0.9587 0.2618
vn 0.0573 0.8933 -0.4458
vn -0.2072 0.9681 -0.1408
vn 0.3114 0.7522 -0.5807
vn 0.4058 0.6525 -0.6399
vn 0.4621 0.5234 -0.7159
vn 0.4157 0.6221 -0.6635
vn 0.6410 0.3662 -0.6746
vn -0.0592 0.8459 -0.5300
vn -0.1126 0.9503 -0.2904
vn 0.0780 0.7758 -0.6261
vn 0.1878 0.7379 -0.6483
vn 0.2949 0.6488 -0.7015
vn 0.3361 0.5263 -0.7810
vn 0.3259 0.5754 -0.7501
vn 0.3961 0.4061 -0.8235
vn -0.3852 0.9226 -0.0222
vn -0.3491 0.9361 -0.0432
vn 0.8673 0.4418 -0.2292
vn 0.8815 0.3462 -0.3211
vn 0.8508 0.4840 -0.2047
vn 0.8580 0.4285 -0.2834
vn 0.8871 0.3872 -0.2512
vn 0.8186 0.5217 -0.2402
vn 0.7216 0.6916 -0.0293
vn 0.7655 0.6381 -0.0828
vn 0.7725 0.6259 -0.1073
vn 0.6813 0.7139 0.1618
vn 0.7197 0.6919 0.0575
vn 0.5700 0.7515 0.3322
vn 0.4362 0.6831 0.5858
vn 0.4485 0.7646 0.4628
vn 0.1666 0.8528 0.4950
vn 0.4072 0.5928 0.6948
vn -0.0931 0.9666 0.2389
vn 0.0150 0.9048 0.4255
vn -0.0842 0.9375 0.3376
vn 0.1237 0.8264 0.5494
vn -0.0246 0.8617 0.5068
vn -0.3693 -0.8394 -0.3987
vn -0.0492 -0.9967 -0.0646
vn -0.3857 -0.8946 0.2256
vn -0.5960 -0.8019 -0.0413
vn -0.5469 -0.7384 0.3944
vn -0.6959 -0.6992 0.1639
vn -0.5958 -0.6607 0.4567
vn -0.7299 -0.6285 0.2686
vn -0.8070 -0.4735 0.3530
vn -0.7646 -0.5801 0.2809
vn -0.6029 -0.6445 0.4703
vn -0.6688 -0.5098 0.5411
vn -0.7125 -0.3667 0.5983
vn -0.7055 -0.4141 0.5751
vn 0.2080 -0.9691 0.1325
vn 0.1126 -0.9636 -0.2423
vn 0.2916 -0.9549 -0.0567
vn -0.0570 -0.8929 0.4467
vn -0.3110 -0.7520 0.5812
vn -0.4054 -0.6532 0.6395
vn -0.4616 -0.5235 0.7162
vn -0.4171 -0.6215 0.6632
vn -0.6412 -0.3657 0.6746
vn 0.1147 -0.9501 0.2899
vn 0.0595 -0.8456 0.5305
vn 0.0163 -0.7558 0.6547
vn -0.0773 -0.7754 0.6267
vn -0.1872 -0.7377 0.6486
vn -0.2099 -0.7095 0.6727
vn -0.3356 -0.5273 0.7806
vn -0.4844 0.5865 0.6492
vn -0.2889 0.6779 0.6760
vn -0.3946 -0.4059 0.8244
vn 0.3989 -0.9165 0.0300
vn 0.3899 -0.9203 0.0322
vn 0.3186 -0.9478 -0.0091
vn -0.8839 -0.3458 0.3149
vn -0.8681 -0.4414 0.2270
vn -0.8874 -0.3866 0.2510
vn -0.8577 -0.4282 0.2846
vn -0.8507 -0.4829 0.2076
vn -0.8195 -0.5212 0.2381
vn -0.7731 -0.6251 0.1074
vn -0.7656 -0.6379 0.0832
vn -0.7324 -0.6802 0.0293
vn -0.7321 -0.6801 0.0387
vn -0.6954 -0.7081 -0.1226
vn -0.7145 -0.6880 -0.1273
vn -0.5710 -0.7499 -0.3341
vn -0.4133 -0.5847 -0.6981
vn -0.1266 -0.9198 -0.3715
vn -0.4375 -0.6812 -0.5870
vn 0.0238 -0.9537 -0.2998
vn -0.1322 -0.8231 -0.5524
vn 0.0584 -0.9433 -0.3268
vn -0.0911 -0.8920 -0.4427
vn 0.7253 -0.6531 0.2176
vn 0.6309 -0.7701 0.0945
vn 0.6326 -0.7689 0.0931
vn 0.7137 -0.6686 0.2090
vn -0.9783 -0.0191 -0.2062
vn -0.9793 -0.0663 -0.1915
vn -0.9795 -0.0642 -0.1911
vn -0.9780 -0.0266 -0.2067
vn -0.2010 -0.6999 -0.6853
vn -0.3574 -0.6343 -0.6855
vn -0.3642 -0.6237 -0.6916
vn -0.1981 -0.6988 -0.6874
vn -0.8740 -0.3065 -0.3771
vn -0.9690 -0.1800 -0.1694
vn -0.9608 -0.1874 -0.2042
vn -0.8739 -0.3078 -0.3761
vn 0.8371 -0.3764 -0.3969
vn 0.8399 -0.3405 -0.4227
vn 0.8397 -0.3434 -0.4207
vn 0.8368 -0.3794 -0.3947
vn -0.8513 -0.3540 -0.3874
vn -0.8513 -0.3551 -0.3863
vn -0.9798 0.0107 -0.1998
vn -0.9843 -0.0651 -0.1642
vn -0.9840 -0.0617 -0.1674
vn -0.9794 0.0127 -0.2017
vn -0.7350 -0.3477 -0.5822
vn -0.9276 -0.1209 -0.3535
vn -0.9300 -0.1139 -0.3495
vn -0.7414 -0.3406 -0.5782
vn 0.8115 -0.5566 -0.1779
vn 0.8082 -0.5632 -0.1724
vn 0.8086 -0.5624 -0.1730
vn 0.8119 -0.5558 -0.1785
vn -0.6450 -0.4396 -0.6251
vn -0.6454 -0.4401 -0.6244
vn -0.6551 -0.4791 -0.5842
vn -0.8310 -0.2656 -0.4888
vn -0.8380 -0.2482 -0.4860
vn -0.6589 -0.4788 -0.5801
vn -0.9309 -0.0250 -0.3643
vn 0.0637 -0.9978 0.0205
vn -0.0000 1.0000 -0.0000
vn 0.7794 0.5427 0.3131
vn -0.9314 -0.0261 -0.3630
vn -0.9723 -0.1235 -0.1984
vn -0.9311 -0.0253 -0.3640
vn -0.6064 -0.5526 -0.5717
vn -0.6114 -0.5460 -0.5728
vn -0.9367 -0.3493 0.0228
vn -0.9411 -0.3374 0.0218
vn -0.8959 -0.3292 -0.2984
vn -0.8889 -0.3361 -0.3112
vn -0.8687 -0.2981 -0.3956
vn -0.8693 -0.2963 -0.3956
vn 0.0458 -0.1080 -0.9931
vn 0.0436 -0.0869 -0.9953
vn 0.0438 -0.0898 -0.9950
vn 0.0462 -0.1115 -0.9927
vn 0.5504 -0.4822 0.6816
vn 0.5394 -0.4814 0.6908
vn 0.4603 -0.2658 0.8471
vn 0.4615 -0.2684 0.8456
vn 0.5181 -0.6654 0.5374
vn 0.5361 -0.6026 0.5912
vn 0.5326 -0.6052 0.5916
vn 0.5228 -0.6624 0.5366
vn -0.1777 -0.3058 -0.9353
vn -0.1954 -0.2963 -0.9349
vn -0.1994 -0.2964 -0.9340
vn -0.1754 -0.3054 -0.9359
vn 0.6553 -0.4324 0.6194
vn 0.6581 -0.4251 0.6214
vn 0.4884 -0.3004 0.8193
vn 0.4898 -0.2990 0.8190
vn -0.1190 -0.2506 -0.9607
vn -0.1288 -0.2546 -0.9584
vn 0.4302 -0.1434 0.8913
vn 0.4210 -0.1362 0.8968
vn 0.4844 -0.3331 0.8089
vn 0.5034 -0.3385 0.7950
vn 0.5028 -0.3392 0.7951
vn 0.4826 -0.3353 0.8091
vn 0.1814 -0.3893 -0.9031
vn 0.1604 -0.4032 -0.9010
vn 0.1619 -0.4022 -0.9011
vn 0.1829 -0.3882 -0.9032
vn 0.2667 -0.0263 0.9634
vn 0.2650 -0.0279 0.9638
vn 0.1459 -0.2077 0.9672
vn 0.1299 -0.1963 0.9719
vn -0.0902 0.0077 0.9959
vn -0.0940 -0.0010 0.9956
vn -0.1475 -0.2088 0.9668
vn -0.1560 -0.2237 0.9621
vn 0.2465 -0.6898 0.6807
vn 0.2946 -0.5591 0.7750
vn 0.2912 -0.5667 0.7707
vn 0.2431 -0.6932 0.6785
vn 0.8366 -0.2077 -0.5070
vn 0.7495 -0.3162 -0.5816
vn 0.7557 -0.3095 -0.5772
vn 0.8412 -0.2008 -0.5020
vn 0.2522 -0.7150 0.6520
vn 0.2519 -0.7161 0.6510
vn -0.4788 -0.3231 0.8163
vn -0.7287 -0.2684 0.6300
vn -0.7276 -0.2666 0.6321
vn -0.4162 -0.3305 0.8471
vn -0.2092 -0.2530 0.9446
vn -0.2142 -0.2371 0.9476
vn 0.1961 -0.1141 0.9739
vn 0.2006 -0.1183 0.9725
vn 0.2004 -0.1075 0.9738
vn 0.1962 -0.1144 0.9739
vn 0.7472 0.1695 -0.6427
vn 0.7868 0.1691 -0.5935
vn 0.7859 0.1652 -0.5959
vn 0.7458 0.1688 -0.6444
vn 0.2796 -0.5767 0.7676
vn 0.2989 -0.5651 0.7690
vn 0.4019 -0.6374 0.6574
vn 0.4017 -0.6322 0.6625
vn 0.7104 0.1967 -0.6757
vn 0.7108 0.1981 -0.6749
vn -0.1441 0.9604 0.2385
vn -0.3403 0.9399 0.0267
vn -0.3797 0.9244 -0.0370
vn -0.0164 0.7561 -0.6542
vn 0.7672 0.6212 -0.1595
vn 0.2108 0.7094 -0.6726
vn 0.3499 0.5798 -0.7358
vn 0.7963 0.5396 -0.2735
vn 0.3489 0.5797 -0.7363
vn -0.0102 -0.9069 -0.4213
vn 0.0313 -0.8644 -0.5018
vn 0.1272 -0.9542 -0.2709
vn 0.1825 -0.9621 -0.2025
vn -0.4497 -0.7636 -0.4633
vn -0.7673 -0.6213 0.1589
vn -0.7961 -0.5404 0.2724
vn -0.2947 -0.6486 0.7017
vn -0.3493 -0.5796 0.7363
vn -0.3367 -0.5829 0.7395
vn 0.3562 0.8560 0.3746
vn -0.0648 0.9446 0.3216
vn -0.1505 0.6729 0.7243
vn 0.2634 0.6995 0.6643
vn 0.5755 0.7337 0.3613
vn 0.4799 0.6395 0.6006
vn 0.6521 0.6750 0.3452
vn 0.5852 0.5981 0.5476
vn 0.7050 0.4719 0.5294
vn 0.7655 0.5566 0.3228
vn 0.6673 0.6629 0.3396
vn 0.6180 0.5557 0.5561
vn 0.8452 0.4473 0.2924
vn 0.8192 0.4840 0.3076
vn -0.3199 0.9026 0.2881
vn -0.2365 0.9715 0.0119
vn -0.3077 0.9283 0.2090
vn -0.3183 0.8977 0.3046
vn 0.3574 0.9339 0.0058
vn -0.0279 0.9996 -0.0098
vn 0.5916 0.8012 0.0894
vn 0.6875 0.7186 0.1048
vn 0.7796 0.6215 0.0768
vn 0.7108 0.6973 0.0923
vn 0.8619 0.4644 0.2036
vn 0.3643 0.9216 -0.1337
vn 0.1402 0.9898 -0.0261
vn 0.5100 0.8544 -0.0990
vn 0.5787 0.8146 -0.0389
vn 0.6747 0.7380 -0.0086
vn 0.7601 0.6480 -0.0478
vn 0.7300 0.6828 -0.0286
vn 0.8335 0.5500 -0.0536
vn -0.2242 0.9698 -0.0959
vn -0.1858 0.9797 -0.0758
vn 0.6471 0.4113 0.6420
vn 0.7354 0.3483 0.5813
vn 0.6157 0.4440 0.6510
vn 0.6811 0.4145 0.6036
vn 0.6791 0.3674 0.6355
vn 0.6221 0.4898 0.6108
vn 0.3982 0.5987 0.6949
vn 0.4623 0.5615 0.6863
vn 0.4861 0.5552 0.6749
vn 0.2200 0.5792 0.7849
vn 0.3259 0.5788 0.7475
vn 0.0114 0.5829 0.8124
vn -0.2559 0.4611 0.8497
vn -0.1614 0.5745 0.8024
vn -0.3479 0.7142 0.6074
vn -0.3752 0.3424 0.8614
vn -0.2833 0.9107 0.3006
vn -0.3919 0.7755 0.4950
vn -0.3678 0.8550 0.3657
vn -0.4275 0.6541 0.6240
vn -0.4809 0.7226 0.4966
vn 0.1566 -0.6723 -0.7236
vn 0.0655 -0.9472 -0.3139
vn -0.3569 -0.8559 -0.3743
vn -0.2653 -0.6945 -0.6687
vn -0.5758 -0.7335 -0.3611
vn -0.4830 -0.6396 -0.5980
vn -0.6520 -0.6751 -0.3452
vn -0.5850 -0.5980 -0.5479
vn -0.7046 -0.4715 -0.5304
vn -0.6174 -0.5547 -0.5578
vn -0.6670 -0.6632 -0.3396
vn -0.7655 -0.5567 -0.3227
vn -0.8456 -0.4467 -0.2922
vn -0.8199 -0.4825 -0.3082
vn 0.0364 -0.9993 0.0048
vn 0.2997 -0.9087 -0.2907
vn 0.2402 -0.9701 -0.0348
vn -0.3579 -0.9337 -0.0050
vn -0.5918 -0.8012 -0.0889
vn -0.6869 -0.7191 -0.1048
vn -0.7795 -0.6217 -0.0763
vn -0.7114 -0.6966 -0.0933
vn -0.8622 -0.4639 -0.2038
vn -0.1387 -0.9900 0.0274
vn -0.3646 -0.9214 0.1343
vn -0.4859 -0.8537 0.1872
vn -0.5102 -0.8542 0.0999
vn -0.5786 -0.8146 0.0396
vn -0.6101 -0.7912 0.0421
vn -0.7594 -0.6489 0.0478
vn -0.2575 0.7497 -0.6096
vn -0.7781 0.6272 0.0335
vn -0.8333 -0.5501 0.0552
vn 0.2259 -0.9675 0.1134
vn 0.2179 -0.9702 0.1059
vn 0.2133 -0.9768 0.0166
vn -0.7319 -0.3462 -0.5870
vn -0.6459 -0.4103 -0.6438
vn -0.6792 -0.3667 -0.6358
vn -0.6819 -0.4147 -0.6025
vn -0.6180 -0.4437 -0.6490
vn -0.6210 -0.4887 -0.6127
vn -0.4865 -0.5545 -0.6752
vn -0.4627 -0.5615 -0.6861
vn -0.4046 -0.5884 -0.7001
vn -0.4077 -0.5919 -0.6953
vn -0.2604 -0.5797 -0.7721
vn -0.2656 -0.5610 -0.7840
vn -0.0103 -0.5808 -0.8140
vn 0.3742 -0.3328 -0.8656
vn 0.2621 -0.8205 -0.5081
vn 0.2562 -0.4587 -0.8509
vn 0.3002 -0.8675 -0.3967
vn 0.4248 -0.6489 -0.6312
vn 0.3415 -0.8606 -0.3779
vn 0.3537 -0.7540 -0.5535
vn 0.2460 -0.7929 0.5574
vn 0.3029 -0.8725 0.3835
vn 0.3051 -0.8713 0.3844
vn 0.2462 -0.8032 0.5425
vn -0.3755 0.1256 -0.9183
vn -0.3879 0.0734 -0.9188
vn -0.3887 0.0760 -0.9182
vn -0.3777 0.1159 -0.9186
vn 0.4930 -0.4749 -0.7290
vn 0.3964 -0.3854 -0.8333
vn 0.4032 -0.3898 -0.8279
vn 0.4959 -0.4737 -0.7278
vn -0.1552 -0.1193 -0.9807
vn -0.3814 -0.0479 -0.9232
vn -0.3819 -0.0430 -0.9232
vn -0.1630 -0.1186 -0.9795
vn 0.8642 -0.3450 0.3661
vn 0.8840 -0.2980 0.3602
vn 0.8826 -0.3015 0.3606
vn 0.8627 -0.3483 0.3665
vn -0.1356 -0.1628 -0.9773
vn -0.1362 -0.1638 -0.9770
vn -0.3859 0.1545 -0.9095
vn -0.4147 0.0675 -0.9074
vn -0.4123 0.0712 -0.9082
vn -0.3829 0.1553 -0.9106
vn 0.0939 -0.1103 -0.9895
vn -0.2111 0.0599 -0.9756
vn -0.2291 0.0734 -0.9706
vn 0.0850 -0.1019 -0.9912
vn 0.6650 -0.6054 0.4374
vn 0.6578 -0.6140 0.4362
vn 0.6587 -0.6130 0.4363
vn 0.6658 -0.6044 0.4375
vn 0.1806 -0.1937 -0.9643
vn 0.1800 -0.1942 -0.9643
vn 0.1413 -0.2429 -0.9597
vn -0.0449 -0.0439 -0.9980
vn -0.0482 -0.0308 -0.9984
vn 0.1368 -0.2438 -0.9601
vn -0.2123 0.1588 -0.9642
vn -0.3160 -0.9485 -0.0231
vn 0.8764 0.4061 0.2590
vn -0.2120 0.1592 -0.9642
vn -0.3592 0.0347 -0.9326
vn -0.2111 0.1600 -0.9643
vn 0.1581 -0.3202 -0.9340
vn 0.1590 -0.3176 -0.9348
vn -0.5274 -0.2677 -0.8064
vn -0.5303 -0.2542 -0.8088
vn -0.2278 -0.1580 -0.9608
vn -0.2305 -0.1663 -0.9588
vn -0.1398 -0.1046 -0.9846
vn -0.1401 -0.1029 -0.9848
vn 0.8300 0.1687 -0.5317
vn 0.8279 0.1886 -0.5283
vn 0.8282 0.1853 -0.5289
vn 0.8303 0.1651 -0.5323
vn -0.2543 -0.6850 0.6827
vn -0.2537 -0.6982 0.6695
vn -0.4311 -0.5146 0.7412
vn -0.4321 -0.5140 0.7410
vn -0.1476 -0.8284 0.5404
vn -0.1836 -0.7803 0.5978
vn -0.1857 -0.7823 0.5946
vn -0.1459 -0.8250 0.5460
vn 0.6837 -0.0140 -0.7296
vn 0.6721 -0.0032 -0.7404
vn 0.6703 -0.0045 -0.7420
vn 0.6854 -0.0137 -0.7280
vn -0.1436 -0.6453 0.7503
vn -0.1431 -0.6403 0.7547
vn -0.3951 -0.5410 0.7424
vn -0.3943 -0.5399 0.7437
vn 0.7306 0.0404 -0.6816
vn 0.7248 0.0374 -0.6879
vn -0.4885 -0.4080 0.7713
vn -0.4929 -0.4064 0.7694
vn -0.3881 -0.5683 0.7256
vn -0.3680 -0.5726 0.7326
vn -0.3683 -0.5730 0.7321
vn -0.3893 -0.5697 0.7238
vn 0.8741 -0.1351 -0.4665
vn 0.8617 -0.1476 -0.4855
vn 0.8625 -0.1468 -0.4843
vn 0.8749 -0.1343 -0.4653
vn -0.6308 -0.3070 0.7126
vn -0.6317 -0.3083 0.7113
vn -0.6826 -0.4553 0.5716
vn -0.6932 -0.4464 0.5659
vn -0.8439 -0.2565 0.4713
vn -0.8450 -0.2624 0.4659
vn -0.8278 -0.4346 0.3547
vn -0.8272 -0.4448 0.3433
vn -0.3965 -0.8317 0.3887
vn -0.4474 -0.7394 0.5031
vn -0.4457 -0.7445 0.4971
vn -0.3957 -0.8337 0.3851
vn 0.9337 -0.1315 0.3330
vn 0.9581 -0.2130 0.1913
vn 0.9574 -0.2079 0.2006
vn 0.9313 -0.1262 0.3416
vn -0.3710 -0.8503 0.3733
vn -0.3704 -0.8510 0.3723
vn -0.8847 -0.4660 -0.0055
vn -0.8910 -0.3658 -0.2688
vn -0.8922 -0.3648 -0.2664
vn -0.8659 -0.4941 0.0775
vn -0.8391 -0.4613 0.2883
vn -0.8453 -0.4487 0.2901
vn -0.6678 -0.3815 0.6392
vn -0.6637 -0.3854 0.6410
vn -0.6662 -0.3765 0.6438
vn -0.6677 -0.3818 0.6391
vn 0.9257 0.2791 0.2554
vn 0.9116 0.2634 0.3155
vn 0.9136 0.2602 0.3124
vn 0.9262 0.2779 0.2548
vn -0.4429 -0.7521 0.4880
vn -0.4436 -0.7441 0.4994
vn -0.3034 -0.8037 0.5120
vn -0.3075 -0.7999 0.5154
vn 0.9248 0.3144 0.2143
vn 0.9243 0.3152 0.2150
vn -0.3173 0.9113 0.2624
vn -0.2417 0.9700 -0.0258
vn -0.2082 0.9730 -0.0991
vn 0.4855 0.8540 -0.1869
vn 0.5241 0.5639 0.6383
vn 0.6105 0.7909 -0.0414
vn 0.7320 0.6813 -0.0029
vn 0.6376 0.5133 0.5745
vn 0.7318 0.6815 -0.0037
vn 0.3910 -0.7796 -0.4893
vn 0.4806 -0.7279 -0.4891
vn 0.3345 -0.8949 -0.2954
vn 0.3058 -0.9287 -0.2096
vn 0.1611 -0.5733 -0.8034
vn -0.5237 -0.5638 -0.6387
vn -0.6367 -0.5138 -0.5751
vn -0.6749 -0.7379 0.0090
vn -0.7320 -0.6813 0.0037
vn -0.7276 -0.6858 0.0135
vn 0.2399 0.6355 0.7339
vn 0.1103 0.8966 0.4288
vn -0.3570 0.7421 0.5673
vn -0.0823 0.5612 0.8236
vn 0.3076 0.4299 0.8488
vn 0.0483 0.3993 0.9156
vn 0.3325 0.3432 0.8784
vn 0.1217 0.3110 0.9426
vn 0.1376 0.1416 0.9803
vn 0.3562 0.1817 0.9166
vn 0.3388 0.3256 0.8827
vn 0.1119 0.2568 0.9600
vn 0.3721 0.0422 0.9273
vn 0.3713 0.0944 0.9237
vn 0.0059 0.9766 0.2148
vn 0.2671 0.9568 0.1145
vn 0.0794 0.9807 0.1788
vn -0.0034 0.9745 0.2244
vn 0.5302 0.6753 0.5127
vn 0.3860 0.8879 0.2501
vn 0.5370 0.4711 0.6998
vn 0.5417 0.3596 0.7598
vn 0.5728 0.2272 0.7876
vn 0.5548 0.3291 0.7642
vn 0.4610 0.0534 0.8858
vn 0.6303 0.6482 0.4273
vn 0.4754 0.8012 0.3634
vn 0.6496 0.5432 0.5319
vn 0.6278 0.4804 0.6124
vn 0.6261 0.3720 0.6853
vn 0.6662 0.2542 0.7011
vn 0.6482 0.3029 0.6986
vn 0.6702 0.1361 0.7296
vn 0.3455 0.9367 0.0565
vn 0.3531 0.9304 0.0984
vn 0.0014 0.1216 0.9926
vn 0.0626 0.0120 0.9980
vn -0.0057 0.1521 0.9884
vn 0.0501 0.1019 0.9935
vn 0.0036 0.0566 0.9984
vn 0.0436 0.1940 0.9800
vn -0.0808 0.4107 0.9082
vn -0.0568 0.3388 0.9392
vn -0.0400 0.3219 0.9459
vn -0.2455 0.4801 0.8422
vn -0.1648 0.4212 0.8919
vn -0.3669 0.5852 0.7231
vn -0.6035 0.6085 0.5152
vn -0.4569 0.6646 0.5913
vn -0.3538 0.8623 0.3623
vn -0.7295 0.5480 0.4094
vn 0.0166 0.9681 0.2502
vn -0.2342 0.9353 0.2652
vn -0.0917 0.9717 0.2177
vn -0.4175 0.8586 0.2975
vn -0.3071 0.9330 0.1874
vn 0.3604 -0.7444 -0.5621
vn -0.1167 -0.8981 -0.4241
vn -0.2403 -0.6351 -0.7341
vn 0.0871 -0.5555 -0.8270
vn -0.3078 -0.4297 -0.8489
vn -0.0512 -0.3977 -0.9161
vn -0.3325 -0.3433 -0.8784
vn -0.1213 -0.3110 -0.9426
vn -0.1363 -0.1414 -0.9805
vn -0.1100 -0.2562 -0.9603
vn -0.3388 -0.3260 -0.8826
vn -0.3563 -0.1817 -0.9165
vn -0.3721 -0.0415 -0.9272
vn -0.3703 -0.0926 -0.9243
vn -0.3788 -0.8917 -0.2476
vn -0.0164 -0.9726 -0.2318
vn -0.2490 -0.9602 -0.1266
vn -0.5309 -0.6749 -0.5126
vn -0.5375 -0.4710 -0.6995
vn -0.5416 -0.3602 -0.7595
vn -0.5732 -0.2273 -0.7873
vn -0.5540 -0.3282 -0.7651
vn -0.4608 -0.0528 -0.8859
vn -0.4758 -0.8018 -0.3615
vn -0.6307 -0.6479 -0.4271
vn -0.6986 -0.5483 -0.4597
vn -0.6503 -0.5429 -0.5313
vn -0.6282 -0.4804 -0.6120
vn -0.6365 -0.4500 -0.6264
vn -0.6662 -0.2552 -0.7007
vn -0.2502 0.8980 0.3620
vn -0.4455 0.7577 -0.4768
vn -0.6714 -0.1362 -0.7284
vn -0.3541 -0.9341 -0.0452
vn -0.3554 -0.9331 -0.0547
vn -0.2998 -0.9472 -0.1138
vn -0.0558 -0.0118 -0.9984
vn 0.0011 -0.1214 -0.9926
vn -0.0035 -0.0559 -0.9984
vn -0.0517 -0.1015 -0.9935
vn 0.0030 -0.1504 -0.9886
vn -0.0413 -0.1935 -0.9802
vn 0.0403 -0.3210 -0.9462
vn 0.0564 -0.3385 -0.9393
vn 0.0859 -0.3972 -0.9137
vn 0.0772 -0.3932 -0.9162
vn 0.2169 -0.4623 -0.8598
vn 0.2277 -0.4360 -0.8707
vn 0.3696 -0.5838 -0.7229
vn 0.7367 -0.5377 -0.4100
vn 0.2009 -0.8987 -0.3897
vn 0.6058 -0.6064 -0.5151
vn 0.0754 -0.9542 -0.2897
vn 0.4248 -0.8530 -0.3031
vn 0.0869 -0.9653 -0.2463
vn 0.2797 -0.9022 -0.3284
vn -0.5820 -0.7642 0.2779
vn -0.4659 -0.8638 0.1917
vn -0.4652 -0.8637 0.1939
vn -0.5709 -0.7771 0.2651
vn 0.5460 0.2510 -0.7993
vn 0.5204 0.2103 -0.8276
vn 0.5206 0.2127 -0.8269
vn 0.5393 0.2447 -0.8057
vn 0.6217 -0.7362 -0.2673
vn 0.6979 -0.6030 -0.3864
vn 0.6928 -0.6146 -0.3772
vn 0.6230 -0.7364 -0.2638
vn 0.6161 -0.0717 -0.7844
vn 0.4858 0.0957 -0.8688
vn 0.4844 0.1018 -0.8689
vn 0.6133 -0.0701 -0.7867
vn -0.0048 -0.6798 0.7334
vn 0.0283 -0.6487 0.7605
vn 0.0261 -0.6508 0.7588
vn -0.0069 -0.6818 0.7315
vn 0.6082 -0.1237 -0.7841
vn 0.6074 -0.1243 -0.7846
vn 0.5444 0.2807 -0.7905
vn 0.4968 0.2168 -0.8403
vn 0.4995 0.2188 -0.8382
vn 0.5456 0.2819 -0.7892
vn 0.7636 -0.1780 -0.6207
vn 0.6452 0.1248 -0.7538
vn 0.6466 0.1252 -0.7525
vn 0.7643 -0.1800 -0.6192
vn -0.2462 -0.8002 0.5469
vn -0.2517 -0.8041 0.5385
vn -0.2511 -0.8037 0.5395
vn -0.2456 -0.7997 0.5478
vn 0.7620 -0.3072 -0.5700
vn 0.7615 -0.3074 -0.5706
vn 0.7167 -0.3354 -0.6114
vn 0.7153 -0.0468 -0.6972
vn 0.7242 -0.0636 -0.6867
vn 0.7138 -0.3358 -0.6145
vn 0.6727 0.2099 -0.7095
vn 0.1702 -0.9541 0.2465
vn -0.2308 0.8176 -0.5275
vn 0.6730 0.2102 -0.7092
vn 0.5293 0.1623 -0.8328
vn 0.6737 0.2104 -0.7084
vn 0.6742 -0.4184 -0.6086
vn 0.6749 -0.4222 -0.6052
vn 0.2374 -0.0375 -0.9707
vn 0.2428 -0.0247 -0.9698
vn 0.5509 -0.0778 -0.8309
vn 0.5397 -0.0819 -0.8378
vn 0.6333 -0.0664 -0.7710
vn 0.6339 -0.0647 -0.7707
vn 0.9130 -0.2468 0.3248
vn 0.9163 -0.2254 0.3310
vn 0.9158 -0.2286 0.3301
vn 0.9124 -0.2503 0.3237
vn -0.8796 -0.4731 0.0497
vn -0.8763 -0.4801 0.0395
vn -0.9657 -0.2595 0.0122
vn -0.9655 -0.2600 0.0124
vn -0.7661 -0.6427 -0.0026
vn -0.8081 -0.5887 0.0203
vn -0.8074 -0.5897 0.0171
vn -0.7670 -0.6416 0.0020
vn 0.9291 -0.3691 0.0233
vn 0.9357 -0.3527 0.0115
vn 0.9355 -0.3532 0.0078
vn 0.9288 -0.3697 0.0266
vn -0.8569 -0.4838 0.1777
vn -0.8598 -0.4774 0.1813
vn -0.9537 -0.2990 0.0309
vn -0.9539 -0.2982 0.0329
vn 0.9360 -0.3345 0.1095
vn 0.9370 -0.3352 0.0987
vn -0.9906 -0.1350 0.0204
vn -0.9916 -0.1287 0.0153
vn -0.9451 -0.3264 0.0179
vn -0.9406 -0.3378 0.0354
vn -0.9404 -0.3382 0.0345
vn -0.9451 -0.3264 0.0155
vn 0.7588 -0.5715 0.3125
vn 0.7630 -0.5793 0.2867
vn 0.7627 -0.5788 0.2885
vn 0.7585 -0.5709 0.3142
vn -0.9955 0.0204 -0.0921
vn -0.9954 0.0195 -0.0942
vn -0.9588 -0.0947 -0.2680
vn -0.9565 -0.0722 -0.2826
vn -0.9023 0.1627 -0.3992
vn -0.9004 0.1570 -0.4058
vn -0.8616 -0.0214 -0.5071
vn -0.8553 -0.0325 -0.5171
vn -0.7872 -0.5563 -0.2663
vn -0.8654 -0.4555 -0.2089
vn -0.8615 -0.4609 -0.2129
vn -0.7842 -0.5594 -0.2685
vn 0.1414 -0.5275 0.8377
vn 0.2257 -0.6233 0.7487
vn 0.2197 -0.6169 0.7557
vn 0.1357 -0.5208 0.8428
vn -0.7692 -0.5826 -0.2626
vn -0.7682 -0.5837 -0.2630
vn -0.6266 -0.0423 -0.7782
vn -0.3798 0.0519 -0.9236
vn -0.3821 0.0537 -0.9225
vn -0.6725 -0.0602 -0.7377
vn -0.8239 -0.0456 -0.5650
vn -0.8242 -0.0292 -0.5655
vn -0.9813 -0.0362 -0.1888
vn -0.9817 -0.0415 -0.1859
vn -0.9826 -0.0314 -0.1829
vn -0.9813 -0.0365 -0.1889
vn 0.3662 -0.1508 0.9182
vn 0.3112 -0.1555 0.9375
vn 0.3131 -0.1593 0.9363
vn 0.3759 -0.1483 0.9147
vn -0.8556 -0.4685 -0.2200
vn -0.8627 -0.4603 -0.2092
vn -0.8161 -0.5654 -0.1194
vn -0.8199 -0.5600 -0.1190
vn 0.4166 -0.1169 0.9016
vn 0.4161 -0.1163 0.9018
vn 0.0295 0.9787 0.2032
vn 0.2900 0.9530 0.0876
vn 0.3556 0.9323 0.0665
vn 0.6984 0.5487 0.4596
vn 0.0095 0.3119 0.9501
vn 0.6361 0.4497 0.6271
vn 0.6294 0.3026 0.7157
vn 0.0887 0.2175 0.9720
vn 0.6300 0.3028 0.7151
vn 0.2273 -0.9376 -0.2631
vn 0.2985 -0.9365 -0.1840
vn 0.0063 -0.9786 -0.2059
vn -0.0803 -0.9803 -0.1805
vn 0.4580 -0.6632 -0.5919
vn -0.0090 -0.3121 -0.9500
vn -0.0880 -0.2183 -0.9719
vn -0.6264 -0.3718 -0.6852
vn -0.6300 -0.3025 -0.7153
vn -0.6367 -0.3080 -0.7069
vn -0.2608 0.9227 0.2840
vn 0.0192 0.9977 -0.0653
vn -0.3866 0.8466 -0.3658
vn -0.5271 0.8484 0.0490
vn -0.3895 0.7926 0.4691
vn -0.5881 0.7637 0.2662
vn -0.4281 0.7290 0.5341
vn -0.5999 0.7060 0.3764
vn -0.6715 0.5763 0.4657
vn -0.4934 0.6073 0.6227
vn -0.4338 0.7154 0.5478
vn -0.6344 0.6648 0.3945
vn -0.5350 0.4917 0.6870
vn -0.5201 0.5329 0.6674
vn 0.1696 0.9425 -0.2881
vn 0.3910 0.9171 -0.0773
vn 0.2416 0.9411 -0.2367
vn 0.1542 0.9435 -0.2932
vn 0.0944 0.8877 0.4507
vn 0.3164 0.9407 0.1227
vn -0.1315 0.7843 0.6063
vn -0.2161 0.7092 0.6710
vn -0.2632 0.6078 0.7492
vn -0.2225 0.6847 0.6940
vn -0.4591 0.4882 0.7422
vn 0.2095 0.8300 0.5169
vn 0.2416 0.9274 0.2855
vn 0.0925 0.7816 0.6169
vn -0.0075 0.7599 0.6500
vn -0.1054 0.6942 0.7120
vn -0.1360 0.5988 0.7892
vn -0.1278 0.6390 0.7585
vn -0.1959 0.5073 0.8392
vn 0.4757 0.8794 -0.0191
vn 0.4434 0.8963 0.0078
vn -0.7584 0.5457 0.3564
vn -0.7616 0.4660 0.4504
vn -0.7466 0.5752 0.3341
vn -0.7402 0.5376 0.4039
vn -0.7789 0.4975 0.3818
vn -0.7030 0.6115 0.3631
vn -0.6458 0.7499 0.1432
vn -0.6785 0.7065 0.2013
vn -0.6809 0.6966 0.2260
vn -0.6503 0.7572 -0.0613
vn -0.6676 0.7426 0.0535
vn -0.5770 0.7732 -0.2632
vn -0.5099 0.6599 -0.5518
vn -0.4854 0.7648 -0.4238
vn -0.1721 0.8512 -0.4959
vn -0.4967 0.5435 -0.6767
vn 0.1428 0.9551 -0.2596
vn -0.0182 0.8843 -0.4666
vn 0.1097 0.9208 -0.3743
vn -0.1625 0.7976 -0.5809
vn 0.0068 0.8287 -0.5597
vn 0.3830 -0.8457 0.3716
vn -0.0271 -0.9977 0.0620
vn 0.2609 -0.9225 -0.2847
vn 0.5336 -0.8444 -0.0482
vn 0.3895 -0.7924 -0.4694
vn 0.5874 -0.7630 -0.2699
vn 0.4281 -0.7291 -0.5340
vn 0.6001 -0.7060 -0.3761
vn 0.6723 -0.5761 -0.4649
vn 0.6357 -0.6643 -0.3933
vn 0.4336 -0.7157 -0.5475
vn 0.4934 -0.6073 -0.6228
vn 0.5351 -0.4911 -0.6873
vn 0.5214 -0.5316 -0.6675
vn -0.3161 -0.9420 -0.1129
vn -0.1593 -0.9497 0.2698
vn -0.3721 -0.9237 0.0910
vn -0.0947 -0.8872 -0.4515
vn 0.1312 -0.7841 -0.6067
vn 0.2157 -0.7097 -0.6706
vn 0.2626 -0.6078 -0.7494
vn 0.2240 -0.6843 -0.6940
vn 0.4596 -0.4877 -0.7422
vn -0.2436 -0.9271 -0.2847
vn -0.2099 -0.8297 -0.5173
vn -0.1804 -0.7558 -0.6295
vn -0.0931 -0.7811 -0.6174
vn 0.0069 -0.7598 -0.6502
vn 0.0257 -0.7384 -0.6739
vn 0.1355 -0.5994 -0.7889
vn 0.3355 0.8769 -0.3444
vn 0.1151 0.6936 -0.7111
vn 0.1942 -0.5070 -0.8398
vn -0.4895 -0.8719 0.0143
vn -0.4811 -0.8766 0.0092
vn -0.4063 -0.9127 0.0427
vn 0.7654 -0.4653 -0.4447
vn 0.7597 -0.5452 -0.3544
vn 0.7793 -0.4971 -0.3815
vn 0.7396 -0.5375 -0.4051
vn 0.7461 -0.5743 -0.3369
vn 0.7044 -0.6110 -0.3613
vn 0.6815 -0.6960 -0.2262
vn 0.6786 -0.7063 -0.2017
vn 0.6565 -0.7402 -0.1455
vn 0.6537 -0.7412 -0.1528
vn 0.6571 -0.7535 0.0197
vn 0.6768 -0.7359 0.0195
vn 0.5785 -0.7714 0.2652
vn 0.5035 -0.5348 0.6785
vn 0.0968 -0.9285 0.3584
vn 0.5116 -0.6578 0.5528
vn -0.0526 -0.9445 0.3243
vn 0.1723 -0.7942 0.5827
vn -0.0875 -0.9305 0.3557
vn 0.1018 -0.8789 0.4659
vn -0.8028 -0.5834 -0.1231
vn -0.7152 -0.6987 -0.0191
vn -0.7165 -0.6974 -0.0175
vn -0.7964 -0.5918 -0.1244
vn 0.9923 -0.0990 0.0743
vn 0.9875 -0.1468 0.0566
vn 0.9879 -0.1444 0.0561
vn 0.9917 -0.1077 0.0705
vn 0.2787 -0.6442 0.7123
vn 0.4460 -0.5828 0.6793
vn 0.4417 -0.5816 0.6831
vn 0.2764 -0.6425 0.7147
vn 0.9016 -0.3438 0.2626
vn 0.9638 -0.2615 0.0529
vn 0.9659 -0.2551 0.0453
vn 0.9043 -0.3424 0.2550
vn -0.8121 -0.2221 0.5396
vn -0.8041 -0.1811 0.5663
vn -0.8047 -0.1839 0.5645
vn -0.8126 -0.2248 0.5378
vn 0.8813 -0.3856 0.2733
vn 0.8811 -0.3865 0.2725
vn 0.9954 -0.0704 0.0649
vn 0.9884 -0.1494 0.0283
vn 0.9888 -0.1462 0.0311
vn 0.9951 -0.0702 0.0691
vn 0.7997 -0.3408 0.4943
vn 0.9555 -0.1763 0.2366
vn 0.9633 -0.1594 0.2161
vn 0.8082 -0.3321 0.4863
vn -0.8465 -0.4384 0.3021
vn -0.8446 -0.4465 0.2954
vn -0.8448 -0.4459 0.2959
vn -0.8467 -0.4374 0.3030
vn 0.7208 -0.4165 0.5541
vn 0.7210 -0.4170 0.5535
vn 0.7235 -0.4643 0.5109
vn 0.8797 -0.2823 0.3827
vn 0.8864 -0.2667 0.3784
vn 0.7259 -0.4651 0.5067
vn 0.9681 -0.0781 0.2382
vn 0.2046 -0.9781 0.0373
vn -0.6549 0.7122 -0.2526
vn 0.9681 -0.0783 0.2378
vn 0.9790 -0.1885 0.0769
vn 0.9679 -0.0773 0.2390
vn 0.6737 -0.5368 0.5080
vn 0.6751 -0.5337 0.5094
vn 0.8823 -0.4425 -0.1605
vn 0.8885 -0.4300 -0.1599
vn 0.9080 -0.3756 0.1855
vn 0.9058 -0.3837 0.1796
vn 0.9014 -0.3306 0.2795
vn 0.9020 -0.3289 0.2795
vn 0.1180 0.0377 0.9923
vn 0.1219 0.0577 0.9909
vn 0.1212 0.0542 0.9911
vn 0.1174 0.0345 0.9925
vn -0.6584 -0.4721 -0.5862
vn -0.6492 -0.4697 -0.5983
vn -0.5828 -0.3006 -0.7550
vn -0.5842 -0.3034 -0.7528
vn -0.6270 -0.6253 -0.4647
vn -0.6446 -0.5695 -0.5100
vn -0.6418 -0.5720 -0.5108
vn -0.6308 -0.6238 -0.4615
vn 0.3151 -0.1847 0.9309
vn 0.3326 -0.1771 0.9263
vn 0.3358 -0.1781 0.9249
vn 0.3126 -0.1839 0.9319
vn -0.7525 -0.4148 -0.5116
vn -0.7505 -0.3972 -0.5281
vn -0.6076 -0.3251 -0.7246
vn -0.6087 -0.3239 -0.7243
vn 0.2639 -0.1202 0.9570
vn 0.2725 -0.1255 0.9539
vn -0.5595 -0.2039 -0.8033
vn -0.5452 -0.1920 -0.8160
vn -0.6039 -0.3539 -0.7141
vn -0.6196 -0.3551 -0.7000
vn -0.6192 -0.3556 -0.7001
vn -0.6014 -0.3546 -0.7159
vn -0.0519 -0.2349 0.9706
vn -0.0324 -0.2519 0.9672
vn -0.0338 -0.2507 0.9675
vn -0.0533 -0.2337 0.9709
vn -0.4123 -0.1229 -0.9027
vn -0.4109 -0.1244 -0.9031
vn -0.3139 -0.2994 -0.9010
vn -0.2774 -0.2762 -0.9202
vn -0.0814 -0.1338 -0.9877
vn -0.0811 -0.1437 -0.9863
vn -0.0405 -0.3273 -0.9440
vn -0.0334 -0.3400 -0.9398
vn -0.3890 -0.6770 -0.6248
vn -0.4355 -0.5646 -0.7011
vn -0.4324 -0.5712 -0.6977
vn -0.3869 -0.6804 -0.6224
vn -0.7611 -0.0374 0.6475
vn -0.6794 -0.1439 0.7196
vn -0.6858 -0.1364 0.7149
vn -0.7661 -0.0301 0.6420
vn -0.3930 -0.6982 -0.5984
vn -0.3926 -0.6991 -0.5975
vn 0.2909 -0.4446 -0.8472
vn 0.5573 -0.4098 -0.7221
vn 0.5560 -0.4082 -0.7240
vn 0.2096 -0.4486 -0.8688
vn 0.0153 -0.3701 -0.9289
vn 0.0210 -0.3566 -0.9340
vn -0.3512 -0.2093 -0.9126
vn -0.3555 -0.2130 -0.9101
vn -0.3547 -0.2034 -0.9126
vn -0.3513 -0.2096 -0.9125
vn -0.5866 0.3249 0.7418
vn -0.6344 0.3237 0.7019
vn -0.6334 0.3198 0.7046
vn -0.5836 0.3245 0.7444
vn -0.4260 -0.5807 -0.6938
vn -0.4369 -0.5689 -0.6968
vn -0.5267 -0.6166 -0.5852
vn -0.5267 -0.6120 -0.5900
vn -0.5397 0.3489 0.7661
vn -0.5400 0.3499 0.7655
vn 0.1932 0.9427 -0.2721
vn 0.4247 0.9029 -0.0656
vn 0.4712 0.8820 -0.0033
vn 0.1805 0.7561 0.6291
vn -0.6627 0.6957 0.2770
vn -0.0264 0.7384 0.6739
vn -0.1520 0.6447 0.7492
vn -0.6691 0.6295 0.3951
vn -0.1510 0.6447 0.7494
vn 0.0121 -0.8865 0.4626
vn -0.0154 -0.8316 0.5551
vn -0.1696 -0.9372 0.3047
vn -0.2406 -0.9417 0.2351
vn 0.4868 -0.7637 0.4240
vn 0.6629 -0.6958 -0.2765
vn 0.6691 -0.6301 -0.3942
vn 0.1052 -0.6940 -0.7123
vn 0.1512 -0.6445 -0.7495
vn 0.1390 -0.6463 -0.7503
vn -0.2358 -0.3393 -0.9106
vn -0.2574 0.2313 -0.9382
vn 0.0412 0.1646 -0.9855
vn 0.2652 -0.0201 -0.9640
vn 0.3639 -0.2649 -0.8930
vn 0.3215 -0.5157 -0.7942
vn 0.1425 -0.7155 -0.6839
vn -0.1372 -0.7991 -0.5854
vn -0.4322 -0.7298 -0.5297
vn -0.6514 -0.5398 -0.5332
vn -0.7490 -0.2925 -0.5945
vn -0.7105 -0.0443 -0.7023
vn -0.5361 0.1502 -0.8306
vn 0.0481 0.1494 -0.9876
vn -0.2581 0.2121 -0.9426
vn -0.2066 0.6757 -0.7076
vn 0.2760 0.5604 -0.7809
vn 0.2742 -0.0272 -0.9613
vn 0.6202 0.2562 -0.7414
vn 0.3693 -0.2615 -0.8918
vn 0.7641 -0.1272 -0.6325
vn 0.3228 -0.5024 -0.8022
vn 0.7029 -0.5189 -0.4864
vn 0.1383 -0.6955 -0.7051
vn 0.4295 -0.8449 -0.3189
vn -0.1453 -0.7762 -0.6135
vn -0.0190 -0.9866 -0.1622
vn -0.4382 -0.7066 -0.5556
vn -0.4873 -0.8696 -0.0799
vn -0.6571 -0.5266 -0.5393
vn -0.4430 -0.7147 -0.5412
vn -0.5030 -0.8620 -0.0631
vn -0.8271 -0.5569 -0.0761
vn -0.7533 -0.2893 -0.5906
vn -0.9712 -0.1702 -0.1670
vn -0.7166 -0.0518 -0.6956
vn -0.9190 0.2180 -0.3286
vn -0.5424 0.1346 -0.8293
vn -0.6551 0.5373 -0.5312
vn -0.1057 0.9460 -0.3065
vn 0.4320 0.8095 -0.3976
vn 0.8084 0.4571 -0.3708
vn 0.9656 0.0239 -0.2590
vn 0.9057 -0.4146 -0.0889
vn 0.6098 -0.7837 0.1182
vn 0.1057 -0.9460 0.3065
vn -0.4249 -0.8141 0.3958
vn -0.4481 -0.7996 0.3999
vn -0.8085 -0.4570 0.3708
vn -0.9656 -0.0239 0.2590
vn -0.9057 0.4145 0.0889
vn -0.6098 0.7837 -0.1182
vn 0.0190 0.9866 0.1622
vn 0.4919 0.8677 0.0718
vn 0.8271 0.5569 0.0760
vn 0.9711 0.1702 0.1671
vn 0.9190 -0.2180 0.3285
vn 0.6551 -0.5373 0.5312
vn 0.2065 -0.6757 0.7076
vn -0.2679 -0.5601 0.7840
vn -0.2922 -0.5561 0.7781
vn -0.6202 -0.2562 0.7414
vn -0.7641 0.1272 0.6325
vn -0.7029 0.5190 0.4864
vn -0.4295 0.8449 0.3189
vn 0.1453 0.7761 0.6136
vn 0.4401 0.7098 0.5500
vn 0.6571 0.5266 0.5393
vn 0.7533 0.2893 0.5907
vn 0.7166 0.0518 0.6955
vn 0.5424 -0.1347 0.8292
vn 0.2581 -0.2121 0.9425
vn -0.0419 -0.1469 0.9883
vn -0.0562 -0.1552 0.9863
vn -0.2741 0.0273 0.9613
vn -0.3693 0.2615 0.8918
vn -0.3228 0.5023 0.8022
vn -0.1383 0.6955 0.7051
vn 0.2358 0.3393 0.9106
vn 0.4322 0.7298 0.5297
vn 0.1372 0.7991 0.5854
vn 0.6514 0.5398 0.5332
vn 0.7490 0.2925 0.5945
vn 0.7105 0.0444 0.7023
vn 0.5361 -0.1502 0.8306
vn 0.2574 -0.2313 0.9382
vn -0.0412 -0.1646 0.9855
vn -0.2652 0.0202 0.9640
vn -0.3639 0.2649 0.8930
vn -0.3215 0.5157 0.7942
vn -0.1425 0.7155 0.6839
vn -0.2779 0.8357 -0.4737
vn -0.0890 0.9898 -0.1116
vn 0.3649 0.8739 -0.3212
vn 0.0631 0.7878 -0.6127
vn -0.3870 0.6503 -0.6537
vn -0.1011 0.6449 -0.7575
vn -0.4274 0.5595 -0.7101
vn -0.1950 0.5513 -0.8112
vn -0.2324 0.3661 -0.9011
vn -0.4686 0.3839 -0.7957
vn -0.4367 0.5400 -0.7195
vn -0.1904 0.4952 -0.8477
vn -0.4951 0.2231 -0.8397
vn -0.4862 0.2805 -0.8276
vn 0.0479 0.9938 0.1001
vn -0.2064 0.9566 0.2057
vn -0.0195 0.9902 0.1382
vn 0.0581 0.9942 0.0902
vn -0.5638 0.7977 -0.2140
vn -0.3550 0.9317 0.0774
vn -0.6195 0.6366 -0.4593
vn -0.6437 0.5286 -0.5534
vn -0.6851 0.3857 -0.6179
vn -0.6594 0.4950 -0.5659
vn -0.5892 0.2197 -0.7776
vn -0.6546 0.7463 -0.1202
vn -0.4616 0.8869 -0.0206
vn -0.7077 0.6584 -0.2562
vn -0.7038 0.6157 -0.3544
vn -0.7218 0.5191 -0.4578
vn -0.7710 0.3865 -0.5061
vn -0.7508 0.4398 -0.4928
vn -0.7833 0.2605 -0.5644
vn -0.2826 0.9238 0.2582
vn -0.2944 0.9290 0.2243
vn -0.0769 0.3481 -0.9343
vn -0.1552 0.2245 -0.9620
vn -0.0646 0.3917 -0.9178
vn -0.1355 0.3250 -0.9359
vn -0.0849 0.2788 -0.9566
vn -0.1188 0.4329 -0.8936
vn 0.0481 0.6557 -0.7535
vn 0.0135 0.5875 -0.8091
vn -0.0083 0.5702 -0.8215
vn 0.2390 0.7080 -0.6645
vn 0.1437 0.6653 -0.7326
vn 0.3732 0.7740 -0.5115
vn 0.6095 0.7272 -0.3156
vn 0.4700 0.8049 -0.3623
vn 0.3857 0.9179 -0.0933
vn 0.7244 0.6394 -0.2577
vn 0.0296 0.9971 0.0704
vn 0.2749 0.9612 0.0238
vn 0.1448 0.9861 0.0815
vn 0.4470 0.8932 -0.0486
vn 0.3479 0.9343 0.0772
vn -0.3684 -0.8739 0.3173
vn 0.0942 -0.9898 0.1072
vn 0.2784 -0.8353 0.4741
vn -0.0678 -0.7829 0.6184
vn 0.3872 -0.6501 0.6538
vn 0.1047 -0.6436 0.7582
vn 0.4273 -0.5597 0.7100
vn 0.1945 -0.5514 0.8113
vn 0.2312 -0.3661 0.9014
vn 0.1883 -0.4948 0.8484
vn 0.4367 -0.5405 0.7191
vn 0.4687 -0.3839 0.7956
vn 0.4952 -0.2223 0.8398
vn 0.4854 -0.2787 0.8287
vn 0.3467 -0.9345 -0.0807
vn -0.0360 -0.9958 -0.0843
vn 0.1886 -0.9625 -0.1950
vn 0.5646 -0.7972 0.2139
vn 0.6200 -0.6363 0.4591
vn 0.6435 -0.5293 0.5530
vn 0.6855 -0.3858 0.6175
vn 0.6587 -0.4945 0.5671
vn 0.5890 -0.2191 0.7779
vn 0.4615 -0.8869 0.0187
vn 0.6551 -0.7459 0.1200
vn 0.7484 -0.6388 0.1786
vn 0.7084 -0.6578 0.2557
vn 0.7042 -0.6155 0.3540
vn 0.7183 -0.5843 0.3777
vn 0.7708 -0.3875 0.5056
vn 0.8183 -0.4237 0.3884
vn 0.8227 -0.4355 0.3655
vn 0.7843 -0.2603 0.5631
vn 0.2935 -0.9172 -0.2694
vn 0.2925 -0.9203 -0.2597
vn 0.2403 -0.9482 -0.2077
vn 0.1477 -0.2246 0.9632
vn 0.0742 -0.3480 0.9346
vn 0.0845 -0.2782 0.9568
vn 0.1371 -0.3245 0.9359
vn 0.0677 -0.3900 0.9183
vn 0.1162 -0.4326 0.8941
vn 0.0080 -0.5694 0.8220
vn -0.0132 -0.5873 0.8093
vn -0.0528 -0.6430 0.7641
vn -0.0430 -0.6407 0.7666
vn -0.2044 -0.6956 0.6888
vn -0.2163 -0.6724 0.7079
vn -0.3760 -0.7724 0.5119
vn -0.7311 -0.6300 0.2621
vn -0.2357 -0.9676 0.0906
vn -0.6116 -0.7252 0.3162
vn -0.1257 -0.9918 -0.0221
vn -0.4535 -0.8895 0.0555
vn -0.1329 -0.9891 -0.0628
vn -0.3133 -0.9486 0.0445
vn 0.5062 -0.6872 -0.5210
vn 0.3902 -0.7970 -0.4609
vn 0.3893 -0.7965 -0.4627
vn 0.5107 -0.6898 -0.5132
vn -0.4981 0.0739 0.8640
vn -0.4769 0.0271 0.8786
vn -0.4768 0.0290 0.8785
vn -0.4964 0.0660 0.8656
vn -0.6279 -0.7749 0.0721
vn -0.6947 -0.6857 0.2171
vn -0.6919 -0.6919 0.2063
vn -0.6292 -0.7742 0.0691
vn -0.5986 -0.2656 0.7557
vn -0.4364 -0.0949 0.8947
vn -0.4604 -0.1023 0.8818
vn -0.5980 -0.2675 0.7555
vn -0.1018 -0.5411 -0.8348
vn -0.1354 -0.5093 -0.8498
vn -0.1333 -0.5114 -0.8490
vn -0.0995 -0.5432 -0.8337
vn -0.5952 -0.3212 0.7366
vn -0.5943 -0.3220 0.7369
vn -0.4954 0.1066 0.8621
vn -0.4510 0.0326 0.8919
vn -0.4543 0.0353 0.8902
vn -0.4975 0.1081 0.8607
vn -0.7497 -0.3382 0.5688
vn -0.6142 -0.0541 0.7873
vn -0.6152 -0.0530 0.7866
vn -0.7511 -0.3426 0.5644
vn 0.1467 -0.6755 -0.7226
vn 0.1525 -0.6804 -0.7168
vn 0.1518 -0.6798 -0.7175
vn 0.1460 -0.6749 -0.7233
vn -0.7515 -0.4559 0.4768
vn -0.7510 -0.4562 0.4773
vn -0.7097 -0.4932 0.5031
vn -0.6986 -0.2268 0.6786
vn -0.7052 -0.2301 0.6706
vn -0.7067 -0.4943 0.5061
vn -0.6376 0.0414 0.7693
vn -0.8195 0.1400 0.5557
vn -0.8377 -0.0826 0.5399
vn -0.7223 0.1192 0.6813
vn -0.6370 0.0410 0.7698
vn -0.4869 -0.0300 0.8729
vn -0.6377 0.0414 0.7691
vn -0.6712 -0.5727 0.4706
vn -0.6728 -0.5738 0.4671
vn -0.1894 -0.2610 0.9466
vn -0.1941 -0.2472 0.9493
vn -0.5254 -0.2809 0.8031
vn -0.5282 -0.2891 0.7984
vn -0.6172 -0.2587 0.7431
vn -0.6176 -0.2573 0.7432
vn -0.9399 -0.2269 -0.2550
vn -0.9450 -0.2051 -0.2547
vn -0.9444 -0.2081 -0.2547
vn -0.9392 -0.2299 -0.2551
vn 0.8566 -0.4356 -0.2765
vn 0.8666 -0.4241 -0.2630
vn 0.9614 -0.2061 -0.1823
vn 0.9608 -0.2079 -0.1832
vn 0.7436 -0.6130 -0.2670
vn 0.7872 -0.5522 -0.2746
vn 0.7869 -0.5543 -0.2712
vn 0.7418 -0.6129 -0.2721
vn -0.9193 -0.3920 -0.0349
vn -0.9249 -0.3797 -0.0209
vn -0.9247 -0.3803 -0.0172
vn -0.9192 -0.3919 -0.0377
vn 0.8280 -0.4095 -0.3830
vn 0.8297 -0.4036 -0.3856
vn 0.9469 -0.2442 -0.2090
vn 0.9469 -0.2431 -0.2104
vn -0.9335 -0.3455 -0.0960
vn -0.9334 -0.3485 -0.0853
vn 0.9855 -0.0752 -0.1522
vn 0.9852 -0.0797 -0.1519
vn 0.9396 -0.2743 -0.2047
vn 0.9325 -0.2836 -0.2238
vn 0.9324 -0.2841 -0.2232
vn 0.9389 -0.2769 -0.2043
vn -0.7842 -0.5189 -0.3402
vn -0.7852 -0.5299 -0.3203
vn -0.7852 -0.5291 -0.3219
vn -0.7841 -0.5180 -0.3418
vn 0.9984 0.0552 -0.0128
vn 0.9985 0.0537 -0.0110
vn 0.9893 -0.0828 0.1204
vn 0.9891 -0.0969 0.1106
vn 0.9455 0.1307 0.2983
vn 0.9433 0.1272 0.3065
vn 0.9323 -0.0723 0.3543
vn 0.9280 -0.0876 0.3622
vn 0.8078 -0.5894 -0.0122
vn 0.8853 -0.4633 -0.0395
vn 0.8815 -0.4707 -0.0371
vn 0.8060 -0.5919 -0.0083
vn -0.2529 -0.3863 -0.8870
vn -0.3311 -0.4919 -0.8053
vn -0.3258 -0.4847 -0.8117
vn -0.2473 -0.3786 -0.8919
vn 0.7869 -0.6167 -0.0206
vn 0.7861 -0.6178 -0.0204
vn 0.7450 -0.1700 0.6451
vn 0.5053 -0.1148 0.8553
vn 0.5078 -0.1124 0.8541
vn 0.7762 -0.1739 0.6060
vn 0.9060 -0.1124 0.4080
vn 0.9059 -0.0968 0.4123
vn 0.9983 -0.0201 0.0554
vn 0.9984 -0.0244 0.0518
vn 0.9986 -0.0144 0.0512
vn 0.9983 -0.0208 0.0553
vn -0.4920 0.0047 -0.8706
vn -0.4346 0.0068 -0.9006
vn -0.4365 0.0028 -0.8997
vn -0.5001 0.0057 -0.8659
vn 0.8782 -0.4778 -0.0227
vn 0.8808 -0.4711 -0.0479
vn 0.8156 -0.5597 -0.1469
vn 0.8193 -0.5545 -0.1459
vn -0.5427 0.0350 -0.8392
vn -0.5423 0.0362 -0.8394
vn 0.0248 0.9933 0.1129
vn -0.2268 0.9464 0.2299
vn -0.2951 0.9222 0.2501
vn -0.7479 0.6393 -0.1785
vn -0.0661 0.5584 -0.8269
vn -0.7180 0.5842 -0.3785
vn -0.7342 0.4450 -0.5129
vn -0.1667 0.4520 -0.8763
vn -0.7348 0.4449 -0.5120
vn -0.2685 -0.9629 -0.0272
vn -0.3402 -0.9368 -0.0819
vn -0.0621 -0.9924 -0.1058
vn 0.0201 -0.9904 -0.1369
vn -0.4710 -0.8038 0.3633
vn 0.0655 -0.5586 0.8269
vn 0.1658 -0.4530 0.8760
vn 0.7220 -0.5189 0.4577
vn 0.7347 -0.4447 0.5123
vn 0.7403 -0.4480 0.5012
vn -0.7797 0.4283 0.4568
vn -0.8429 -0.1673 0.5114
vn -0.6678 -0.0910 0.7388
vn -0.4849 0.1037 0.8684
vn -0.3432 0.3646 0.8656
vn -0.2806 0.6218 0.7311
vn -0.3141 0.8064 0.5010
vn -0.4344 0.8690 0.2369
vn -0.6095 0.7927 0.0096
vn -0.7924 0.5981 -0.1201
vn -0.9341 0.3371 -0.1173
vn -0.9967 0.0799 0.0172
vn -0.9633 -0.1047 0.2473
vn -0.6639 -0.6211 0.4165
vn -0.3901 -0.5018 0.7720
vn -0.1040 -0.1974 0.9748
vn 0.1176 0.2107 0.9704
vn 0.2155 0.6130 0.7601
vn -0.3140 0.8065 0.5010
vn 0.1632 0.9018 0.4002
vn -0.0250 0.9996 -0.0129
vn -0.2989 0.8803 -0.3684
vn -0.6095 0.7927 0.0095
vn -0.5849 0.5758 -0.5712
vn -0.8066 0.1678 -0.5668
vn -0.9044 -0.2345 -0.3565
vn -0.8522 -0.5232 0.0034
vn -0.3560 -0.9033 0.2393
vn -0.0508 -0.7703 0.6356
vn 0.2681 -0.4309 0.8616
vn 0.5151 0.0239 0.8568
vn 0.6241 0.4724 0.6224
vn 0.5659 0.7942 0.2211
vn 0.3561 0.9033 -0.2393
vn 0.0508 0.7703 -0.6356
vn -0.2681 0.4309 -0.8617
vn -0.5151 -0.0239 -0.8568
vn -0.6241 -0.4724 -0.6224
vn -0.5659 -0.7942 -0.2212
vn 0.0250 -0.9996 0.0129
vn 0.2989 -0.8803 0.3684
vn 0.5850 -0.5758 0.5712
vn 0.8066 -0.1678 0.5668
vn 0.9044 0.2346 0.3565
vn 0.8522 0.5233 -0.0034
vn 0.6639 0.6211 -0.4165
vn 0.3900 0.5018 -0.7721
vn 0.3901 0.5018 -0.7720
vn 0.1040 0.1974 -0.9748
vn -0.1176 -0.2107 -0.9704
vn -0.2155 -0.6130 -0.7602
vn -0.1632 -0.9018 -0.4002
vn 0.4344 -0.8690 -0.2369
vn 0.6095 -0.7927 -0.0095
vn 0.7924 -0.5981 0.1201
vn 0.9341 -0.3371 0.1173
vn 0.9967 -0.0799 -0.0172
vn 0.9633 0.1047 -0.2473
vn 0.8429 0.1673 -0.5114
vn 0.6678 0.0910 -0.7388
vn 0.4849 -0.1037 -0.8684
vn 0.3432 -0.3646 -0.8656
vn 0.2806 -0.6218 -0.7311
vn 0.3140 -0.8064 -0.5010
vn 0.7797 -0.4283 -0.4568
vn 0.3140 -0.8065 -0.5010
vn 0.2960 0.8134 -0.5007
vn -0.3461 -0.0000 -0.9382
vn -0.9431 -0.0000 0.3325
vn 0.4138 -0.0000 0.9104
vn 0.9568 -0.0000 -0.2907
vn -0.2953 0.9549 -0.0316
vn -0.8108 -0.0000 -0.5853
vn 0.7976 -0.0000 0.6032
vn 0.7374 0.6639 0.1242
vn -0.4907 -0.0000 0.8713
vn 0.5693 -0.0000 -0.8221
vn 0.1793 0.7965 0.5775
vn -0.3387 0.4649 -0.8180
vn -0.7032 0.4978 -0.5076
vn -0.8026 0.5251 0.2829
vn -0.4169 0.5273 0.7404
vn 0.3668 0.4627 0.8071
vn 0.7103 0.4549 0.5372
vn 0.8520 0.4659 -0.2389
vn 0.5132 0.4470 -0.7327
vn -0.3167 0.6447 -0.6958
vn -0.6693 0.5721 -0.4741
vn -0.6934 0.6716 0.2609
vn -0.3322 0.7250 0.6033
vn 0.2980 0.6925 0.6570
vn 0.5730 0.6961 0.4326
vn 0.6356 0.7606 -0.1321
vn 0.3876 0.7596 -0.5222
vn -0.3283 -0.0868 -0.9406
vn -0.8196 0.0419 -0.5714
vn -0.9234 0.1520 0.3526
vn -0.4996 0.1083 0.8595
vn 0.4035 -0.0748 0.9119
vn 0.7974 -0.1810 0.5757
vn 0.9095 -0.2714 -0.3148
vn 0.5567 -0.2375 -0.7960
vn -0.2079 0.8888 -0.4085
vn -0.4287 0.8801 -0.2038
vn -0.4613 0.8528 0.2447
vn -0.2613 0.8395 0.4763
vn 0.1944 0.8040 0.5620
vn 0.4318 0.8082 0.4003
vn 0.5278 0.8458 -0.0782
vn 0.3093 0.8639 -0.3975
vn -0.3254 -0.0758 -0.9425
vn -0.8169 -0.0321 -0.5759
vn -0.9380 -0.0132 0.3463
vn -0.5087 -0.0485 0.8596
vn 0.4047 -0.1186 0.9067
vn 0.8068 -0.1536 0.5705
vn 0.9299 -0.1704 -0.3260
vn 0.5695 -0.1421 -0.8096
vn -0.2528 0.8022 -0.5409
vn -0.5783 0.7674 -0.2770
vn -0.6304 0.7053 0.3243
vn -0.3502 0.6880 0.6356
vn 0.2622 0.6649 0.6993
vn 0.5223 0.6861 0.5064
vn 0.6376 0.7642 -0.0978
vn 0.3873 0.7922 -0.4717
vn -0.3357 0.0661 -0.9397
vn -0.8238 0.0850 -0.5604
vn -0.9321 0.0622 0.3568
vn -0.5066 0.0201 0.8620
vn 0.4031 -0.0474 0.9139
vn 0.8104 -0.0673 0.5820
vn 0.9465 -0.0474 -0.3191
vn 0.5777 -0.0015 -0.8162
vn -0.3393 0.0299 -0.9402
vn -0.8293 0.0324 -0.5579
vn -0.9335 -0.0641 0.3528
vn -0.4960 -0.1663 0.8522
vn 0.4280 -0.2408 0.8711
vn 0.8178 -0.2211 0.5313
vn 0.9318 -0.1284 -0.3394
vn 0.5715 -0.0464 -0.8193
vn -0.3330 0.8575 -0.3923
vn -0.6009 0.7786 -0.1809
vn -0.6475 0.6851 0.3339
vn -0.3956 0.6809 0.6163
vn 0.1307 0.7249 0.6764
vn 0.3663 0.7935 0.4860
vn 0.4236 0.9049 -0.0403
vn 0.2026 0.9181 -0.3405
vn -0.3375 0.0304 -0.9408
vn -0.8119 -0.0967 -0.5758
vn -0.9212 -0.1840 0.3428
vn -0.4955 -0.1381 0.8576
vn 0.3987 0.0306 0.9166
vn 0.7919 0.1305 0.5965
vn 0.9254 0.2305 -0.3008
vn 0.5542 0.1991 -0.8082
vn -0.2929 -0.2048 -0.9339
vn -0.7540 -0.3274 -0.5695
vn -0.8686 -0.3752 0.3237
vn -0.4483 -0.2653 0.8536
vn 0.4070 -0.0257 0.9130
vn 0.7983 0.0776 0.5973
vn 0.9454 0.1253 -0.3010
vn 0.5938 0.0400 -0.8036
vn -0.2593 0.9407 -0.2188
vn -0.2073 0.9774 -0.0407
vn -0.3213 0.9446 0.0675
vn -0.3737 0.9075 0.1916
vn -0.0905 0.9613 0.2603
vn 0.0240 0.9871 0.1583
vn 0.0523 0.9943 -0.0925
vn -0.0389 0.9515 -0.3051
vn -0.3067 -0.0636 -0.9497
vn -0.7994 -0.1559 -0.5802
vn -0.9164 -0.2221 0.3328
vn -0.4829 -0.1832 0.8563
vn 0.4043 -0.0143 0.9145
vn 0.7966 0.0799 0.5991
vn 0.9466 0.1452 -0.2878
vn 0.5908 0.0917 -0.8016
vn -0.2878 0.6900 -0.6642
vn -0.7013 0.5643 -0.4356
vn -0.6762 0.6898 0.2585
vn -0.1890 0.9426 0.2752
vn -0.0467 0.9963 0.0715
vn -0.0321 0.9969 0.0723
vn 0.1833 0.9830 -0.0101
vn 0.2772 0.8809 -0.3836
vn -0.3269 0.0266 -0.9447
vn -0.8156 0.0077 -0.5786
vn -0.9429 -0.0285 0.3317
vn -0.5190 -0.0443 0.8536
vn 0.3982 -0.0250 0.9170
vn 0.8017 -0.0010 0.5977
vn 0.9562 0.0345 -0.2906
vn 0.5929 0.0389 -0.8044
vn -0.1260 0.7191 -0.6834
vn -0.4889 0.7807 -0.3892
vn -0.5901 0.7453 0.3103
vn -0.2841 0.6397 0.7142
vn 0.4172 0.4152 0.8084
vn 0.7601 0.3524 0.5460
vn 0.8893 0.4051 -0.2122
vn 0.5865 0.5136 -0.6263
vn -0.3005 0.1697 -0.9386
vn -0.7887 0.2222 -0.5732
vn -0.9205 0.1836 0.3449
vn -0.5014 0.0842 0.8611
vn 0.3946 -0.0667 0.9164
vn 0.7957 -0.1074 0.5961
vn 0.9525 -0.0698 -0.2963
vn 0.5969 0.0180 -0.8021
vn 0.5825 0.0123 -0.8127
vn 0.5849 0.0120 -0.8110
vn 0.5846 0.0121 -0.8112
vn 0.5838 0.0121 -0.8118
vn 0.9508 -0.0136 -0.3094
vn 0.9518 -0.0135 -0.3065
vn 0.9517 -0.0136 -0.3068
vn 0.9514 -0.0135 -0.3076
vn 0.8057 -0.0443 0.5907
vn 0.8041 -0.0445 0.5928
vn 0.8044 -0.0445 0.5924
vn 0.8050 -0.0443 0.5916
vn 0.4013 -0.0513 0.9145
vn 0.3990 -0.0510 0.9155
vn 0.3995 -0.0512 0.9153
vn 0.4003 -0.0511 0.9149
vn -0.5111 -0.0411 0.8586
vn -0.5131 -0.0411 0.8573
vn -0.5119 -0.0411 0.8581
vn -0.5112 -0.0411 0.8585
vn -0.9387 -0.0135 0.3444
vn -0.9396 -0.0131 0.3419
vn -0.9391 -0.0134 0.3433
vn -0.9388 -0.0134 0.3442
vn -0.8180 0.0232 -0.5747
vn -0.8166 0.0231 -0.5768
vn -0.8174 0.0232 -0.5756
vn -0.8179 0.0231 -0.5749
vn -0.3287 0.0307 -0.9439
vn -0.3262 0.0310 -0.9448
vn -0.3268 0.0309 -0.9446
vn -0.3277 0.0308 -0.9443
vn 0.3434 0.9104 0.2307
vn 0.6288 0.7678 -0.1227
vn 0.4154 0.7722 -0.4807
vn -0.1985 0.7825 -0.5902
vn 0.5760 -0.0110 -0.8174
vn 0.9547 -0.0355 -0.2953
vn 0.8094 -0.0366 0.5861
vn 0.3869 -0.0332 0.9215
vn -0.5021 -0.0387 0.8640
vn -0.9427 -0.0270 0.3324
vn -0.8219 -0.0081 -0.5696
vn -0.3167 -0.0012 -0.9485
vn 0.0200 0.9978 0.0636
vn -0.2113 0.9087 0.3602
vn -0.5821 0.7617 0.2844
vn -0.5353 0.7802 -0.3236
vn 0.4122 0.8374 0.3590
vn 0.5532 0.8301 -0.0706
vn 0.1061 0.9811 -0.1621
vn 0.1070 0.9612 0.2542
vn 0.2882 0.7496 0.5958
vn 0.0631 0.8728 0.4840
vn 0.2367 0.6956 0.6784
vn 0.0463 0.8015 0.5963
vn -0.0607 0.6954 0.7161
vn 0.1342 0.5910 0.7955
vn 0.2279 0.6824 0.6946
vn 0.0009 0.7782 0.6280
vn 0.0435 0.4853 0.8733
vn 0.0686 0.5258 0.8479
vn 0.5617 0.7610 -0.3246
vn 0.7694 0.5895 -0.2461
vn 0.6238 0.7159 -0.3138
vn 0.5494 0.7708 -0.3224
vn 0.7208 0.5899 0.3641
vn 0.7986 0.6006 -0.0389
vn 0.5315 0.5748 0.6222
vn 0.4358 0.5294 0.7278
vn 0.3539 0.4352 0.8278
vn 0.4213 0.5036 0.7543
vn 0.1230 0.4219 0.8983
vn 0.8038 0.4636 0.3728
vn 0.7946 0.5911 0.1386
vn 0.7159 0.4530 0.5313
vn 0.6321 0.4757 0.6116
vn 0.5322 0.4474 0.7187
vn 0.4657 0.3491 0.8132
vn 0.4887 0.3916 0.7796
vn 0.3716 0.2743 0.8869
vn 0.8304 0.5059 -0.2334
vn 0.8252 0.5294 -0.1967
vn -0.1759 0.7423 0.6465
vn -0.2029 0.6465 0.7354
vn -0.1501 0.7740 0.6151
vn -0.1537 0.7099 0.6873
vn -0.2125 0.7035 0.6782
vn -0.0900 0.7750 0.6255
vn -0.0176 0.9212 0.3886
vn -0.0547 0.8864 0.4597
vn -0.0557 0.8730 0.4846
vn -0.0642 0.9765 0.2058
vn -0.0554 0.9475 0.3150
vn -0.0467 0.9989 0.0009
vn -0.1184 0.9523 -0.2812
vn -0.0199 0.9843 -0.1755
vn 0.2006 0.9109 -0.3605
vn -0.2053 0.9001 -0.3842
vn 0.5531 0.7796 -0.2937
vn 0.3613 0.8480 -0.3878
vn 0.4847 0.7925 -0.3700
vn 0.1870 0.8841 -0.4283
vn 0.3230 0.8183 -0.4755
vn -0.1062 -0.9800 0.1685
vn -0.5597 -0.8256 0.0716
vn -0.4122 -0.8370 -0.3597
vn -0.0995 -0.9616 -0.2559
vn -0.2882 -0.7494 -0.5961
vn -0.0644 -0.8712 -0.4867
vn -0.2368 -0.6956 -0.6782
vn -0.0460 -0.8017 -0.5960
vn 0.0616 -0.6958 -0.7156
vn 0.0007 -0.7787 -0.6273
vn -0.2282 -0.6826 -0.6943
vn -0.1343 -0.5909 -0.7955
vn -0.0432 -0.4847 -0.8736
vn -0.0666 -0.5253 -0.8483
vn -0.7959 -0.6036 0.0464
vn -0.5623 -0.7678 0.3071
vn -0.7550 -0.6064 0.2495
vn -0.7211 -0.5891 -0.3647
vn -0.5318 -0.5743 -0.6224
vn -0.4364 -0.5298 -0.7272
vn -0.3544 -0.4349 -0.8278
vn -0.4198 -0.5040 -0.7548
vn -0.1225 -0.4216 -0.8985
vn -0.7957 -0.5900 -0.1371
vn -0.8040 -0.4630 -0.3731
vn -0.7766 -0.3774 -0.5045
vn -0.7164 -0.4520 -0.5315
vn -0.6326 -0.4752 -0.6116
vn -0.6113 -0.4579 -0.6454
vn -0.4664 -0.3497 -0.8125
vn -0.2903 0.6022 -0.7437
vn -0.3764 0.7143 -0.5900
vn -0.3729 -0.2730 -0.8868
vn -0.8389 -0.4914 0.2342
vn -0.8365 -0.4985 0.2276
vn -0.7894 -0.5714 0.2243
vn 0.2075 -0.6494 -0.7316
vn 0.1776 -0.7431 -0.6452
vn 0.2132 -0.7033 -0.6782
vn 0.1532 -0.7092 -0.6882
vn 0.1494 -0.7722 -0.6176
vn 0.0918 -0.7757 -0.6243
vn 0.0565 -0.8727 -0.4850
vn 0.0547 -0.8862 -0.4601
vn 0.0316 -0.9181 -0.3950
vn 0.0272 -0.9149 -0.4027
vn 0.0591 -0.9673 -0.2466
vn 0.0860 -0.9634 -0.2540
vn 0.0492 -0.9988 0.0001
vn 0.2157 -0.8981 0.3833
vn -0.3237 -0.9031 0.2822
vn 0.1209 -0.9519 0.2815
vn -0.4733 -0.8260 0.3061
vn -0.1782 -0.8870 0.4260
vn -0.4767 -0.8076 0.3471
vn -0.2970 -0.8845 0.3599
vn -0.9684 -0.0506 0.2443
vn -0.9252 -0.2314 0.3007
vn -0.9249 -0.2300 0.3027
vn -0.9667 -0.0717 0.2458
vn 0.7065 -0.6079 -0.3623
vn 0.6712 -0.6406 -0.3730
vn 0.6724 -0.6390 -0.3735
vn 0.7019 -0.6137 -0.3614
vn 0.0025 -0.8695 0.4940
vn 0.1434 -0.9027 0.4056
vn 0.1572 -0.9000 0.4065
vn 0.0023 -0.8677 0.4972
vn 0.5382 -0.8294 -0.1495
vn 0.5839 -0.7170 -0.3807
vn 0.5898 -0.7293 -0.3468
vn 0.5369 -0.8301 -0.1503
vn -0.5900 0.0342 0.8067
vn -0.5577 0.0557 0.8281
vn -0.5604 0.0540 0.8265
vn -0.5926 0.0324 0.8048
vn 0.4988 -0.8574 -0.1264
vn 0.4976 -0.8580 -0.1273
vn 0.7232 -0.5834 -0.3698
vn 0.6628 -0.6339 -0.3986
vn 0.6661 -0.6321 -0.3959
vn 0.7250 -0.5821 -0.3681
vn 0.5164 -0.8505 0.0998
vn 0.6773 -0.7060 -0.2069
vn 0.6814 -0.7006 -0.2118
vn 0.5231 -0.8472 0.0925
vn -0.7847 -0.0520 0.6177
vn -0.7892 -0.0572 0.6115
vn -0.7886 -0.0566 0.6123
vn -0.7842 -0.0514 0.6184
vn 0.4211 -0.8871 0.1890
vn 0.4207 -0.8874 0.1882
vn 0.3845 -0.9107 0.1511
vn 0.5867 -0.8091 -0.0345
vn 0.6007 -0.7984 -0.0415
vn 0.3853 -0.9113 0.1456
vn 0.7441 -0.6362 -0.2040
vn -0.2364 -0.9574 -0.1656
vn -0.6991 0.4357 -0.5670
vn 0.7431 -0.6369 -0.2053
vn 0.6342 -0.6838 -0.3608
vn 0.7438 -0.6365 -0.2043
vn 0.3020 -0.9379 0.1706
vn 0.3098 -0.9357 0.1685
vn 0.3710 -0.7720 -0.5162
vn 0.3816 -0.7653 -0.5183
vn 0.5026 -0.8344 -0.2263
vn 0.4996 -0.8401 -0.2115
vn 0.5484 -0.8258 -0.1316
vn 0.5499 -0.8247 -0.1319
vn 0.3522 -0.3696 0.8598
vn 0.3677 -0.3550 0.8595
vn 0.3657 -0.3570 0.8595
vn 0.3496 -0.3720 0.8599
vn -0.9598 0.1333 -0.2469
vn -0.9565 0.1308 -0.2606
vn -0.8423 0.3054 -0.4441
vn -0.8440 0.3035 -0.4421
vn -0.9881 -0.0724 -0.1358
vn -0.9848 0.0033 -0.1737
vn -0.9844 -0.0005 -0.1759
vn -0.9888 -0.0677 -0.1327
vn 0.3459 -0.6270 0.6980
vn 0.3628 -0.6289 0.6876
vn 0.3650 -0.6309 0.6847
vn 0.3450 -0.6255 0.6998
vn -0.9678 0.2095 -0.1397
vn -0.9660 0.2173 -0.1401
vn -0.8693 0.2848 -0.4040
vn -0.8692 0.2865 -0.4030
vn 0.3542 -0.5600 0.7490
vn 0.3569 -0.5678 0.7418
vn -0.7669 0.3986 -0.5030
vn -0.7590 0.4009 -0.5130
vn -0.8824 0.2539 -0.3960
vn -0.8916 0.2556 -0.3737
vn -0.8917 0.2548 -0.3741
vn -0.8827 0.2513 -0.3971
vn 0.0498 -0.4881 0.8714
vn 0.0536 -0.5096 0.8587
vn 0.0534 -0.5081 0.8596
vn 0.0496 -0.4865 0.8723
vn -0.6221 0.4242 -0.6580
vn -0.6223 0.4222 -0.6592
vn -0.6595 0.2184 -0.7192
vn -0.6443 0.2202 -0.7324
vn -0.3875 0.2681 -0.8820
vn -0.3904 0.2591 -0.8834
vn -0.4725 0.0588 -0.8794
vn -0.4742 0.0412 -0.8794
vn -0.8945 -0.1934 -0.4032
vn -0.8864 -0.0358 -0.4615
vn -0.8871 -0.0449 -0.4594
vn -0.8934 -0.1986 -0.4030
vn -0.4349 0.1314 0.8908
vn -0.4130 -0.0237 0.9104
vn -0.4148 -0.0137 0.9098
vn -0.4358 0.1409 0.8889
vn -0.9008 -0.2190 -0.3750
vn -0.9008 -0.2204 -0.3742
vn -0.2639 -0.2564 -0.9299
vn 0.0141 -0.4068 -0.9134
vn 0.0135 -0.4042 -0.9146
vn -0.3224 -0.2187 -0.9210
vn -0.4506 -0.0159 -0.8926
vn -0.4388 -0.0053 -0.8986
vn -0.6364 0.3208 -0.7015
vn -0.6413 0.3195 -0.6976
vn -0.6350 0.3282 -0.6993
vn -0.6366 0.3206 -0.7014
vn -0.0817 0.3356 0.9385
vn -0.1294 0.3720 0.9192
vn -0.1302 0.3677 0.9208
vn -0.0805 0.3337 0.9392
vn -0.8845 -0.0600 -0.4627
vn -0.8902 -0.0401 -0.4539
vn -0.9506 -0.0757 -0.3010
vn -0.9496 -0.0702 -0.3056
vn -0.0264 0.3266 0.9448
vn -0.0261 0.3282 0.9443
vn 0.5821 0.7471 -0.3210
vn 0.7904 0.5590 -0.2506
vn 0.8347 0.5057 -0.2181
vn 0.7767 0.3778 0.5040
vn -0.0317 0.8502 0.5255
vn 0.6106 0.4583 0.6458
vn 0.4697 0.4124 0.7806
vn -0.0495 0.7665 0.6403
vn 0.4705 0.4117 0.7805
vn -0.3675 -0.8457 0.3869
vn -0.3312 -0.8152 0.4750
vn -0.5528 -0.7615 0.3386
vn -0.6240 -0.7165 0.3120
vn 0.0215 -0.9843 0.1751
vn 0.0319 -0.8504 -0.5251
vn 0.0494 -0.7674 -0.6393
vn -0.5324 -0.4471 -0.7188
vn -0.4702 -0.4118 -0.7806
vn -0.4817 -0.4066 -0.7763
vt 0.970383 0.927998
vt 0.987774 0.920999
vt 0.987774 0.930411
vt 0.984165 0.939497
vt 0.977916 0.945825
vt 0.970699 0.947698
vt 0.421306 0.972025
vt 0.432841 0.957675
vt 0.435204 0.965610
vt 0.435204 0.975353
vt 0.432841 0.984290
vt 0.428748 0.990027
vt 0.741984 0.837971
vt 0.750561 0.849437
vt 0.741060 0.849437
vt 0.970698 0.912577
vt 0.977915 0.910705
vt 0.984166 0.913787
vt 0.447223 0.939459
vt 0.443749 0.930711
vt 0.461875 0.920588
vt 0.467891 0.935738
vt 0.447222 0.949235
vt 0.467892 0.952670
vt 0.443749 0.957423
vt 0.461875 0.966854
vt 0.437734 0.961827
vt 0.451456 0.974482
vt 0.770141 0.228342
vt 0.778076 0.225979
vt 0.787930 0.244582
vt 0.774185 0.248674
vt 0.760397 0.228342
vt 0.757310 0.248675
vt 0.751461 0.225979
vt 0.741832 0.244581
vt 0.662649 0.971351
vt 0.669697 0.971352
vt 0.672659 0.992088
vt 0.660450 0.992088
vt 0.735622 0.909432
vt 0.728318 0.915509
vt 0.711841 0.904046
vt 0.724493 0.893523
vt 0.743859 0.904668
vt 0.738762 0.885269
vt 0.750823 0.902491
vt 0.750822 0.881500
vt 0.437734 0.925340
vt 0.451455 0.911283
vt 0.479690 0.915978
vt 0.486637 0.933470
vt 0.486637 0.953025
vt 0.479691 0.969401
vt 0.942034 0.767128
vt 0.925069 0.767130
vt 0.924560 0.750953
vt 0.944149 0.750953
vt 0.790650 0.265264
vt 0.774776 0.269992
vt 0.755292 0.269992
vt 0.737417 0.265265
vt 0.704198 0.914023
vt 0.688404 0.899043
vt 0.697233 0.887524
vt 0.711841 0.875372
vt 0.728317 0.865843
vt 0.742245 0.861490
vt 0.882444 0.161805
vt 0.893758 0.149208
vt 0.907255 0.157845
vt 0.894194 0.172393
vt 0.886260 0.188950
vt 0.911072 0.184990
vt 0.904202 0.199329
vt 0.885585 0.203083
vt 0.903617 0.211567
vt 0.907145 0.745990
vt 0.911147 0.725516
vt 0.926227 0.729815
vt 0.943193 0.729814
vt 0.960667 0.745989
vt 0.957496 0.725516
vt 0.771757 0.286580
vt 0.754883 0.286581
vt 0.817642 0.576391
vt 0.799327 0.571349
vt 0.801188 0.555094
vt 0.817049 0.559460
vt 0.821511 0.518661
vt 0.804845 0.528953
vt 0.797801 0.513545
vt 0.812236 0.504633
vt 0.688404 0.870370
vt 0.701056 0.859846
vt 0.715323 0.851593
vt 0.921948 0.149209
vt 0.935108 0.164912
vt 0.922384 0.172391
vt 0.928558 0.196222
vt 0.924591 0.204502
vt 0.924253 0.211567
vt 0.920917 0.706895
vt 0.929623 0.709377
vt 0.939420 0.709377
vt 0.947677 0.706895
vt 0.790466 0.544838
vt 0.802293 0.530473
vt 0.808484 0.536395
vt 0.817642 0.538916
vt 0.790466 0.494346
vt 0.798798 0.489201
vt 0.820914 0.491250
vt 0.803811 0.481473
vt 0.821511 0.476982
vt 0.804156 0.473236
vt 0.942436 0.184630
vt 0.935088 0.188949
vt 0.688404 0.989488
vt 0.694631 0.973203
vt 0.700383 0.980358
vt 0.688404 0.969846
vt 0.897488 0.575476
vt 0.885744 0.566353
vt 0.891227 0.559149
vt 0.882175 0.575476
vt 0.163256 0.960370
vt 0.170644 0.978741
vt 0.162761 0.979060
vt 0.177474 0.973568
vt 0.181415 0.964927
vt 0.181416 0.955135
vt 0.177474 0.946809
vt 0.170646 0.942188
vt 0.162761 0.942507
vt 0.704121 0.989390
vt 0.557445 0.958638
vt 0.538401 0.952280
vt 0.542247 0.943068
vt 0.548906 0.938127
vt 0.949388 0.551073
vt 0.965195 0.535494
vt 0.968782 0.544024
vt 0.968409 0.554768
vt 0.964173 0.564854
vt 0.957211 0.571574
vt 0.949388 0.573129
vt 0.912342 0.575152
vt 0.912342 0.559149
vt 0.921489 0.564998
vt 0.556597 0.979897
vt 0.548907 0.979243
vt 0.542245 0.973165
vt 0.538401 0.963297
vt 0.932880 0.232271
vt 0.929034 0.241483
vt 0.905709 0.237579
vt 0.912368 0.221622
vt 0.939539 0.227330
vt 0.923908 0.213065
vt 0.914351 0.668880
vt 0.907145 0.663074
vt 0.921197 0.645328
vt 0.933677 0.655382
vt 0.919122 0.678514
vt 0.941942 0.672071
vt 0.920180 0.689402
vt 0.943773 0.690926
vt 0.917241 0.698621
vt 0.938684 0.706895
vt 0.583483 0.985347
vt 0.574869 0.986200
vt 0.566083 0.964233
vt 0.581005 0.962756
vt 0.899512 0.067594
vt 0.888655 0.067595
vt 0.883227 0.045527
vt 0.902030 0.045526
vt 0.909887 0.069573
vt 0.920000 0.048952
vt 0.932877 0.262368
vt 0.939539 0.268446
vt 0.923905 0.284280
vt 0.912368 0.273754
vt 0.929034 0.252499
vt 0.905706 0.256660
vt 0.884353 0.237175
vt 0.892044 0.218750
vt 0.302668 0.840092
vt 0.305079 0.821329
vt 0.323971 0.819654
vt 0.321190 0.841318
vt 0.305079 0.858220
vt 0.323972 0.862253
vt 0.953427 0.647412
vt 0.962969 0.666685
vt 0.965085 0.688457
vt 0.959208 0.706895
vt 0.566253 0.939832
vt 0.583483 0.938127
vt 0.882444 0.020786
vt 0.904156 0.020783
vt 0.924906 0.024740
vt 0.932323 0.054887
vt 0.939136 0.031592
vt 0.892041 0.278947
vt 0.884351 0.259209
vt 0.331571 0.803068
vt 0.354265 0.808691
vt 0.347682 0.823057
vt 0.345273 0.841818
vt 0.347683 0.859946
vt 0.331574 0.876849
vt 0.354266 0.872588
vt 0.070490 0.931096
vt 0.076720 0.913312
vt 0.099138 0.915960
vt 0.093742 0.931362
vt 0.070488 0.953013
vt 0.093741 0.950343
vt 0.076715 0.973194
vt 0.099135 0.967818
vt 0.886516 -0.000000
vt 0.905321 -0.000000
vt 0.923292 0.003426
vt 0.954404 0.944524
vt 0.945728 0.964414
vt 0.925377 0.956500
vt 0.932890 0.939274
vt 0.955768 0.922900
vt 0.934070 0.920548
vt 0.949457 0.905337
vt 0.928605 0.905337
vt 0.373660 0.822328
vt 0.369860 0.830621
vt 0.368468 0.841454
vt 0.369861 0.851920
vt 0.373660 0.859220
vt 0.120108 0.926800
vt 0.116994 0.935692
vt 0.116993 0.946650
vt 0.120108 0.956739
vt 0.955768 0.990830
vt 0.941114 0.990830
vt 0.945953 0.967609
vt 0.954412 0.967610
vt 0.913546 0.967609
vt 0.898661 0.950058
vt 0.905492 0.943644
vt 0.909829 0.933698
vt 0.910511 0.922885
vt 0.907355 0.914104
vt 0.340636 0.961564
vt 0.340636 0.939665
vt 0.348102 0.940845
vt 0.402021 0.966388
vt 0.388647 0.975406
vt 0.384440 0.965327
vt 0.395082 0.983776
vt 0.402021 0.988201
vt 0.975660 0.962789
vt 0.957168 0.962692
vt 0.956606 0.953288
vt 0.961399 0.972800
vt 0.968168 0.980904
vt 0.975660 0.984832
vt 0.359661 0.968092
vt 0.356425 0.976886
vt 0.359087 0.957258
vt 0.354856 0.947284
vt 0.755607 0.109016
vt 0.763827 0.144221
vt 0.744434 0.151531
vt 0.737417 0.116886
vt 0.059870 0.825812
vt 0.070488 0.871889
vt 0.046704 0.880719
vt 0.035647 0.836617
vt 0.050872 0.797819
vt 0.027763 0.809272
vt 0.021579 0.769934
vt 0.038216 0.760850
vt 0.041953 0.771767
vt 0.023217 0.780353
vt 0.016205 0.718761
vt 0.008893 0.735856
vt 0.780872 0.175156
vt 0.794361 0.165959
vt 0.810051 0.206687
vt 0.808871 0.225979
vt 0.780991 0.104923
vt 0.784543 0.140469
vt 0.782078 0.056046
vt 0.756092 0.060290
vt 0.784571 0.030744
vt 0.070488 0.785801
vt 0.052697 0.752897
vt 0.057137 0.761108
vt 0.034265 0.721823
vt 0.812463 0.103244
vt 0.810198 0.133162
vt 0.796709 0.075653
vt 0.806240 0.055331
vt 0.813285 0.030795
vt 0.804367 0.002371
vt 0.805560 0.006299
vt 0.783688 0.007672
vt 0.783394 0.000000
vt 0.055041 0.735879
vt 0.064753 0.745636
vt 0.813285 0.184553
vt 0.811071 0.155106
vt 0.014896 0.773360
vt 0.005620 0.751913
vt 0.009073 0.776331
vt 0.002738 0.779371
vt 0.003093 0.772567
vt 0.017518 0.782000
vt 0.007162 0.844717
vt 0.004249 0.832059
vt 0.020234 0.835830
vt 0.028531 0.883076
vt 0.014766 0.874966
vt 0.138532 0.892819
vt 0.131740 0.873301
vt 0.153653 0.874513
vt 0.155871 0.894163
vt 0.139407 0.845325
vt 0.153493 0.851381
vt 0.789643 0.212373
vt 0.767886 0.183294
vt 0.771944 0.181827
vt 0.996834 0.934247
vt 0.996834 0.951531
vt 0.987774 0.945907
vt 0.990143 0.910705
vt 0.186520 0.879959
vt 0.162761 0.869748
vt 0.165901 0.843210
vt 0.188195 0.853756
vt 0.183510 0.795929
vt 0.206203 0.808290
vt 0.196476 0.768206
vt 0.218049 0.781082
vt 0.229511 0.742059
vt 0.226280 0.753065
vt 0.208049 0.744557
vt 0.214209 0.731970
vt 0.241149 0.693835
vt 0.246661 0.710489
vt 0.881527 0.681304
vt 0.899833 0.686623
vt 0.874138 0.726786
vt 0.859903 0.726389
vt 0.885240 0.647159
vt 0.907145 0.653513
vt 0.879676 0.601751
vt 0.165490 0.782952
vt 0.178054 0.756191
vt 0.200593 0.724061
vt 0.193945 0.733539
vt 0.222634 0.695536
vt 0.857615 0.672570
vt 0.855098 0.643775
vt 0.852078 0.612550
vt 0.868146 0.618906
vt 0.857383 0.599288
vt 0.849682 0.588477
vt 0.188848 0.717777
vt 0.185288 0.721425
vt 0.185288 0.721425
vt 0.199924 0.708662
vt 0.863252 0.691258
vt 0.849518 0.724753
vt 0.854621 0.694529
vt 0.247405 0.726361
vt 0.235498 0.746142
vt 0.247269 0.746898
vt 0.246685 0.753772
vt 0.240968 0.749872
vt 0.231777 0.754488
vt 0.221533 0.809096
vt 0.238094 0.806774
vt 0.233313 0.819572
vt 0.219815 0.813954
vt 0.205622 0.858453
vt 0.220617 0.851297
vt 0.195018 0.864343
vt 0.615418 0.936563
vt 0.628558 0.929915
vt 0.637935 0.956048
vt 0.616700 0.958987
vt 0.997553 0.638825
vt 0.991439 0.608786
vt 0.997553 0.599337
vt 0.557445 0.961124
vt 0.563615 0.938127
vt 0.565603 0.967020
vt 0.643266 0.949372
vt 0.638687 0.930118
vt 0.640605 0.929914
vt 0.645182 0.949237
vt 0.992430 0.152203
vt 0.995920 0.171244
vt 0.994258 0.171709
vt 0.990799 0.152689
vt 0.993645 0.077370
vt 0.995218 0.058149
vt 0.997010 0.058272
vt 0.995483 0.077624
vt 0.838006 0.898888
vt 0.837091 0.925948
vt 0.835484 0.926462
vt 0.836360 0.898976
vt 0.963772 0.415479
vt 0.963725 0.400684
vt 0.965362 0.400367
vt 0.965362 0.415236
vt 0.847748 0.867398
vt 0.846128 0.867236
vt 0.992697 0.886945
vt 0.995203 0.910488
vt 0.993660 0.910705
vt 0.991233 0.887067
vt 0.995203 0.858532
vt 0.991968 0.872683
vt 0.990516 0.872741
vt 0.993829 0.858465
vt 0.953266 0.148792
vt 0.953266 0.137320
vt 0.954882 0.137565
vt 0.954871 0.149026
vt 0.104078 0.991659
vt 0.104071 0.973608
vt 0.105838 0.973194
vt 0.105838 0.991364
vt 0.994226 0.016590
vt 0.993645 0.011682
vt 0.995322 0.011141
vt 0.995879 0.016110
vt 0.292682 0.516345
vt 0.291315 0.496259
vt 0.292682 0.496158
vt 0.153695 0.262888
vt 0.153695 0.247376
vt 0.153695 0.247376
vt 0.554369 0.662228
vt 0.554369 0.642041
vt 0.555710 0.662107
vt 0.994416 0.030626
vt 0.996039 0.030324
vt 0.847748 0.943000
vt 0.846202 0.943895
vt 0.993992 0.131691
vt 0.992211 0.131621
vt 0.995920 0.107308
vt 0.994144 0.107302
vt 0.131740 0.913085
vt 0.131740 0.903753
vt 0.133437 0.903774
vt 0.133448 0.912969
vt 0.642002 0.965136
vt 0.643953 0.965394
vt 0.641188 0.981766
vt 0.643108 0.982231
vt 0.286115 0.483861
vt 0.285298 0.477357
vt 0.287263 0.477186
vt 0.288068 0.483633
vt 0.157637 0.989480
vt 0.158287 0.982684
vt 0.160265 0.982621
vt 0.159608 0.989555
vt 0.289107 0.500486
vt 0.291063 0.500366
vt 0.638687 0.988549
vt 0.640575 0.989126
vt 0.157637 0.972549
vt 0.159609 0.972408
vt 0.285298 0.519131
vt 0.287244 0.519256
vt 0.994700 0.965572
vt 0.992678 0.953905
vt 0.994529 0.953287
vt 0.996569 0.965072
vt 0.083485 0.990293
vt 0.083485 0.973240
vt 0.085436 0.973194
vt 0.085425 0.990234
vt 0.367739 0.972483
vt 0.367763 0.994854
vt 0.365832 0.995110
vt 0.365832 0.972766
vt 0.992678 0.997982
vt 0.994595 0.997754
vt 0.398595 0.784874
vt 0.400293 0.802129
vt 0.398571 0.802463
vt 0.396868 0.785158
vt 0.400293 0.771048
vt 0.398823 0.771189
vt 0.997143 0.512200
vt 0.999306 0.531390
vt 0.997590 0.532003
vt 0.995358 0.512643
vt 0.291117 0.496125
vt 0.291285 0.477233
vt 0.292682 0.477186
vt 0.292682 0.496158
vt 0.999306 0.490509
vt 0.997516 0.490617
vt 0.157390 0.861894
vt 0.157390 0.876651
vt 0.155871 0.876098
vt 0.156143 0.860780
vt 0.555710 0.699943
vt 0.555461 0.711750
vt 0.554340 0.711896
vt 0.554340 0.699904
vt 0.155252 0.444352
vt 0.153853 0.467850
vt 0.152361 0.467943
vt 0.153767 0.444436
vt 0.079797 0.978222
vt 0.079126 0.973485
vt 0.080886 0.973193
vt 0.081555 0.978168
vt 0.152314 0.247376
vt 0.153676 0.269093
vt 0.152067 0.269722
vt 0.155252 0.492247
vt 0.153695 0.285968
vt 0.152067 0.286690
vt 0.079126 0.988731
vt 0.080738 0.989240
vt 0.070488 0.988049
vt 0.055235 0.971573
vt 0.070488 0.951032
vt 0.776604 0.167411
vt 0.759902 0.178381
vt 0.791354 0.158148
vt 0.802493 0.151379
vt 0.147442 0.903753
vt 0.131740 0.900137
vt 0.812984 0.069876
vt 0.005847 0.818001
vt 0.813033 0.044057
vt 0.798257 0.020970
vt -0.000000 0.796500
vt 0.808787 0.016612
vt 0.886139 0.725381
vt 0.889111 0.727374
vt 0.885514 0.731886
vt 0.565980 0.972497
vt 0.557445 0.978176
vt 0.715111 0.246669
vt 0.722893 0.233784
vt 0.734516 0.275355
vt 0.715111 0.285863
vt 0.866539 0.755695
vt 0.847748 0.768031
vt 0.849767 0.747525
vt 0.632374 0.974926
vt 0.615418 0.978194
vt 0.238631 0.792095
vt 0.247609 0.770767
vt 0.847748 0.576391
vt 0.873645 0.578761
vt 0.162761 0.744518
vt 0.175760 0.731193
vt 0.178130 0.740219
vt 0.243777 0.680977
vt 0.227555 0.643884
vt 0.261850 0.618206
vt 0.275699 0.656013
vt 0.084208 0.072487
vt 0.085813 0.000000
vt 0.123179 0.009311
vt 0.124355 0.079947
vt 0.082374 0.117389
vt 0.121899 0.123195
vt 0.108523 0.180005
vt 0.079738 0.176964
vt 0.080516 0.159371
vt 0.112067 0.164960
vt 0.074210 0.247376
vt 0.099281 0.233224
vt 0.207445 0.596810
vt 0.186725 0.614039
vt 0.168856 0.553051
vt 0.174408 0.519478
vt 0.206287 0.692778
vt 0.197908 0.652208
vt 0.042518 0.070120
vt 0.046384 0.000000
vt 0.041664 0.113599
vt 0.050128 0.172944
vt 0.048016 0.158135
vt 0.051547 0.227639
vt 0.981856 0.838136
vt 0.964125 0.809184
vt 0.981856 0.774832
vt 0.164420 0.693835
vt 0.023208 0.042988
vt 0.005302 0.009232
vt 0.008943 0.072579
vt 0.000247 0.112350
vt 0.020073 0.168840
vt 0.017387 0.161028
vt 0.028818 0.190383
vt 0.162761 0.586067
vt 0.163394 0.630095
vt 0.118427 0.181033
vt 0.114485 0.215694
vt 0.127032 0.181944
vt 0.136275 0.183180
vt 0.131480 0.191588
vt 0.119855 0.167516
vt 0.162761 0.092762
vt 0.161433 0.112394
vt 0.143081 0.093891
vt 0.144854 0.020760
vt 0.159442 0.043512
vt 0.340636 0.980600
vt 0.321955 0.955768
vt 0.340636 0.939665
vt 0.199425 0.942188
vt 0.215289 0.961294
vt 0.199425 0.984672
vt 0.436574 0.957675
vt 0.421306 0.917565
vt 0.436574 0.911283
vt 0.815691 0.930296
vt 0.834154 0.953891
vt 0.815691 0.977342
vt 0.201367 0.535716
vt 0.230479 0.575134
vt 0.223681 0.579688
vt 0.228570 0.550890
vt 0.246066 0.566128
vt 0.459515 0.650793
vt 0.495401 0.673053
vt 0.474604 0.707262
vt 0.441138 0.685444
vt 0.208862 0.005891
vt 0.246803 0.000000
vt 0.243936 0.071389
vt 0.203234 0.075296
vt 0.242448 0.115887
vt 0.202475 0.118170
vt 0.211704 0.175302
vt 0.209101 0.159190
vt 0.241216 0.154356
vt 0.240561 0.174832
vt 0.239178 0.245133
vt 0.215405 0.228918
vt 0.522553 0.677745
vt 0.518861 0.611006
vt 0.541186 0.610936
vt 0.509890 0.714839
vt 0.285006 0.003614
vt 0.284924 0.072853
vt 0.282728 0.115769
vt 0.269730 0.173566
vt 0.273563 0.156518
vt 0.263614 0.227476
vt 0.965085 0.643415
vt 0.981972 0.677893
vt 0.965085 0.706895
vt 0.546835 0.710507
vt 0.323937 0.016583
vt 0.324605 0.062020
vt 0.304914 0.047956
vt 0.317308 0.078432
vt 0.324829 0.097488
vt 0.299179 0.172320
vt 0.302466 0.164962
vt 0.153695 0.247376
vt 0.288748 0.192626
vt 0.542803 0.658910
vt 0.554320 0.683447
vt 0.554320 0.610303
vt 0.553653 0.652671
vt 0.202361 0.210034
vt 0.201744 0.175473
vt 0.187289 0.184706
vt 0.183130 0.175792
vt 0.192643 0.175628
vt 0.201349 0.162165
vt 0.183083 0.087384
vt 0.162761 0.104263
vt 0.162761 0.084842
vt 0.182913 0.080089
vt 0.185679 0.015266
vt 0.169094 0.036545
vt 0.438779 0.665255
vt 0.463569 0.604416
vt 0.479284 0.614276
vt 0.440038 0.624312
vt 0.495960 0.610313
vt 0.489453 0.582567
vt 0.516784 0.565449
vt 0.493613 0.599978
vt 0.984891 0.355732
vt 0.986327 0.375875
vt 0.983588 0.376098
vt 0.982132 0.355817
vt 0.159572 0.586269
vt 0.155252 0.555464
vt 0.157979 0.555402
vt 0.162305 0.586269
vt 0.988045 0.706972
vt 0.983700 0.735194
vt 0.980934 0.735382
vt 0.985298 0.706895
vt 0.845111 0.815300
vt 0.843750 0.771737
vt 0.846404 0.771308
vt 0.847748 0.815492
vt 0.979962 0.839013
vt 0.981703 0.863295
vt 0.979962 0.863684
vt 0.072936 0.990367
vt 0.070488 0.974433
vt 0.072936 0.973194
vt 0.836701 0.866685
vt 0.839260 0.867236
vt 0.987198 0.449639
vt 0.985254 0.415874
vt 0.987935 0.415479
vt 0.989957 0.449429
vt 0.987276 0.492074
vt 0.985956 0.469932
vt 0.988722 0.469823
vt 0.990068 0.492182
vt 0.958744 0.208832
vt 0.958744 0.220681
vt 0.956237 0.219733
vt 0.956247 0.207877
vt 0.985254 0.518332
vt 0.988030 0.518652
vt 0.822215 0.509326
vt 0.821512 0.502149
vt 0.824286 0.501997
vt 0.824983 0.509333
vt 0.824546 0.472288
vt 0.153728 0.247376
vt 0.302192 0.659887
vt 0.302192 0.689902
vt 0.299438 0.660348
vt 0.988045 0.768334
vt 0.985365 0.769256
vt 0.821512 0.528628
vt 0.824256 0.528953
vt 0.373657 0.900998
vt 0.371023 0.877319
vt 0.373657 0.876849
vt 0.836701 0.746738
vt 0.156236 0.618643
vt 0.158794 0.618796
vt 0.155252 0.663381
vt 0.157854 0.663528
vt 0.367618 0.927693
vt 0.367650 0.937337
vt 0.365136 0.938069
vt 0.365136 0.928615
vt 0.988163 0.334471
vt 0.985642 0.334485
vt 0.984623 0.300531
vt 0.982132 0.300204
vt 0.988428 0.197796
vt 0.988561 0.207601
vt 0.986093 0.207877
vt 0.985996 0.198194
vt 0.218796 0.968934
vt 0.217913 0.976906
vt 0.215289 0.976700
vt 0.216194 0.968539
vt 0.988583 0.174770
vt 0.985921 0.174703
vt 0.986484 0.287158
vt 0.983997 0.286586
vt 0.218796 0.988928
vt 0.216255 0.988672
vt 0.990799 0.140239
vt 0.988205 0.139834
vt 0.768597 0.919957
vt 0.770957 0.940595
vt 0.768385 0.940702
vt 0.766023 0.919871
vt 0.985692 0.576659
vt 0.985692 0.601288
vt 0.983275 0.601039
vt 0.983310 0.576391
vt 0.988456 0.107786
vt 0.985921 0.107302
vt 0.770957 0.865256
vt 0.768541 0.864848
vt 0.834685 0.836565
vt 0.834219 0.809590
vt 0.836134 0.809741
vt 0.836598 0.836794
vt 0.834219 0.857276
vt 0.836477 0.857691
vt 0.992225 0.504716
vt 0.995358 0.532003
vt 0.992970 0.531795
vt 0.990068 0.504263
vt 0.687589 0.971828
vt 0.687397 0.995725
vt 0.685135 0.995136
vt 0.685135 0.971351
vt 0.995358 0.476675
vt 0.993256 0.475776
vt 0.989492 0.397822
vt 0.982132 0.376331
vt 0.984726 0.376098
vt 0.992003 0.398534
vt 0.982132 0.411066
vt 0.984433 0.412303
vt 0.750823 0.915509
vt 0.746944 0.940631
vt 0.744268 0.940840
vt 0.748146 0.915699
vt 0.420096 0.983820
vt 0.421083 0.991262
vt 0.418486 0.991523
vt 0.417501 0.983680
vt 0.750823 0.966882
vt 0.748338 0.966732
vt 0.747934 0.987495
vt 0.745553 0.987419
vt 0.421083 0.966363
vt 0.418702 0.965327
vt 0.212480 0.608597
vt 0.241228 0.581768
vt 0.190152 0.625734
vt 0.162761 0.663011
vt 0.174928 0.635167
vt 0.278374 0.633993
vt 0.292376 0.634158
vt 0.001912 0.055137
vt 0.153712 0.130070
vt -0.000000 0.091041
vt 0.024316 0.132338
vt 0.151194 0.163734
vt 0.010205 0.140530
vt 0.489221 0.606524
vt 0.472979 0.599022
vt 0.542956 0.547287
vt 0.549922 0.579615
vt 0.421306 0.664602
vt 0.321955 0.980627
vt 0.302668 0.957551
vt 0.321955 0.939665
vt 0.858073 0.531677
vt 0.878538 0.550398
vt 0.858073 0.572909
vt 0.169390 0.122354
vt 0.169318 0.155713
vt 0.323265 0.118390
vt 0.311262 0.145264
vt 0.298011 0.135823
vt 0.706646 0.638100
vt 0.693800 0.671418
vt 0.664907 0.660379
vt 0.679157 0.628580
vt 0.719949 0.596775
vt 0.690991 0.586379
vt 0.253575 0.744299
vt 0.247609 0.717613
vt 0.271064 0.703596
vt 0.275808 0.729576
vt 0.278802 0.768477
vt 0.262681 0.779876
vt 0.259992 0.769370
vt 0.278009 0.758174
vt 0.285294 0.823813
vt 0.291346 0.803892
vt 0.678643 0.704618
vt 0.697365 0.708098
vt 0.673762 0.747366
vt 0.653743 0.759153
vt 0.730357 0.653740
vt 0.712137 0.683520
vt 0.745586 0.613115
vt 0.750973 0.592375
vt 0.725679 0.576391
vt 0.888497 0.333147
vt 0.891147 0.319169
vt 0.901930 0.326806
vt 0.900714 0.338964
vt 0.268197 0.822702
vt 0.250401 0.791354
vt 0.750973 0.673860
vt 0.734595 0.695967
vt 0.903643 0.439030
vt 0.917423 0.474078
vt 0.891622 0.471217
vt 0.892491 0.410967
vt 0.910872 0.416435
vt 0.897055 0.375528
vt 0.917820 0.385081
vt 0.917154 0.336572
vt 0.917214 0.343267
vt 0.917820 0.318535
vt 0.916874 0.286586
vt 0.694066 0.734063
vt 0.716959 0.711916
vt 0.285855 0.764634
vt 0.294939 0.786739
vt 0.292008 0.761309
vt 0.298691 0.757885
vt 0.298059 0.764956
vt 0.283909 0.756164
vt 0.300730 0.693835
vt 0.301911 0.705675
vt 0.286421 0.703248
vt 0.660526 0.625569
vt 0.651429 0.613406
vt 0.666331 0.637815
vt 0.645687 0.658622
vt 0.647606 0.636854
vt 0.534233 0.814420
vt 0.534233 0.843463
vt 0.521294 0.834185
vt 0.645694 0.683141
vt 0.649718 0.735643
vt 0.656876 0.699567
vt 0.662360 0.701779
vt 0.645363 0.710322
vt 0.645182 0.693017
vt 0.717771 0.139616
vt 0.689550 0.150959
vt 0.677868 0.114825
vt 0.704896 0.105074
vt 0.667224 0.063051
vt 0.695752 0.052862
vt 0.663218 0.035463
vt 0.691030 0.025788
vt 0.708127 0.797174
vt 0.711200 0.786452
vt 0.729803 0.798150
vt 0.723812 0.809979
vt 0.693445 0.850968
vt 0.689003 0.830594
vt 0.672105 0.160440
vt 0.709467 0.191821
vt 0.697776 0.202714
vt 0.655093 0.127785
vt 0.642320 0.077228
vt 0.638539 0.049725
vt 0.640975 0.011389
vt 0.658649 0.000231
vt 0.660237 0.012470
vt 0.640257 0.022696
vt 0.736473 0.822448
vt 0.712555 0.851593
vt 0.650555 0.169342
vt 0.635551 0.142988
vt 0.917820 0.417668
vt 0.918806 0.378642
vt 0.932424 0.383390
vt 0.925230 0.361413
vt 0.944206 0.355779
vt 0.944206 0.414667
vt 0.919446 0.348215
vt 0.880355 0.980402
vt 0.896071 0.970281
vt 0.897301 0.984573
vt 0.880131 0.987020
vt 0.880131 0.962425
vt 0.670395 0.177489
vt 0.690427 0.207830
vt 0.667676 0.185202
vt 0.688404 0.813498
vt 0.701558 0.792756
vt 0.688676 0.791665
vt 0.689279 0.784502
vt 0.695554 0.788720
vt 0.705253 0.784697
vt 0.710460 0.044421
vt 0.724520 0.032640
vt 0.727435 0.045704
vt 0.711660 0.049268
vt 0.723698 0.100365
vt 0.733560 0.084914
vt 0.717075 0.114419
vt 0.737154 0.158367
vt 0.727408 0.168685
vt 0.737417 0.133911
vt 0.720853 0.178974
vt 0.737417 0.186402
vt 0.733813 0.211585
vt 0.727322 0.182467
vt 0.555492 0.521904
vt 0.555492 0.542649
vt 0.554240 0.542846
vt 0.554176 0.522027
vt 0.994555 0.555574
vt 0.991439 0.535494
vt 0.993466 0.535537
vt 0.996589 0.555580
vt 0.990337 0.636140
vt 0.983538 0.656535
vt 0.981972 0.655832
vt 0.988879 0.635276
vt 0.067919 0.924870
vt 0.068494 0.901520
vt 0.070488 0.901002
vt 0.069936 0.924761
vt 0.109628 0.973348
vt 0.109646 0.990602
vt 0.107651 0.990544
vt 0.107651 0.973194
vt 0.057669 0.950906
vt 0.059643 0.951032
vt 0.769133 0.964858
vt 0.768435 0.941142
vt 0.770328 0.940702
vt 0.770957 0.964451
vt 0.252080 0.952591
vt 0.251277 0.970300
vt 0.249974 0.970645
vt 0.250741 0.952731
vt 0.768435 0.979694
vt 0.770241 0.979340
vt 0.953266 0.137320
vt 0.953256 0.148945
vt 0.951470 0.149099
vt 0.951470 0.137479
vt 0.251303 0.928566
vt 0.249974 0.928524
vt 0.988534 0.701425
vt 0.990337 0.706843
vt 0.988724 0.706895
vt 0.986867 0.701424
vt 0.152149 0.286690
vt 0.153695 0.307396
vt 0.152149 0.308089
vt 0.153695 0.308089
vt 0.153695 0.329489
vt 0.152178 0.308813
vt 0.985445 0.686367
vt 0.983707 0.686190
vt 0.057669 0.883811
vt 0.059492 0.883076
vt 0.992023 0.575501
vt 0.993900 0.576155
vt 0.991439 0.598752
vt 0.993352 0.599337
vt 0.836206 0.857691
vt 0.836206 0.866875
vt 0.834219 0.866830
vt 0.834243 0.857780
vt 0.996195 0.300510
vt 0.994022 0.286586
vt 0.995673 0.286668
vt 0.998082 0.300454
vt 0.995933 0.327441
vt 0.997820 0.327632
vt 0.975787 0.076433
vt 0.974276 0.069904
vt 0.976148 0.069573
vt 0.977641 0.076001
vt 0.162761 0.972733
vt 0.162149 0.980061
vt 0.160265 0.979865
vt 0.160877 0.972408
vt 0.980622 0.090563
vt 0.982475 0.090609
vt 0.994022 0.337812
vt 0.995877 0.338204
vt 0.162761 0.991295
vt 0.160855 0.991314
vt 0.978723 0.117575
vt 0.980597 0.117833
vt 0.991647 0.778511
vt 0.989402 0.762604
vt 0.991300 0.762418
vt 0.993562 0.778463
vt 0.961968 0.400329
vt 0.961968 0.415479
vt 0.960059 0.415421
vt 0.960057 0.400314
vt 0.974276 0.147260
vt 0.976160 0.147545
vt 0.990452 0.822025
vt 0.992360 0.822098
vt 0.991311 0.841422
vt 0.993221 0.841552
vt 0.989402 0.857238
vt 0.991215 0.857726
vt 0.997071 0.250663
vt 0.994688 0.227699
vt 0.996515 0.227527
vt 0.998760 0.250481
vt 0.113456 0.973194
vt 0.113456 0.993747
vt 0.111668 0.994123
vt 0.111555 0.973415
vt 0.994688 0.274996
vt 0.996342 0.275155
vt 0.988008 0.534198
vt 0.988008 0.518711
vt 0.989827 0.519403
vt 0.989533 0.535494
vt 0.945636 0.148645
vt 0.945738 0.136771
vt 0.947693 0.136534
vt 0.947693 0.148566
vt 0.990337 0.706527
vt 0.993254 0.682858
vt 0.995293 0.683219
vt 0.992377 0.706895
vt 0.767847 0.951713
vt 0.768435 0.956589
vt 0.766454 0.956650
vt 0.765861 0.951541
vt 0.990337 0.657467
vt 0.992169 0.657371
vt 0.992708 0.640507
vt 0.994455 0.640240
vt 0.768435 0.941417
vt 0.766614 0.940702
vt 0.682438 0.696303
vt 0.655295 0.690512
vt 0.701891 0.700566
vt 0.714166 0.703328
vt 0.917116 0.434201
vt 0.659466 0.580906
vt 0.298475 0.719259
vt 0.916760 0.402980
vt 0.908941 0.364383
vt 0.882175 0.366504
vt 0.301911 0.739765
vt 0.917448 0.360865
vt 0.726093 0.176947
vt 0.737361 0.170256
vt 0.729920 0.233784
vt 0.709810 0.222531
vt 0.736206 0.110707
vt 0.716563 0.020888
vt 0.712568 0.000000
vt 0.719027 0.759153
vt 0.688404 0.766349
vt 0.918722 0.330650
vt 0.940392 0.320788
vt 0.741060 0.775924
vt 0.919888 0.306493
vt 0.928601 0.309861
vt 0.937944 0.286586
vt 0.920741 0.288785
vt 0.881685 0.930217
vt 0.070696 0.353450
vt 0.057804 0.392548
vt 0.024341 0.381346
vt 0.038962 0.343938
vt 0.080042 0.304309
vt 0.046932 0.293940
vt 0.336762 0.696286
vt 0.324689 0.729410
vt 0.302668 0.709526
vt 0.314277 0.677907
vt 0.337214 0.639824
vt 0.353801 0.652326
vt 0.348770 0.665306
vt 0.331139 0.649912
vt 0.384503 0.600375
vt 0.362227 0.602474
vt 0.039223 0.430969
vt 0.059943 0.433825
vt 0.031995 0.479680
vt 0.008697 0.494088
vt 0.096502 0.369798
vt 0.077434 0.405127
vt 0.353847 0.745548
vt 0.339958 0.796402
vt 0.311077 0.782895
vt 0.364469 0.713193
vt 0.373719 0.665567
vt 0.371411 0.677450
vt 0.392138 0.623371
vt 0.117293 0.391103
vt 0.100945 0.417708
vt 0.365562 0.772181
vt 0.377315 0.803068
vt 0.381723 0.754953
vt 0.396868 0.728103
vt 0.396806 0.678756
vt 0.396767 0.685563
vt 0.396868 0.659445
vt 0.054757 0.463340
vt 0.080873 0.436852
vt 0.750515 0.784511
vt 0.744444 0.788776
vt 0.741060 0.759153
vt 0.347438 0.610391
vt 0.921489 0.568531
vt 0.928297 0.567799
vt 0.922476 0.575152
vt 0.743311 0.800586
vt 0.748012 0.798671
vt 0.009855 0.289098
vt 0.012387 0.277024
vt 0.029292 0.286948
vt 0.016553 0.341225
vt 0.004305 0.327411
vt 0.024377 0.355164
vt 0.000000 0.379824
vt 0.001519 0.354725
vt 0.012828 0.416138
vt 0.000006 0.407821
vt 0.004975 0.467641
vt 0.014126 0.426286
vt 0.020385 0.428525
vt -0.000000 0.438956
vt 0.000467 0.419349
vt 0.264194 0.410531
vt 0.231170 0.419986
vt 0.216730 0.378094
vt 0.248417 0.370279
vt 0.200233 0.319626
vt 0.233951 0.311414
vt 0.192588 0.288894
vt 0.225627 0.281132
vt 0.207357 0.245133
vt 0.212509 0.255286
vt 0.186462 0.263373
vt 0.183202 0.249788
vt 0.882444 0.049473
vt 0.865292 0.057297
vt 0.842145 0.000000
vt 0.863449 0.006811
vt 0.209291 0.429028
vt 0.252114 0.469069
vt 0.237451 0.480247
vt 0.188539 0.390452
vt 0.169712 0.333056
vt 0.882444 0.143980
vt 0.852470 0.153985
vt 0.846821 0.117690
vt 0.875519 0.106627
vt 0.844634 0.066299
vt 0.868843 0.074433
vt 0.845279 0.081460
vt 0.832034 0.020792
vt 0.181850 0.437151
vt 0.162761 0.406108
vt 0.820952 0.213065
vt 0.817576 0.174857
vt 0.837316 0.180775
vt 0.824111 0.158706
vt 0.858309 0.212318
vt 0.814964 0.144975
vt 0.820447 0.075781
vt 0.819471 0.082778
vt 0.823062 0.056228
vt 0.205569 0.448536
vt 0.227873 0.485425
vt 0.201645 0.457121
vt 0.255365 0.844521
vt 0.254790 0.873790
vt 0.248147 0.870249
vt 0.248147 0.823813
vt 0.554752 0.714839
vt 0.548586 0.722012
vt 0.548113 0.714839
vt 0.216637 0.245370
vt 0.219245 0.253678
vt 0.250384 0.303855
vt 0.265776 0.292538
vt 0.270380 0.307270
vt 0.252241 0.309333
vt 0.269617 0.367418
vt 0.279904 0.351521
vt 0.262562 0.382279
vt 0.284410 0.434661
vt 0.274343 0.444760
vt 0.285298 0.406959
vt 0.265928 0.455795
vt 0.284365 0.466394
vt 0.279511 0.494538
vt 0.273313 0.460549
vt 0.880166 0.554277
vt 0.879401 0.531182
vt 0.881373 0.530636
vt 0.882175 0.553846
vt 0.159759 0.761382
vt 0.162761 0.788880
vt 0.160530 0.789325
vt 0.157499 0.761810
vt 0.979962 0.842948
vt 0.972186 0.864221
vt 0.970383 0.863319
vt 0.978296 0.841868
vt 0.155759 0.290125
vt 0.156259 0.327892
vt 0.154203 0.328138
vt 0.153728 0.289779
vt 0.077098 0.992300
vt 0.077143 0.973194
vt 0.079126 0.973683
vt 0.079126 0.992865
vt 0.162761 0.248054
vt 0.160796 0.247376
vt 0.160054 0.844845
vt 0.162493 0.876983
vt 0.160364 0.877080
vt 0.157883 0.844850
vt 0.159682 0.807571
vt 0.160398 0.825355
vt 0.158221 0.825279
vt 0.157499 0.807354
vt 0.958744 0.220790
vt 0.958744 0.207896
vt 0.960942 0.207877
vt 0.960941 0.220773
vt 0.162493 0.789702
vt 0.160327 0.789325
vt 0.022184 0.952583
vt 0.022184 0.957537
vt 0.019985 0.957459
vt 0.019989 0.952365
vt 0.020270 0.983871
vt 0.534440 0.840823
vt 0.534440 0.814420
vt 0.536636 0.840699
vt 0.975536 0.895200
vt 0.973511 0.894875
vt 0.979962 0.910705
vt 0.978038 0.910555
vt 0.162761 0.353453
vt 0.161066 0.354300
vt 0.162761 0.731851
vt 0.160818 0.731825
vt 0.162580 0.693835
vt 0.160582 0.693856
vt 0.941442 0.000769
vt 0.941442 0.011141
vt 0.939136 0.011131
vt 0.939149 0.000943
vt 0.879401 0.576117
vt 0.881104 0.576012
vt 0.055865 0.913143
vt 0.055015 0.883076
vt 0.056766 0.883306
vt 0.057669 0.913648
vt 0.834950 0.756218
vt 0.834864 0.746738
vt 0.836550 0.746779
vt 0.836597 0.756157
vt 0.682697 0.971560
vt 0.682160 0.980419
vt 0.680404 0.980380
vt 0.680922 0.971351
vt 0.834154 0.779577
vt 0.836057 0.779822
vt 0.055015 0.924424
vt 0.056790 0.925148
vt 0.682697 0.993780
vt 0.680809 0.993911
vt 0.834750 0.809011
vt 0.836597 0.809590
vt 0.105838 0.990771
vt 0.105838 0.973194
vt 0.107651 0.973842
vt 0.107633 0.991585
vt 0.115485 0.973375
vt 0.115485 0.994527
vt 0.113485 0.994322
vt 0.113456 0.973194
vt 0.365769 0.972212
vt 0.365831 0.939665
vt 0.367763 0.939927
vt 0.367763 0.972483
vt 0.987192 0.817100
vt 0.981856 0.774832
vt 0.983942 0.775020
vt 0.989402 0.817339
vt 0.985469 0.839553
vt 0.987673 0.839858
vt 0.981856 0.857145
vt 0.984105 0.857726
vt 0.994969 0.389462
vt 0.992003 0.368315
vt 0.994301 0.367951
vt 0.997175 0.388956
vt 0.075248 0.973194
vt 0.075248 0.991006
vt 0.072936 0.991205
vt 0.072968 0.973553
vt 0.992003 0.412303
vt 0.994183 0.412089
vt 0.925383 0.984046
vt 0.917075 0.967643
vt 0.919266 0.967609
vt 0.927634 0.984674
vt 0.917075 0.996345
vt 0.919231 0.997327
vt 0.988937 0.274861
vt 0.992348 0.250351
vt 0.994688 0.250642
vt 0.991277 0.275155
vt 0.990478 0.370300
vt 0.991161 0.375776
vt 0.988853 0.376098
vt 0.988163 0.370309
vt 0.988937 0.224873
vt 0.991138 0.224263
vt 0.991385 0.208736
vt 0.993499 0.207912
vt 0.991161 0.356822
vt 0.989041 0.356140
vt 0.043875 0.421349
vt 0.065302 0.425031
vt 0.078276 0.427321
vt 0.386207 0.770146
vt 0.020838 0.266041
vt 0.050481 0.269706
vt 0.392753 0.744132
vt 0.383359 0.704892
vt 0.921489 0.559406
vt 0.504197 0.950064
vt 0.486637 0.939477
vt 0.502705 0.931921
vt 0.024033 0.247376
vt 0.486637 0.980921
vt 0.741060 0.837971
vt 0.396779 0.703464
vt 0.272138 0.454107
vt 0.285298 0.447902
vt 0.273624 0.519478
vt 0.250652 0.504260
vt 0.283798 0.380682
vt 0.255335 0.278673
vt 0.248466 0.255278
vt 0.813285 0.127073
vt 0.987648 0.631246
vt 0.983275 0.622256
vt 0.987648 0.614544
vt 0.645182 0.989826
vt 0.645182 0.971351
vt 0.660450 0.982997
vt 0.816855 0.101514
vt 0.829792 0.105518
vt 0.589939 0.472163
vt 0.591317 0.509640
vt 0.562481 0.508669
vt 0.562840 0.472439
vt 0.588109 0.410932
vt 0.559229 0.412310
vt 0.587157 0.376148
vt 0.558859 0.378237
vt 0.565357 0.333420
vt 0.585918 0.330908
vt 0.586283 0.344269
vt 0.563636 0.345290
vt 0.584961 0.286586
vt 0.568388 0.297770
vt 0.750973 0.965007
vt 0.767923 0.956724
vt 0.767923 0.990654
vt 0.696740 0.239634
vt 0.715111 0.233784
vt 0.692812 0.270622
vt 0.617213 0.470914
vt 0.612604 0.507269
vt 0.617172 0.410588
vt 0.615662 0.376523
vt 0.606705 0.332230
vt 0.608941 0.343281
vt 0.602174 0.296677
vt 0.644505 0.467780
vt 0.638027 0.500274
vt 0.631334 0.435211
vt 0.639918 0.410450
vt 0.644062 0.378651
vt 0.627427 0.336603
vt 0.629688 0.342414
vt 0.620139 0.321602
vt 0.011246 0.971915
vt 0.000000 0.985051
vt 0.000000 0.954088
vt 0.019985 0.952364
vt 0.558147 0.335399
vt 0.558666 0.312371
vt 0.551877 0.337116
vt 0.545130 0.338787
vt 0.548045 0.332014
vt 0.557870 0.345560
vt 0.530737 0.413881
vt 0.530797 0.397753
vt 0.544978 0.406950
vt 0.546382 0.471405
vt 0.534812 0.457081
vt 0.805178 0.225979
vt 0.812970 0.249719
vt 0.792598 0.250617
vt 0.790650 0.229419
vt 0.804471 0.278599
vt 0.790650 0.271923
vt 0.627061 0.267704
vt 0.629065 0.240367
vt 0.634236 0.242453
vt 0.739427 0.982699
vt 0.742708 0.995146
vt 0.730330 0.994139
vt 0.730330 0.969846
vt 0.077946 0.717824
vt 0.052732 0.718760
vt 0.057425 0.682814
vt 0.081280 0.683050
vt 0.058878 0.621609
vt 0.084919 0.623021
vt 0.058214 0.586344
vt 0.084030 0.588577
vt 0.075537 0.543062
vt 0.077932 0.555897
vt 0.057350 0.556387
vt 0.056891 0.540439
vt 0.050744 0.494088
vt 0.068349 0.505999
vt 0.616342 0.237800
vt 0.627061 0.256651
vt 0.595099 0.267753
vt 0.249974 0.963226
vt 0.233890 0.959865
vt 0.249974 0.928524
vt 0.031268 0.715625
vt 0.030371 0.680650
vt 0.030302 0.620448
vt 0.030374 0.586049
vt 0.036743 0.541233
vt 0.034864 0.554452
vt 0.036117 0.504480
vt 0.004600 0.707833
vt 0.000172 0.675909
vt 0.000000 0.635605
vt 0.015367 0.644361
vt 0.006064 0.619184
vt 0.000000 0.604298
vt 0.015122 0.544711
vt 0.013147 0.550477
vt 0.021106 0.529673
vt 0.985921 0.093534
vt 0.997258 0.079633
vt 0.997258 0.107302
vt 0.224203 0.954922
vt 0.234364 0.930623
vt 0.226214 0.930792
vt 0.078084 0.521098
vt 0.081524 0.544911
vt 0.089484 0.541291
vt 0.092710 0.548370
vt 0.086994 0.546602
vt 0.082450 0.555155
vt 0.096598 0.617425
vt 0.108321 0.607801
vt 0.108686 0.623989
vt 0.096853 0.623507
vt 0.094218 0.681623
vt 0.990068 0.415479
vt 0.995940 0.458220
vt 0.990068 0.475776
vt 0.398662 0.706520
vt 0.403918 0.718661
vt 0.396868 0.742718
vt 0.420116 0.763229
vt 0.406243 0.771048
vt 0.418302 0.741570
vt 0.292682 0.659887
vt 0.299438 0.682963
vt 0.292682 0.693053
vt 0.997356 0.185809
vt 0.990799 0.206028
vt 0.990799 0.177177
vt 0.152154 0.348994
vt 0.152202 0.329489
vt 0.153695 0.330030
vt 0.153695 0.349575
vt 0.990181 0.336200
vt 0.994022 0.355429
vt 0.991985 0.355472
vt 0.988163 0.336186
vt 0.162761 0.880164
vt 0.158916 0.896717
vt 0.157055 0.896547
vt 0.160913 0.879959
vt 0.294594 0.615035
vt 0.294788 0.645767
vt 0.292863 0.646408
vt 0.292682 0.615271
vt 0.081560 0.990510
vt 0.081555 0.973194
vt 0.083485 0.973282
vt 0.083485 0.990756
vt 0.302042 0.576278
vt 0.300186 0.576263
vt 0.984388 0.123713
vt 0.985642 0.146768
vt 0.983844 0.147377
vt 0.982534 0.124145
vt 0.984352 0.092508
vt 0.985257 0.109836
vt 0.983400 0.110190
vt 0.982475 0.092669
vt 0.949633 0.148843
vt 0.949633 0.137399
vt 0.951462 0.137672
vt 0.951470 0.149099
vt 0.985642 0.069586
vt 0.983775 0.069573
vt 0.161629 0.944058
vt 0.162761 0.950243
vt 0.160959 0.950674
vt 0.159821 0.944374
vt 0.162441 0.972408
vt 0.536476 0.994261
vt 0.536476 0.972093
vt 0.538281 0.993792
vt 0.160240 0.926968
vt 0.158423 0.927025
vt 0.302042 0.658627
vt 0.300409 0.659887
vt 0.992336 0.315777
vt 0.990266 0.315789
vt 0.994022 0.286586
vt 0.991943 0.286588
vt 0.554739 0.722115
vt 0.554752 0.728395
vt 0.552680 0.728225
vt 0.552680 0.722012
vt 0.963724 0.415479
vt 0.961968 0.400818
vt 0.963724 0.400197
vt 0.554380 0.681517
vt 0.555710 0.699758
vt 0.554380 0.699904
vt 0.253706 0.900816
vt 0.252128 0.873939
vt 0.253818 0.873790
vt 0.255365 0.900918
vt 0.790676 0.285998
vt 0.790650 0.278957
vt 0.792267 0.278599
vt 0.792267 0.285540
vt 0.117713 0.973194
vt 0.117144 0.980962
vt 0.115485 0.981274
vt 0.116075 0.973364
vt 0.555710 0.681517
vt 0.554333 0.662359
vt 0.555710 0.662228
vt 0.997395 0.724441
vt 0.996846 0.740686
vt 0.995080 0.740682
vt 0.252128 0.911325
vt 0.253780 0.911626
vt 0.117713 0.992420
vt 0.116147 0.992918
vt 0.993562 0.767944
vt 0.995275 0.768186
vt 0.996782 0.656501
vt 0.995293 0.640274
vt 0.996980 0.640240
vt 0.998467 0.656615
vt 0.958182 0.415479
vt 0.958182 0.400301
vt 0.960041 0.399905
vt 0.960057 0.415105
vt 0.995725 0.796087
vt 0.997395 0.796370
vt 0.995293 0.699764
vt 0.996844 0.700069
vt 0.949632 0.136709
vt 0.949632 0.149099
vt 0.947692 0.148962
vt 0.947692 0.136534
vt 0.742708 0.928836
vt 0.742708 0.915509
vt 0.744178 0.916164
vt 0.155871 0.845325
vt 0.157441 0.860501
vt 0.155871 0.860780
vt 0.997339 0.879895
vt 0.995203 0.858465
vt 0.996912 0.858722
vt 0.999165 0.880109
vt 0.109646 0.993332
vt 0.109646 0.973354
vt 0.111555 0.973194
vt 0.111477 0.993314
vt 0.995203 0.901489
vt 0.997045 0.902004
vt 0.981624 0.523564
vt 0.977376 0.511386
vt 0.979274 0.511159
vt 0.983390 0.523841
vt 0.977376 0.534940
vt 0.978942 0.535494
vt 0.995920 0.171353
vt 0.997937 0.153520
vt 1.000000 0.153863
vt 0.997980 0.171709
vt 0.792267 0.285532
vt 0.792271 0.280215
vt 0.793750 0.280412
vt 0.793750 0.285998
vt 0.538401 0.902108
vt 0.536459 0.879134
vt 0.538306 0.879286
vt 0.995920 0.134020
vt 0.536548 0.865320
vt 0.538401 0.865282
vt 0.742708 0.940909
vt 0.742708 0.928836
vt 0.744197 0.929021
vt 0.744118 0.941706
vt 0.807114 0.978284
vt 0.788937 0.955104
vt 0.807114 0.947645
vt 0.054560 0.988024
vt 0.036878 0.969188
vt 0.054560 0.952364
vt 0.610953 0.521904
vt 0.798688 0.930296
vt 0.548191 0.757821
vt 0.548191 0.730349
vt 0.559725 0.743419
vt 0.561538 0.756248
vt 0.634236 0.284931
vt 0.708525 0.273264
vt 0.710519 0.973934
vt 0.716113 0.969846
vt 0.716113 0.991290
vt 0.567437 0.755552
vt 0.676251 0.262849
vt 0.689414 0.276236
vt 0.704649 0.989732
vt 0.704649 0.969846
vt 0.710519 0.972656
vt 0.715111 0.282973
vt 0.555561 0.484036
vt 0.645182 0.427388
vt 0.535565 0.381445
vt 0.645182 0.395959
vt 0.626512 0.363270
vt 0.535699 0.354872
vt 0.635718 0.357670
vt 0.551871 0.722012
vt 0.551871 0.727329
vt 0.548113 0.727127
vt 0.943421 0.149208
vt 0.931817 0.149208
vt 0.935374 0.137319
vt 0.990800 0.171709
vt 0.601114 0.280724
vt 0.627061 0.284931
vt 0.108686 0.696578
vt 0.112623 0.679417
vt 0.131437 0.708630
vt 0.114183 0.715660
vt 0.917075 0.983278
vt 0.912884 0.985541
vt 0.912884 0.967609
vt 0.131437 0.685266
vt 0.226349 0.974558
vt 0.412475 0.707137
vt 0.420116 0.719929
vt 0.103969 0.591449
vt 0.102919 0.564640
vt 0.000652 0.586966
vt 0.007861 0.565910
vt 0.018072 0.572062
vt 0.930574 0.551552
vt 0.938058 0.574482
vt 0.930574 0.574954
vt 0.838592 0.557797
vt 0.839187 0.575265
vt 0.830081 0.576391
vt 0.822195 0.572007
vt 0.817642 0.563292
vt 0.817642 0.552576
vt 0.822195 0.542735
vt 0.830080 0.536404
vt 0.839187 0.535279
vt 0.946051 0.535494
vt 0.949388 0.545594
vt 0.948920 0.557533
vt 0.944772 0.568105
vt 0.822015 0.272125
vt 0.813285 0.268967
vt 0.813285 0.244843
vt 0.828406 0.250310
vt 0.831753 0.278274
vt 0.845274 0.260966
vt 0.839889 0.285772
vt 0.859366 0.273951
vt 0.920038 0.896464
vt 0.915800 0.905337
vt 0.898661 0.893291
vt 0.906001 0.877921
vt 0.928608 0.890031
vt 0.920844 0.866782
vt 0.939212 0.887765
vt 0.939212 0.862856
vt 0.949009 0.890272
vt 0.956181 0.867198
vt 0.417501 0.990665
vt 0.408564 0.988587
vt 0.402021 0.965327
vt 0.417501 0.968924
vt 0.912443 0.599516
vt 0.907145 0.590293
vt 0.925282 0.576391
vt 0.934458 0.592370
vt 0.914382 0.611306
vt 0.937817 0.612787
vt 0.912442 0.622496
vt 0.934460 0.632173
vt 0.907145 0.630092
vt 0.925283 0.645328
vt 0.822430 0.222380
vt 0.839890 0.228693
vt 0.859367 0.240995
vt 0.875641 0.255988
vt 0.866911 0.285786
vt 0.884351 0.269655
vt 0.898661 0.859264
vt 0.915800 0.846400
vt 0.937008 0.841868
vt 0.956606 0.846882
vt 0.092315 0.913312
vt 0.072472 0.911758
vt 0.070488 0.890551
vt 0.093402 0.892342
vt 0.111731 0.911759
vt 0.115821 0.890547
vt 0.955357 0.589609
vt 0.959237 0.613184
vt 0.955359 0.635566
vt 0.894140 0.841868
vt 0.875413 0.841867
vt 0.875605 0.824791
vt 0.897231 0.824792
vt 0.914365 0.818158
vt 0.895832 0.801082
vt 0.910669 0.795337
vt 0.853391 0.213065
vt 0.870259 0.223717
vt 0.884351 0.236701
vt 0.321776 0.933923
vt 0.302668 0.921193
vt 0.312008 0.902362
vt 0.328554 0.913387
vt 0.344087 0.939665
vt 0.347878 0.918359
vt 0.363624 0.936882
vt 0.364796 0.915949
vt 0.536443 0.978864
vt 0.518495 0.978550
vt 0.518209 0.954149
vt 0.533750 0.954419
vt 0.074148 0.866232
vt 0.093994 0.867786
vt 0.113410 0.866232
vt 0.131740 0.885646
vt 0.127195 0.861988
vt 0.855283 0.818157
vt 0.859504 0.795337
vt 0.877103 0.801081
vt 0.890316 0.777092
vt 0.898883 0.773776
vt 0.917645 0.785388
vt 0.902908 0.768031
vt 0.302668 0.888241
vt 0.321777 0.876849
vt 0.327169 0.885000
vt 0.336722 0.891367
vt 0.347878 0.894236
vt 0.357646 0.892844
vt 0.527470 0.931921
vt 0.536443 0.932076
vt 0.082475 0.845325
vt 0.093931 0.846223
vt 0.105143 0.845325
vt 0.847748 0.785388
vt 0.862554 0.768031
vt 0.869342 0.773775
vt 0.879504 0.777092
vt 0.420116 0.780092
vt 0.420116 0.802240
vt 0.411995 0.797948
vt 0.839187 0.553828
vt 0.847735 0.574666
vt 0.840168 0.576391
vt 0.854286 0.567414
vt 0.858073 0.556575
vt 0.858073 0.545057
vt 0.854292 0.535944
vt 0.847741 0.531677
vt 0.840176 0.533400
vt 0.942764 0.207877
vt 0.953684 0.220685
vt 0.942436 0.220685
vt 0.400744 0.779939
vt 0.400629 0.771048
vt 0.404904 0.789785
vt 0.645182 0.372086
vt 0.656832 0.320255
vt 0.686769 0.322803
vt 0.673340 0.372911
vt 0.653196 0.451922
vt 0.681041 0.451750
vt 0.594817 0.128212
vt 0.609298 0.089498
vt 0.635551 0.112001
vt 0.621652 0.149066
vt 0.594115 0.193524
vt 0.574321 0.179387
vt 0.580374 0.164276
vt 0.601409 0.181749
vt 0.536868 0.237800
vt 0.563733 0.235805
vt 0.772540 0.365413
vt 0.752708 0.381766
vt 0.730114 0.319053
vt 0.731952 0.286586
vt 0.771388 0.468774
vt 0.766847 0.421016
vt 0.797249 0.413394
vt 0.808581 0.458889
vt 0.574184 0.070253
vt 0.590496 0.009515
vt 0.625317 0.025843
vt 0.561472 0.108170
vt 0.550344 0.163690
vt 0.553120 0.149836
vt 0.527868 0.211581
vt 0.725120 0.471005
vt 0.729090 0.432602
vt 0.559787 0.037910
vt 0.545182 -0.000000
vt 0.540425 0.058181
vt 0.522273 0.089632
vt 0.522386 0.147387
vt 0.522426 0.139423
vt 0.522273 0.169785
vt 0.725120 0.353234
vt 0.728047 0.398670
vt 0.699266 0.551295
vt 0.707919 0.548797
vt 0.723199 0.576391
vt 0.581506 0.226627
vt 0.161799 0.673967
vt 0.155252 0.668540
vt 0.161799 0.663528
vt 0.704273 0.536085
vt 0.696878 0.536436
vt 0.718333 0.449574
vt 0.721146 0.470355
vt 0.700865 0.458568
vt 0.698129 0.373646
vt 0.714759 0.392251
vt 0.688531 0.356580
vt 0.719288 0.327611
vt 0.715754 0.356486
vt 0.706834 0.286586
vt 0.725120 0.299470
vt 0.759946 0.305006
vt 0.791484 0.347307
vt 0.785562 0.350961
vt 0.902881 0.967609
vt 0.912727 0.990559
vt 0.898661 0.990559
vt 0.536636 0.859723
vt 0.536636 0.814419
vt 0.548113 0.839136
vt 0.605747 0.558133
vt 0.633349 0.554603
vt 0.645182 0.605536
vt 0.618969 0.607385
vt 0.307111 0.375429
vt 0.337578 0.363639
vt 0.336467 0.432963
vt 0.302668 0.443322
vt 0.339412 0.475998
vt 0.305619 0.484695
vt 0.319914 0.538096
vt 0.315882 0.523036
vt 0.342628 0.513170
vt 0.344338 0.532956
vt 0.360804 0.600375
vt 0.335088 0.588795
vt 0.805714 0.703601
vt 0.776595 0.694141
vt 0.809350 0.636049
vt 0.831854 0.639295
vt 0.802009 0.743080
vt 0.766575 0.730006
vt 0.375752 0.360702
vt 0.376308 0.427523
vt 0.377962 0.469174
vt 0.372221 0.526874
vt 0.373914 0.509854
vt 0.378548 0.579471
vt 0.980934 0.762661
vt 0.960667 0.729367
vt 0.980934 0.706895
vt 0.847748 0.746738
vt 0.421166 0.366427
vt 0.421306 0.410192
vt 0.398072 0.400061
vt 0.411892 0.427341
vt 0.421306 0.444398
vt 0.403514 0.520649
vt 0.405894 0.513028
vt 0.405894 0.513027
vt 0.396638 0.541870
vt 0.831725 0.688805
vt 0.843156 0.715945
vt 0.847748 0.641424
vt 0.844434 0.684496
vt 0.320748 0.572811
vt 0.312587 0.539838
vt 0.364796 0.876849
vt 0.371023 0.882102
vt 0.364796 0.887085
vt 0.815691 0.986034
vt 0.807371 0.985302
vt 0.808854 0.972490
vt 0.815689 0.970315
vt 0.591987 0.692560
vt 0.572207 0.704803
vt 0.575159 0.684342
vt 0.593026 0.684894
vt 0.595062 0.608444
vt 0.578862 0.627288
vt 0.604516 0.591669
vt 0.567437 0.534706
vt 0.584740 0.521904
vt 0.574107 0.563110
vt 0.750973 0.668994
vt 0.772797 0.634605
vt 0.789698 0.632999
vt 0.979962 0.889777
vt 0.990516 0.863684
vt 0.990516 0.903214
vt 0.221358 0.970320
vt 0.218815 0.942188
vt 0.221640 0.942385
vt 0.224203 0.970573
vt 0.160453 0.476429
vt 0.155252 0.444352
vt 0.157615 0.444429
vt 0.162761 0.476561
vt 0.555589 0.641725
vt 0.564773 0.618131
vt 0.567437 0.618362
vt 0.558164 0.642041
vt 0.298359 0.425635
vt 0.298948 0.382447
vt 0.301599 0.382317
vt 0.301034 0.426091
vt 0.435204 0.982415
vt 0.435267 0.957740
vt 0.437687 0.957674
vt 0.437687 0.982577
vt 0.285298 0.476394
vt 0.287912 0.477186
vt 0.297728 0.506900
vt 0.292682 0.477419
vt 0.295406 0.477186
vt 0.300464 0.506914
vt 0.298879 0.546551
vt 0.298679 0.524125
vt 0.301420 0.524240
vt 0.301599 0.546919
vt 0.985238 0.535340
vt 0.985234 0.518989
vt 0.988008 0.519166
vt 0.988008 0.535494
vt 0.292682 0.575673
vt 0.295370 0.576264
vt 0.562170 0.555768
vt 0.560362 0.547818
vt 0.563051 0.547202
vt 0.564895 0.555290
vt 0.555589 0.521904
vt 0.153695 0.275943
vt 0.153695 0.247376
vt 0.153695 0.247376
vt 0.218041 0.942188
vt 0.218041 0.968539
vt 0.215289 0.942309
vt 0.564366 0.577906
vt 0.567129 0.577750
vt 0.285298 0.360081
vt 0.287692 0.359014
vt 0.158367 0.509603
vt 0.160960 0.509958
vt 0.155252 0.555061
vt 0.157830 0.555402
vt 0.955584 0.415479
vt 0.955584 0.402587
vt 0.958182 0.402581
vt 0.958163 0.415248
vt 0.218815 0.989182
vt 0.221437 0.990204
vt 0.735293 0.267743
vt 0.734516 0.233784
vt 0.736419 0.234025
vt 0.737268 0.268301
vt 0.154599 0.697920
vt 0.154693 0.690777
vt 0.157440 0.691513
vt 0.157321 0.698617
vt 0.364796 0.927279
vt 0.365468 0.917317
vt 0.367650 0.917541
vt 0.367000 0.927693
vt 0.154583 0.718185
vt 0.157440 0.718761
vt 0.734516 0.280598
vt 0.736458 0.281403
vt 0.364796 0.902140
vt 0.367135 0.902163
vt 0.536459 0.902108
vt 0.538281 0.936299
vt 0.536459 0.937163
vt 0.993645 0.079484
vt 0.987436 0.047599
vt 0.989515 0.048055
vt 0.964644 0.935453
vt 0.970383 0.953287
vt 0.968136 0.953118
vt 0.962336 0.935136
vt 0.682697 0.995348
vt 0.682734 0.971351
vt 0.685135 0.971842
vt 0.685135 0.995811
vt 0.993645 0.011614
vt 0.991479 0.011141
vt 0.959109 0.887571
vt 0.956606 0.887194
vt 0.964164 0.862308
vt 0.961677 0.861858
vt 0.970383 0.842632
vt 0.967798 0.841868
vt 0.362311 0.965203
vt 0.365769 0.988817
vt 0.363072 0.989248
vt 0.359661 0.965827
vt 0.057455 0.925659
vt 0.057666 0.949536
vt 0.055015 0.949375
vt 0.055015 0.925148
vt 0.365769 0.939665
vt 0.363141 0.939966
vt 0.838128 0.960053
vt 0.847289 0.978813
vt 0.844667 0.979160
vt 0.835484 0.959594
vt 0.847289 0.944802
vt 0.844788 0.943895
vt 0.988937 0.208272
vt 0.985074 0.236255
vt 0.982473 0.235897
vt 0.986332 0.207912
vt 0.551491 0.528486
vt 0.550672 0.522080
vt 0.553352 0.521904
vt 0.554176 0.528675
vt 0.988937 0.265240
vt 0.986375 0.266048
vt 0.986541 0.283214
vt 0.984067 0.284280
vt 0.550672 0.544195
vt 0.553132 0.545173
vt 0.825474 0.393526
vt 0.778726 0.377426
vt 0.803138 0.354377
vt 0.757039 0.393794
vt 0.740591 0.404020
vt 0.534792 0.039508
vt 0.718228 0.491316
vt 0.690251 0.495192
vt 0.527153 0.070699
vt 0.538632 0.117252
vt 0.159817 0.689215
vt 0.530737 0.521904
vt 0.550672 0.535328
vt 0.530737 0.542352
vt 0.725120 0.525152
vt 0.522398 0.118471
vt 0.784358 0.628515
vt 0.789295 0.622532
vt 0.941114 0.991385
vt 0.927634 0.986517
vt 0.941114 0.967609
vt 0.990516 0.910705
vt 0.815336 0.590959
vt 0.842990 0.576391
vt 0.844107 0.609150
vt 0.577879 0.592350
vt 0.611046 0.685452
vt 0.601449 0.728275
vt 0.574691 0.725332
vt 0.567437 0.758594
vt 0.959237 0.576391
vt 0.983275 0.611697
vt 0.959236 0.623101
vt 0.420959 0.464790
vt 0.366619 0.902140
vt 0.980365 0.631246
vt 0.815691 0.930296
vt 0.412267 0.492625
vt 0.396957 0.485820
vt 0.992679 0.960847
vt 0.980207 0.971951
vt 0.976355 0.962624
vt 0.975660 0.953287
vt 0.181416 0.961022
vt 0.181642 0.942235
vt 0.189157 0.942188
vt 0.195666 0.947196
vt 0.199425 0.955916
vt 0.199425 0.966013
vt 0.195668 0.974780
vt 0.189159 0.979867
vt 0.181643 0.979916
vt 0.951335 0.404247
vt 0.954192 0.417668
vt 0.944206 0.417668
vt 0.992679 0.981241
vt 0.986181 0.978764
vt 0.025450 0.942030
vt 0.015514 0.940273
vt 0.015514 0.918669
vt 0.032723 0.921713
vt 0.033701 0.946457
vt 0.047013 0.929377
vt 0.038057 0.952364
vt 0.054560 0.939612
vt 0.695681 0.935193
vt 0.688404 0.931387
vt 0.699459 0.915509
vt 0.712065 0.922103
vt 0.700892 0.943132
vt 0.721087 0.935853
vt 0.702638 0.953077
vt 0.724114 0.953077
vt 0.700454 0.962361
vt 0.720329 0.969157
vt 0.716113 0.969846
vt 0.724321 0.970785
vt 0.730330 0.990911
vt 0.716113 0.989289
vt 0.787776 0.871177
vt 0.794949 0.864848
vt 0.812516 0.877000
vt 0.800089 0.887959
vt 0.778993 0.875930
vt 0.784876 0.896195
vt 0.770957 0.877837
vt 0.770957 0.899495
vt 0.006558 0.941655
vt -0.000000 0.921063
vt 0.018187 0.897732
vt 0.038057 0.901247
vt 0.054560 0.910098
vt 0.421306 0.877785
vt 0.423168 0.860678
vt 0.441603 0.858851
vt 0.439454 0.878604
vt 0.423168 0.894405
vt 0.441602 0.897794
vt 0.728793 0.915509
vt 0.739214 0.931387
vt 0.742708 0.951276
vt 0.738339 0.969846
vt 0.818826 0.866248
vt 0.834154 0.881516
vt 0.826864 0.893930
vt 0.812516 0.906586
vt 0.794951 0.916094
vt 0.778876 0.919906
vt 0.000272 0.900496
vt 0.022816 0.883076
vt 0.040024 0.886119
vt 0.447473 0.843830
vt 0.468844 0.848748
vt 0.463761 0.861757
vt 0.461899 0.878862
vt 0.463760 0.895482
vt 0.447474 0.911283
vt 0.468844 0.907162
vt 0.539524 0.282199
vt 0.522273 0.278931
vt 0.522273 0.258148
vt 0.537213 0.260978
vt 0.559445 0.279457
vt 0.554463 0.258603
vt 0.242957 0.925333
vt 0.224203 0.928524
vt 0.224887 0.907094
vt 0.241129 0.904332
vt 0.834154 0.911102
vt 0.821727 0.922062
vt 0.806516 0.930296
vt 0.987436 0.040246
vt 0.984004 0.059934
vt 0.964234 0.056725
vt 0.967205 0.039674
vt 0.984005 0.020981
vt 0.964234 0.022990
vt 0.956120 0.011141
vt 0.943821 0.030045
vt 0.939136 0.023203
vt 0.486637 0.861104
vt 0.483702 0.868614
vt 0.482628 0.878489
vt 0.483702 0.888086
vt 0.486637 0.894829
vt 0.529565 0.237800
vt 0.538191 0.239434
vt 0.548151 0.238063
vt 0.224203 0.885617
vt 0.233579 0.884022
vt 0.251992 0.897294
vt 0.239854 0.879959
vt 0.956118 0.069573
vt 0.939136 0.056940
vt 0.943821 0.049522
vt 0.945536 0.039676
vt 0.968782 0.555249
vt 0.976596 0.536577
vt 0.982385 0.542513
vt 0.969911 0.535494
vt 0.897488 0.575383
vt 0.905504 0.564535
vt 0.912342 0.571740
vt 0.897488 0.559149
vt 0.384440 0.985708
vt 0.378305 0.967515
vt 0.372551 0.974146
vt 0.368722 0.983442
vt 0.367842 0.992912
vt 0.982385 0.569813
vt 0.976594 0.573870
vt 0.985728 0.561701
vt 0.985728 0.551707
vt 0.846938 0.296211
vt 0.868771 0.286586
vt 0.870410 0.307927
vt 0.854318 0.304478
vt 0.463967 0.714839
vt 0.463920 0.735462
vt 0.421305 0.737751
vt 0.421353 0.717128
vt 0.529681 0.762623
vt 0.548113 0.761187
vt 0.539727 0.812984
vt 0.521294 0.814420
vt 0.787638 0.523810
vt 0.767426 0.524831
vt 0.770254 0.474257
vt 0.790466 0.473236
vt 0.382281 0.360702
vt 0.382281 0.342322
vt 0.421306 0.329864
vt 0.421306 0.348244
vt 0.140946 0.713672
vt 0.131681 0.700032
vt 0.154409 0.692441
vt 0.154409 0.714262
vt 0.521294 0.714839
vt 0.521247 0.735462
vt 0.790466 0.575370
vt 0.770254 0.576391
vt 0.882175 0.297807
vt 0.881537 0.305711
vt 0.521294 0.716275
vt 0.539727 0.714839
vt 0.324829 0.359057
vt 0.324829 0.340677
vt 0.131437 0.686757
vt 0.142098 0.679417
vt 0.471945 0.786502
vt 0.447094 0.790743
vt 0.504680 0.786502
vt 0.548404 0.786096
vt 0.597814 0.758595
vt 0.603683 0.808108
vt 0.575468 0.823812
vt 0.645182 0.765912
vt 0.630731 0.812286
vt 0.725120 0.533942
vt 0.726735 0.505063
vt 0.726735 0.563384
vt 0.374290 0.283761
vt 0.396587 0.279372
vt 0.339879 0.283001
vt 0.475347 0.801266
vt 0.459200 0.801896
vt 0.497298 0.801023
vt 0.604750 0.825951
vt 0.584859 0.837042
vt 0.623659 0.828251
vt 0.645182 0.838548
vt 0.633561 0.845636
vt 0.644190 0.865282
vt 0.632644 0.863629
vt 0.369230 0.269429
vt 0.384955 0.265244
vt 0.346278 0.268103
vt 0.466923 0.841370
vt 0.448907 0.843830
vt 0.491380 0.839250
vt 0.559445 0.281589
vt 0.564010 0.261207
vt 0.595099 0.258780
vt 0.590922 0.281589
vt 0.562133 0.242422
vt 0.593370 0.237800
vt 0.676251 0.233784
vt 0.675335 0.252992
vt 0.636061 0.262148
vt 0.638682 0.240643
vt 0.676251 0.272717
vt 0.635551 0.284197
vt 0.374319 0.236944
vt 0.391902 0.233425
vt 0.348666 0.235698
vt 0.301911 0.971172
vt 0.281787 0.978526
vt 0.282930 0.973908
vt 0.299975 0.967707
vt 0.259749 0.971612
vt 0.264291 0.968061
vt 0.252407 0.947061
vt 0.258058 0.947314
vt 0.259919 0.927115
vt 0.264423 0.930470
vt 0.281984 0.920915
vt 0.283112 0.925246
vt 0.301911 0.926635
vt 0.299943 0.930077
vt 0.373219 0.232724
vt 0.388073 0.229966
vt 0.351550 0.231808
vt 0.547652 0.869695
vt 0.562846 0.867347
vt 0.557500 0.935116
vt 0.538401 0.938127
vt 0.583483 0.865282
vt 0.583483 0.931382
vt 0.976763 0.535494
vt 0.957332 0.533103
vt 0.952871 0.474078
vt 0.977376 0.476147
vt 0.939716 0.535494
vt 0.930574 0.477375
vt 0.917645 0.768031
vt 0.935775 0.770658
vt 0.940448 0.835843
vt 0.917645 0.832629
vt 0.954389 0.771385
vt 0.964125 0.838136
vt 0.379058 0.177330
vt 0.397923 0.174329
vt 0.351671 0.175449
vt 0.421300 0.957829
vt 0.399742 0.965327
vt 0.401055 0.961186
vt 0.419688 0.954699
vt 0.375909 0.957509
vt 0.380424 0.954421
vt 0.367842 0.931078
vt 0.373468 0.931566
vt 0.375874 0.909796
vt 0.380372 0.913160
vt 0.399452 0.903434
vt 0.400718 0.907662
vt 0.421300 0.910023
vt 0.419660 0.913369
vt 0.377952 0.172524
vt 0.394251 0.169927
vt 0.354271 0.170884
vt 0.262645 0.827294
vt 0.279281 0.825710
vt 0.276908 0.867848
vt 0.260485 0.869424
vt 0.301911 0.823813
vt 0.299146 0.865415
vt 0.930574 0.559149
vt 0.909671 0.555215
vt 0.909232 0.519553
vt 0.929857 0.522334
vt 0.890204 0.556166
vt 0.890032 0.521301
vt 0.373660 0.803068
vt 0.393408 0.805347
vt 0.396801 0.845069
vt 0.377249 0.842291
vt 0.413938 0.806940
vt 0.416900 0.846895
vt 0.380923 0.136243
vt 0.396936 0.134337
vt 0.357644 0.133595
vt 0.275225 0.915757
vt 0.255365 0.920915
vt 0.301911 0.910989
vt 0.905288 0.474635
vt 0.930574 0.479532
vt 0.882175 0.474078
vt 0.397271 0.899612
vt 0.373660 0.892919
vt 0.421300 0.903434
vt 0.389298 0.088974
vt 0.409037 0.085620
vt 0.360962 0.088972
vt 0.176926 0.942188
vt 0.162761 0.922315
vt 0.167035 0.921641
vt 0.179298 0.938846
vt 0.163089 0.895751
vt 0.167321 0.898644
vt 0.186776 0.879959
vt 0.187827 0.884982
vt 0.210334 0.881964
vt 0.208216 0.886725
vt 0.223944 0.904516
vt 0.219991 0.906248
vt 0.224203 0.928472
vt 0.220218 0.926978
vt 0.205326 0.942188
vt 0.203881 0.938848
vt 0.363534 0.085116
vt 0.388062 0.085102
vt 0.885666 0.074737
vt 0.903175 0.071740
vt 0.904448 0.103587
vt 0.887678 0.105558
vt 0.926541 0.069573
vt 0.927080 0.104184
vt 0.856599 0.844723
vt 0.878895 0.844976
vt 0.878915 0.881830
vt 0.857335 0.878326
vt 0.898661 0.841868
vt 0.898230 0.880131
vt 0.486637 0.843830
vt 0.507782 0.845866
vt 0.509643 0.882253
vt 0.489284 0.881576
vt 0.528831 0.845371
vt 0.529948 0.879420
vt 0.405144 0.082197
vt 0.384398 0.053336
vt 0.400730 0.047878
vt 0.360765 0.054972
vt 0.903484 0.147829
vt 0.882444 0.149208
vt 0.931817 0.149208
vt 0.874728 0.929835
vt 0.847748 0.925987
vt 0.898661 0.930216
vt 0.511868 0.931921
vt 0.486637 0.929882
vt 0.536443 0.928512
vt 0.377311 0.007747
vt 0.396903 -0.000000
vt 0.348028 0.014106
vt 0.585464 0.912912
vt 0.583483 0.887831
vt 0.591690 0.890443
vt 0.592956 0.909946
vt 0.597764 0.865282
vt 0.602354 0.873598
vt 0.626858 0.865282
vt 0.623660 0.874418
vt 0.645182 0.881873
vt 0.637250 0.886799
vt 0.644537 0.909057
vt 0.636879 0.906933
vt 0.632369 0.929233
vt 0.627787 0.922038
vt 0.609556 0.929914
vt 0.610807 0.922478
vt 0.645182 0.765090
vt 0.660387 0.759771
vt 0.664283 0.831950
vt 0.646858 0.834098
vt 0.681570 0.759153
vt 0.688404 0.831570
vt 0.645182 0.896711
vt 0.665655 0.900377
vt 0.667730 0.971351
vt 0.645182 0.968410
vt 0.683512 0.900446
vt 0.687589 0.968154
vt 0.932403 0.069573
vt 0.951046 0.071420
vt 0.952888 0.136268
vt 0.931817 0.136476
vt 0.969470 0.069573
vt 0.974276 0.132964
vt 0.882175 0.521387
vt 0.867517 0.527166
vt 0.860685 0.464664
vt 0.877577 0.459297
vt 0.845821 0.530636
vt 0.836066 0.465510
vt 0.667028 0.838102
vt 0.652704 0.838922
vt 0.686524 0.837302
vt 0.917820 0.417668
vt 0.941861 0.421869
vt 0.938436 0.426526
vt 0.918174 0.423192
vt 0.955584 0.437092
vt 0.950156 0.438817
vt 0.951281 0.459090
vt 0.946810 0.456702
vt 0.937723 0.474043
vt 0.935652 0.468923
vt 0.917820 0.471398
vt 0.919023 0.466856
vt 0.838228 0.458915
vt 0.858671 0.460483
vt 0.120114 0.914066
vt 0.135693 0.913763
vt 0.135592 0.971975
vt 0.120108 0.969464
vt 0.156932 0.913312
vt 0.156932 0.973611
vt 0.982132 0.343801
vt 0.962361 0.340934
vt 0.962217 0.286586
vt 0.981824 0.288856
vt 0.944206 0.343685
vt 0.944206 0.291261
vt 0.286296 0.245133
vt 0.304785 0.246768
vt 0.303716 0.299996
vt 0.285298 0.301303
vt 0.323909 0.247066
vt 0.322953 0.298429
vt 0.876994 0.404251
vt 0.861806 0.407291
vt 0.862443 0.359171
vt 0.877477 0.356533
vt 0.839608 0.405087
vt 0.840465 0.354871
vt 0.830152 0.344750
vt 0.834903 0.341231
vt 0.843778 0.349997
vt 0.785064 0.979253
vt 0.770957 0.966481
vt 0.776806 0.965283
vt 0.788937 0.976281
vt 0.773254 0.944126
vt 0.778795 0.946027
vt 0.785021 0.930296
vt 0.788937 0.934114
vt 0.305161 0.304395
vt 0.289289 0.305586
vt 0.321727 0.302990
vt 0.862711 0.353722
vt 0.875669 0.351441
vt 0.583483 0.929914
vt 0.596977 0.930772
vt 0.599687 0.983030
vt 0.588178 0.981355
vt 0.615418 0.930376
vt 0.615418 0.983735
vt 0.880131 0.980015
vt 0.863681 0.975683
vt 0.861323 0.930217
vt 0.875387 0.934213
vt 0.847748 0.977506
vt 0.847748 0.932072
vt 0.309900 0.356952
vt 0.296457 0.359014
vt 0.323909 0.354809
vt 0.837621 0.412605
vt 0.862674 0.415016
vt 0.872688 0.457769
vt 0.880096 0.411241
vt 0.956665 0.223498
vt 0.974186 0.223006
vt 0.981927 0.276053
vt 0.960278 0.277657
vt 0.939539 0.222476
vt 0.939539 0.277463
vt 0.965160 0.205583
vt 0.948471 0.207877
vt 0.942615 0.156321
vt 0.963548 0.152900
vt 0.983445 0.207877
vt 0.985881 0.156070
vt 0.687301 0.892686
vt 0.663175 0.892560
vt 0.645434 0.892543
vt 0.981888 0.347130
vt 0.964168 0.348374
vt 0.962914 0.344760
vt 0.982015 0.343801
vt 0.880283 0.407807
vt 0.862765 0.411563
vt 0.837638 0.409093
vt 0.829191 0.397469
vt 0.825474 0.400388
vt 0.982473 0.279885
vt 0.960962 0.284280
vt 0.940075 0.284131
vt 0.942436 0.150139
vt 0.963518 0.149208
vt 0.985921 0.152436
vt 0.687084 0.896711
vt 0.662939 0.896547
vt 0.645182 0.896483
vt 0.948489 0.359903
vt 0.945314 0.358072
vt 0.948725 0.378307
vt 0.944206 0.379638
vt 0.962183 0.396081
vt 0.959615 0.399698
vt 0.981913 0.395199
vt 0.982015 0.398918
vt 0.499593 0.218931
vt 0.488904 0.261262
vt 0.453818 0.260620
vt 0.466524 0.219696
vt 0.496718 0.147819
vt 0.463047 0.150040
vt 0.490269 0.106964
vt 0.458121 0.110074
vt 0.457008 0.057102
vt 0.480344 0.053683
vt 0.483275 0.069417
vt 0.457301 0.071131
vt 0.455029 0.000000
vt 0.443995 0.014109
vt 0.117202 0.790894
vt 0.132254 0.772417
vt 0.156340 0.816590
vt 0.157440 0.845325
vt 0.108607 0.718761
vt 0.117180 0.744771
vt 0.092708 0.757760
vt 0.522081 0.216028
vt 0.522273 0.146020
vt 0.516172 0.106103
vt 0.499281 0.054276
vt 0.503495 0.067209
vt 0.478475 0.011657
vt 0.150005 0.455615
vt 0.152067 0.488905
vt 0.128487 0.490148
vt 0.117293 0.453256
vt 0.133124 0.416628
vt 0.119323 0.385607
vt 0.142699 0.390958
vt 0.125447 0.346005
vt 0.151902 0.355691
vt 0.151235 0.302117
vt 0.151286 0.309512
vt 0.130282 0.305408
vt 0.131888 0.291909
vt 0.152067 0.282281
vt 0.150742 0.247376
vt 0.157440 0.789721
vt 0.151041 0.755523
vt 0.447203 0.059421
vt 0.437337 0.031703
vt 0.438659 0.061434
vt 0.429392 0.063391
vt 0.430918 0.055290
vt 0.449187 0.071440
vt 0.422362 0.151779
vt 0.421305 0.132952
vt 0.442209 0.143730
vt 0.440686 0.218230
vt 0.424012 0.201554
vt 0.451103 0.232669
vt 0.422707 0.253644
vt 0.423814 0.231111
vt 0.438842 0.286586
vt 0.421305 0.274112
vt 0.132591 0.839103
vt 0.102730 0.815207
vt 0.107398 0.809611
vt 0.109419 0.835400
vt 0.092447 0.827489
vt 0.497569 0.545454
vt 0.460631 0.547287
vt 0.452327 0.508005
vt 0.487460 0.507535
vt 0.452443 0.437953
vt 0.489098 0.439004
vt 0.455788 0.396863
vt 0.491241 0.398986
vt 0.486763 0.345842
vt 0.488026 0.360829
vt 0.459279 0.361812
vt 0.461137 0.343155
vt 0.477038 0.286586
vt 0.493194 0.301098
vt 0.783111 0.757248
vt 0.808595 0.766265
vt 0.784216 0.814901
vt 0.764416 0.810718
vt 0.154488 0.679163
vt 0.134648 0.679417
vt 0.144368 0.641055
vt 0.424271 0.504701
vt 0.421306 0.435964
vt 0.424641 0.396000
vt 0.438609 0.343683
vt 0.434489 0.359115
vt 0.453187 0.299304
vt 0.108686 0.675146
vt 0.109945 0.640263
vt 0.109969 0.594473
vt 0.127871 0.602136
vt 0.117694 0.574970
vt 0.142770 0.572409
vt 0.109866 0.558854
vt 0.955802 0.466899
vt 0.976519 0.458382
vt 0.978373 0.474043
vt 0.955584 0.473980
vt 0.955584 0.448128
vt 0.762123 0.769701
vt 0.750973 0.746738
vt 0.750973 0.808931
vt 0.751553 0.773034
vt 0.502351 0.318868
vt 0.496764 0.347613
vt 0.512714 0.342611
vt 0.515454 0.350923
vt 0.505902 0.349232
vt 0.496037 0.359646
vt 0.509872 0.431707
vt 0.530737 0.419780
vt 0.530737 0.438436
vt 0.510005 0.438719
vt 0.512856 0.504595
vt 0.529279 0.487208
vt 0.501521 0.518735
vt 0.036878 0.978433
vt 0.022717 0.986767
vt 0.022717 0.952365
vt 0.504197 0.931921
vt 0.517854 0.956277
vt 0.504197 0.973209
vt 0.834154 0.792604
vt 0.816891 0.819871
vt 0.802207 0.820062
vt 0.803497 0.845313
vt 0.782483 0.854370
vt 0.803389 0.829381
vt 0.249974 0.993563
vt 0.250010 0.970645
vt 0.252352 0.970962
vt 0.252352 0.993904
vt 0.980331 0.479973
vt 0.985254 0.507064
vt 0.983232 0.507637
vt 0.978373 0.480566
vt 0.675307 0.993807
vt 0.675307 0.972444
vt 0.677435 0.971351
vt 0.677509 0.992947
vt 0.400519 0.644608
vt 0.398997 0.682429
vt 0.396868 0.682902
vt 0.398324 0.644508
vt 0.677929 0.991560
vt 0.677961 0.971703
vt 0.680404 0.971351
vt 0.680404 0.991406
vt 0.414438 0.600806
vt 0.412273 0.600375
vt 0.757136 0.926949
vt 0.765781 0.956373
vt 0.763719 0.956724
vt 0.755173 0.927123
vt 0.754582 0.889394
vt 0.752930 0.909342
vt 0.750973 0.909425
vt 0.752709 0.889274
vt 0.953684 0.221087
vt 0.953687 0.207922
vt 0.956237 0.207877
vt 0.956237 0.221018
vt 0.765781 0.865160
vt 0.763962 0.864848
vt 0.557582 0.699477
vt 0.557863 0.706782
vt 0.556046 0.707352
vt 0.555710 0.699922
vt 0.567437 0.730349
vt 0.983390 0.535219
vt 0.985234 0.509848
vt 0.985234 0.535494
vt 0.567437 0.642041
vt 0.559034 0.679122
vt 0.557129 0.679271
vt 0.536567 0.972093
vt 0.536567 0.937163
vt 0.538282 0.938067
vt 0.414438 0.705425
vt 0.412338 0.706520
vt 0.981857 0.450888
vt 0.979516 0.450787
vt 0.985254 0.415505
vt 0.982940 0.415479
vt 0.945606 0.137433
vt 0.945636 0.148645
vt 0.943421 0.148365
vt 0.943421 0.137319
vt 0.996157 0.814865
vt 0.993562 0.796381
vt 0.995570 0.796370
vt 0.998445 0.814882
vt 0.995874 0.845289
vt 0.998163 0.845606
vt 0.154161 0.362870
vt 0.152188 0.354624
vt 0.154474 0.354300
vt 0.156428 0.362432
vt 0.990724 0.614803
vt 0.989971 0.622846
vt 0.987648 0.622727
vt 0.988403 0.614544
vt 0.160508 0.381636
vt 0.162761 0.381673
vt 0.993562 0.857189
vt 0.995812 0.857726
vt 0.990724 0.635109
vt 0.988374 0.635234
vt 0.158169 0.412693
vt 0.160453 0.413007
vt 0.417718 0.618987
vt 0.414438 0.600679
vt 0.416752 0.600375
vt 0.420058 0.618847
vt 0.117713 0.991747
vt 0.117713 0.973344
vt 0.120108 0.973194
vt 0.120103 0.991632
vt 0.152188 0.443983
vt 0.154486 0.444352
vt 0.417484 0.668981
vt 0.419853 0.669040
vt 0.417462 0.688254
vt 0.419829 0.688367
vt 0.414438 0.704423
vt 0.416725 0.705003
vt 0.991027 0.733676
vt 0.988045 0.707199
vt 0.990353 0.706895
vt 0.993234 0.733411
vt 0.994211 0.364038
vt 0.994022 0.338204
vt 0.996144 0.338210
vt 0.996144 0.364293
vt 0.988045 0.762042
vt 0.990221 0.762184
vt 0.075248 0.993778
vt 0.075248 0.973194
vt 0.077098 0.973615
vt 0.076749 0.995021
vt 0.928297 0.574301
vt 0.928297 0.560157
vt 0.930539 0.559406
vt 0.930570 0.573711
vt 0.985728 0.613812
vt 0.989148 0.585701
vt 0.991439 0.585806
vt 0.988022 0.613927
vt 0.673607 0.978439
vt 0.672659 0.972489
vt 0.674372 0.971351
vt 0.675307 0.977607
vt 0.985728 0.556400
vt 0.988010 0.556066
vt 0.987770 0.536006
vt 0.989979 0.535494
vt 0.672659 0.992322
vt 0.674222 0.992285
vt 0.070488 0.789006
vt 0.111069 0.782598
vt 0.092485 0.812306
vt 0.127635 0.763946
vt 0.147208 0.729711
vt 0.140228 0.753920
vt 0.150292 0.410780
vt 0.426641 0.113896
vt 0.150354 0.375703
vt 0.140653 0.333192
vt 0.423202 0.082712
vt 0.151520 0.328949
vt 0.807352 0.824642
vt 0.818691 0.834398
vt 0.759177 0.864848
vt 0.755651 0.835786
vt 0.527711 0.514914
vt 0.525787 0.536138
vt 0.524145 0.401162
vt 0.525408 0.370009
vt 0.108686 0.538811
vt 0.137562 0.532644
vt 0.110520 0.513004
vt 0.122044 0.518433
vt 0.134632 0.495064
vt 0.111863 0.494088
vt 0.958129 0.415479
s 1
usemtl M_Coconut
f 1/1/1 2/2/2 3/3/3
f 1/1/1 3/3/3 4/4/4
f 1/1/1 4/4/4 5/5/5
f 1/1/1 5/5/5 6/6/6
f 1/7/1 6/8/6 7/9/7
f 1/7/1 7/9/7 8/10/8
f 1/7/1 8/10/8 9/11/9
f 1/7/1 9/11/9 10/12/10
f 1/13/1 10/14/10 11/15/11
f 1/1/1 11/16/11 12/17/12
f 1/1/1 12/17/12 13/18/13
f 1/1/1 13/18/13 2/2/2
f 17/19/3 14/20/2 15/21/14
f 15/21/14 16/22/15 17/19/3
f 19/23/4 17/19/3 16/22/15
f 16/22/15 18/24/16 19/23/4
f 21/25/5 19/23/4 18/24/16
f 18/24/16 20/26/17 21/25/5
f 23/27/6 21/25/5 20/26/17
f 20/26/17 22/28/18 23/27/6
f 25/29/7 23/30/6 22/31/18
f 22/31/18 24/32/19 25/29/7
f 27/33/8 25/29/7 24/32/19
f 24/32/19 26/34/20 27/33/8
f 29/35/9 27/33/8 26/34/20
f 26/34/20 28/36/21 29/35/9
f 33/37/22 30/38/9 31/39/21
f 31/39/21 32/40/23 33/37/22
f 35/41/11 33/42/22 32/43/23
f 32/43/23 34/44/24 35/41/11
f 37/45/12 35/41/11 34/44/24
f 34/44/24 36/46/25 37/45/12
f 39/47/13 37/45/12 36/46/25
f 36/46/25 38/48/26 39/47/13
f 14/20/2 39/49/13 38/50/26
f 38/50/26 15/21/14 14/20/2
f 16/22/15 15/21/14 40/51/27
f 40/51/27 41/52/28 16/22/15
f 18/24/16 16/22/15 41/52/28
f 41/52/28 42/53/29 18/24/16
f 20/26/17 18/24/16 42/53/29
f 42/53/29 43/54/30 20/26/17
f 22/55/18 20/56/17 43/57/30
f 43/57/30 44/58/31 22/55/18
f 24/32/19 22/31/18 44/59/31
f 44/59/31 45/60/32 24/32/19
f 26/34/20 24/32/19 45/60/32
f 45/60/32 46/61/33 26/34/20
f 28/36/21 26/34/20 46/61/33
f 46/61/33 47/62/34 28/36/21
f 32/43/23 31/63/21 48/64/35
f 48/64/35 49/65/36 32/43/23
f 34/44/24 32/43/23 49/65/36
f 49/65/36 50/66/37 34/44/24
f 36/46/25 34/44/24 50/66/37
f 50/66/37 51/67/38 36/46/25
f 38/48/26 36/46/25 51/67/38
f 51/67/38 52/68/39 38/48/26
f 15/69/14 38/70/26 52/71/39
f 52/71/39 40/72/27 15/69/14
f 41/73/28 40/72/27 53/74/40
f 53/74/40 54/75/41 41/73/28
f 42/76/29 41/73/28 54/75/41
f 54/75/41 55/77/42 42/76/29
f 43/57/30 42/78/29 55/79/42
f 55/79/42 56/80/43 43/57/30
f 44/58/31 43/57/30 56/80/43
f 56/80/43 57/81/44 44/58/31
f 45/82/32 44/58/31 57/81/44
f 57/81/44 58/83/45 45/82/32
f 46/61/33 45/60/32 58/84/45
f 58/84/45 59/85/46 46/61/33
f 47/86/34 46/87/33 59/88/46
f 59/88/46 60/89/47 47/86/34
f 49/90/36 48/91/35 61/92/47
f 61/92/47 62/93/48 49/90/36
f 50/66/37 49/65/36 62/94/48
f 62/94/48 63/95/49 50/66/37
f 51/67/38 50/66/37 63/95/49
f 63/95/49 64/96/50 51/67/38
f 52/71/39 51/97/38 64/98/50
f 64/98/50 65/99/51 52/71/39
f 40/72/27 52/71/39 65/99/51
f 65/99/51 53/74/40 40/72/27
f 54/75/41 53/74/40 66/100/52
f 66/100/52 67/101/53 54/75/41
f 55/77/42 54/75/41 67/101/53
f 67/101/53 68/102/54 55/77/42
f 56/80/43 55/79/42 68/103/54
f 68/103/54 69/104/55 56/80/43
f 57/81/44 56/80/43 69/104/55
f 69/104/55 70/105/56 57/81/44
f 58/83/45 57/81/44 70/105/56
f 70/105/56 71/106/57 58/83/45
f 59/88/46 58/107/45 71/108/57
f 71/108/57 72/109/58 59/88/46
f 60/89/47 59/88/46 72/109/58
f 72/109/58 73/110/59 60/89/47
f 62/93/48 61/92/47 74/111/59
f 74/111/59 75/112/60 62/93/48
f 63/113/49 62/93/48 75/112/60
f 75/112/60 76/114/61 63/113/49
f 64/115/50 63/113/49 76/114/61
f 76/114/61 77/116/62 64/115/50
f 65/99/51 64/98/50 77/117/62
f 77/117/62 78/118/63 65/99/51
f 53/74/40 65/99/51 78/118/63
f 78/118/63 66/100/52 53/74/40
f 79/119/64 80/120/53 81/121/65
f 79/119/64 82/122/66 80/120/53
f 79/123/64 83/124/67 82/125/66
f 79/123/64 84/126/56 83/124/67
f 79/127/64 85/128/68 84/129/56
f 79/127/64 86/130/58 85/128/68
f 79/127/64 87/131/59 86/130/58
f 79/127/64 88/132/60 87/131/59
f 79/127/64 89/133/61 88/132/60
f 79/127/64 90/134/62 89/133/61
f 79/127/64 91/135/63 90/134/62
f 79/119/64 81/121/65 91/136/63
f 92/137/69 93/138/70 94/139/71
f 92/137/69 94/139/71 95/140/72
f 92/141/69 95/142/72 96/143/73
f 92/141/69 96/143/73 97/144/74
f 92/141/69 97/144/74 98/145/75
f 92/141/69 98/145/75 99/146/76
f 92/141/69 99/146/76 100/147/77
f 92/148/69 100/149/77 101/150/78
f 92/137/69 101/151/78 102/152/79
f 92/137/69 102/152/79 103/153/80
f 92/137/69 103/153/80 104/154/81
f 92/137/69 104/154/81 93/138/70
f 108/155/82 105/156/70 106/157/83
f 106/157/83 107/158/84 108/155/82
f 110/159/72 108/155/82 107/158/84
f 107/158/84 109/160/85 110/159/72
f 112/161/86 110/162/72 109/163/85
f 109/163/85 111/164/87 112/161/86
f 114/165/88 112/161/86 111/164/87
f 111/164/87 113/166/89 114/165/88
f 116/167/75 114/165/88 113/166/89
f 113/166/89 115/168/90 116/167/75
f 118/169/91 116/167/75 115/168/90
f 115/168/90 117/170/92 118/169/91
f 120/171/77 118/172/91 117/173/92
f 117/173/92 119/174/93 120/171/77
f 124/175/78 121/176/77 122/177/93
f 122/177/93 123/178/94 124/175/78
f 126/179/79 124/175/78 123/178/94
f 123/178/94 125/180/95 126/179/79
f 128/181/80 126/182/79 125/183/95
f 125/183/95 127/184/96 128/181/80
f 130/185/81 128/181/80 127/184/96
f 127/184/96 129/186/97 130/185/81
f 105/156/70 130/185/81 129/186/97
f 129/186/97 106/157/83 105/156/70
f 107/158/84 106/157/83 131/187/98
f 131/187/98 132/188/99 107/158/84
f 109/189/85 107/190/84 132/191/99
f 132/191/99 133/192/100 109/189/85
f 111/193/87 109/189/85 133/192/100
f 133/192/100 134/194/101 111/193/87
f 113/166/89 111/164/87 134/195/101
f 134/195/101 135/196/102 113/166/89
f 115/168/90 113/166/89 135/196/102
f 135/196/102 136/197/103 115/168/90
f 117/170/92 115/168/90 136/197/103
f 136/197/103 137/198/104 117/170/92
f 119/174/93 117/173/92 137/199/104
f 137/199/104 138/200/105 119/174/93
f 123/178/94 122/177/93 139/201/106
f 139/201/106 140/202/107 123/178/94
f 125/180/95 123/178/94 140/202/107
f 140/202/107 141/203/108 125/180/95
f 127/204/96 125/180/95 141/203/108
f 141/203/108 142/205/109 127/204/96
f 129/186/97 127/184/96 142/206/109
f 142/206/109 143/207/110 129/186/97
f 106/157/83 129/186/97 143/207/110
f 143/207/110 131/187/98 106/157/83
f 132/191/99 131/208/98 144/209/111
f 144/209/111 145/210/112 132/191/99
f 133/192/100 132/191/99 145/210/112
f 145/210/112 146/211/113 133/192/100
f 134/194/101 133/192/100 146/211/113
f 146/211/113 147/212/114 134/194/101
f 135/213/102 134/194/101 147/212/114
f 147/212/114 148/214/115 135/213/102
f 136/215/103 135/216/102 148/217/115
f 148/217/115 149/218/116 136/215/103
f 137/219/104 136/215/103 149/218/116
f 149/218/116 150/220/117 137/219/104
f 138/221/105 137/219/104 150/220/117
f 150/220/117 151/222/118 138/221/105
f 140/202/107 139/201/106 152/223/118
f 152/223/118 153/224/119 140/202/107
f 141/203/108 140/202/107 153/224/119
f 153/224/119 154/225/120 141/203/108
f 142/226/109 141/227/108 154/228/120
f 154/228/120 155/229/121 142/226/109
f 143/230/110 142/226/109 155/229/121
f 155/229/121 156/231/122 143/230/110
f 131/232/98 143/230/110 156/231/122
f 156/231/122 144/233/111 131/232/98
f 145/210/112 144/209/111 157/234/123
f 157/234/123 158/235/124 145/210/112
f 146/211/113 145/210/112 158/235/124
f 158/235/124 159/236/125 146/211/113
f 147/212/114 146/211/113 159/236/125
f 159/236/125 160/237/126 147/212/114
f 148/214/115 147/212/114 160/237/126
f 160/237/126 161/238/127 148/214/115
f 149/218/116 148/217/115 161/239/127
f 161/239/127 162/240/128 149/218/116
f 150/220/117 149/218/116 162/240/128
f 162/240/128 163/241/129 150/220/117
f 151/222/118 150/220/117 163/241/129
f 163/241/129 164/242/130 151/222/118
f 153/243/119 152/244/118 165/245/131
f 165/245/131 166/246/132 153/243/119
f 154/228/120 153/247/119 166/248/132
f 166/248/132 167/249/133 154/228/120
f 155/229/121 154/228/120 167/249/133
f 167/249/133 168/250/134 155/229/121
f 156/231/122 155/229/121 168/250/134
f 168/250/134 169/251/135 156/231/122
f 144/233/111 156/231/122 169/251/135
f 169/251/135 157/252/123 144/233/111
f 170/253/136 171/254/124 172/255/137
f 170/256/136 173/257/138 171/258/124
f 170/256/136 174/259/126 173/257/138
f 170/256/136 175/260/127 174/259/126
f 170/261/136 176/262/128 175/263/127
f 170/261/136 177/264/139 176/262/128
f 170/261/136 178/265/130 177/264/139
f 170/261/136 179/266/140 178/265/130
f 170/253/136 180/267/133 179/268/140
f 170/253/136 181/269/141 180/267/133
f 170/253/136 182/270/135 181/269/141
f 170/253/136 172/255/137 182/270/135
f 1458/1776/1419 1459/1777/1420 1460/1778/1421
f 1458/1779/1419 1460/1780/1421 1461/1781/1422
f 1458/1779/1419 1461/1781/1422 1462/1782/1423
f 1458/1779/1419 1462/1782/1423 1463/1783/1424
f 1458/1779/1419 1463/1783/1424 1464/1784/1425
f 1458/1779/1419 1464/1784/1425 1465/1785/1426
f 1458/1779/1419 1465/1785/1426 1466/1786/1427
f 1458/1779/1419 1466/1786/1427 1467/1787/1428
f 1458/1776/1419 1467/1788/1428 1468/1789/1429
f 1458/1776/1419 1468/1789/1429 1469/1790/1430
f 1458/1776/1419 1469/1790/1430 1470/1791/1431
f 1458/1776/1419 1470/1791/1431 1459/1777/1420
f 1474/1792/1432 1471/1793/1433 1472/1794/1434
f 1472/1794/1434 1473/1795/1435 1474/1792/1432
f 1476/1796/1436 1474/1792/1432 1473/1795/1435
f 1473/1795/1435 1475/1797/1437 1476/1796/1436
f 1478/1798/1438 1476/1796/1436 1475/1797/1437
f 1475/1797/1437 1477/1799/1439 1478/1798/1438
f 1480/1800/1440 1478/1801/1438 1477/1802/1439
f 1477/1802/1439 1479/1803/1441 1480/1800/1440
f 1482/1804/1442 1480/1800/1440 1479/1803/1441
f 1479/1803/1441 1481/1805/1443 1482/1804/1442
f 1484/1806/1444 1482/1804/1442 1481/1805/1443
f 1481/1805/1443 1483/1807/1445 1484/1806/1444
f 1486/1808/1446 1484/1806/1444 1483/1807/1445
f 1483/1807/1445 1485/1809/1447 1486/1808/1446
f 1490/1810/1448 1487/1811/1449 1488/1812/1450
f 1488/1812/1450 1489/1813/1451 1490/1810/1448
f 1492/1814/1452 1490/1815/1448 1489/1816/1451
f 1489/1816/1451 1491/1817/1453 1492/1814/1452
f 1494/1818/1454 1492/1814/1452 1491/1817/1453
f 1491/1817/1453 1493/1819/1455 1494/1818/1454
f 1496/1820/1456 1494/1818/1454 1493/1819/1455
f 1493/1819/1455 1495/1821/1457 1496/1820/1456
f 1471/1822/1433 1496/1820/1456 1495/1821/1457
f 1495/1821/1457 1472/1823/1434 1471/1822/1433
f 1473/1795/1435 1472/1794/1434 1497/1824/1458
f 1497/1824/1458 1498/1825/1459 1473/1795/1435
f 1475/1797/1437 1473/1795/1435 1498/1825/1459
f 1498/1825/1459 1499/1826/1460 1475/1797/1437
f 1477/1799/1439 1475/1797/1437 1499/1826/1460
f 1499/1826/1460 1500/1827/1461 1477/1799/1439
f 1479/1828/1441 1477/1799/1439 1500/1827/1461
f 1500/1827/1461 1501/1829/1462 1479/1828/1441
f 1481/1805/1443 1479/1803/1441 1501/1830/1462
f 1501/1830/1462 1502/1831/1463 1481/1805/1443
f 1483/1807/1445 1481/1805/1443 1502/1831/1463
f 1502/1831/1463 1503/1832/1464 1483/1807/1445
f 1485/1809/1447 1483/1807/1445 1503/1832/1464
f 1503/1832/1464 1504/1833/1465 1485/1809/1447
f 1489/1834/1451 1488/1835/1450 1505/1836/1466
f 1505/1836/1466 1506/1837/1467 1489/1834/1451
f 1491/1838/1453 1489/1834/1451 1506/1837/1467
f 1506/1837/1467 1507/1839/1468 1491/1838/1453
f 1493/1819/1455 1491/1817/1453 1507/1840/1468
f 1507/1840/1468 1508/1841/1469 1493/1819/1455
f 1495/1821/1457 1493/1819/1455 1508/1841/1469
f 1508/1841/1469 1509/1842/1470 1495/1821/1457
f 1472/1843/1434 1495/1844/1457 1509/1845/1470
f 1509/1845/1470 1497/1846/1458 1472/1843/1434
f 1498/1847/1459 1497/1846/1458 1510/1848/1471
f 1510/1848/1471 1511/1849/1472 1498/1847/1459
f 1499/1826/1460 1498/1825/1459 1511/1850/1472
f 1511/1850/1472 1512/1851/1473 1499/1826/1460
f 1500/1827/1461 1499/1826/1460 1512/1851/1473
f 1512/1851/1473 1513/1852/1474 1500/1827/1461
f 1501/1853/1462 1500/1854/1461 1513/1855/1474
f 1513/1855/1474 1514/1856/1475 1501/1853/1462
f 1502/1857/1463 1501/1853/1462 1514/1856/1475
f 1514/1856/1475 1515/1858/1476 1502/1857/1463
f 1503/1859/1464 1502/1857/1463 1515/1858/1476
f 1515/1858/1476 1516/1860/1477 1503/1859/1464
f 1504/1861/1465 1503/1862/1464 1516/1863/1477
f 1516/1863/1477 1517/1864/1478 1504/1861/1465
f 1506/1837/1467 1505/1836/1466 1518/1865/1479
f 1518/1865/1479 1519/1866/1480 1506/1837/1467
f 1507/1839/1468 1506/1837/1467 1519/1866/1480
f 1519/1866/1480 1520/1867/1481 1507/1839/1468
f 1508/1868/1469 1507/1839/1468 1520/1867/1481
f 1520/1867/1481 1521/1869/1482 1508/1868/1469
f 1509/1845/1470 1508/1870/1469 1521/1871/1482
f 1521/1871/1482 1522/1872/1483 1509/1845/1470
f 1497/1846/1458 1509/1845/1470 1522/1872/1483
f 1522/1872/1483 1510/1848/1471 1497/1846/1458
f 1511/1849/1472 1510/1848/1471 1523/1873/1484
f 1523/1873/1484 1524/1874/1485 1511/1849/1472
f 1512/1875/1473 1511/1849/1472 1524/1874/1485
f 1524/1874/1485 1525/1876/1486 1512/1875/1473
f 1513/1855/1474 1512/1877/1473 1525/1878/1486
f 1525/1878/1486 1526/1879/1487 1513/1855/1474
f 1514/1856/1475 1513/1855/1474 1526/1879/1487
f 1526/1879/1487 1527/1880/1488 1514/1856/1475
f 1515/1858/1476 1514/1856/1475 1527/1880/1488
f 1527/1880/1488 1528/1881/1489 1515/1858/1476
f 1516/1860/1477 1515/1858/1476 1528/1881/1489
f 1528/1881/1489 1529/1882/1490 1516/1860/1477
f 1517/1864/1478 1516/1863/1477 1529/1883/1490
f 1529/1883/1490 1530/1884/1491 1517/1864/1478
f 1519/1866/1480 1518/1865/1479 1531/1885/1492
f 1531/1885/1492 1532/1886/1493 1519/1866/1480
f 1520/1867/1481 1519/1866/1480 1532/1886/1493
f 1532/1886/1493 1533/1887/1494 1520/1867/1481
f 1521/1871/1482 1520/1888/1481 1533/1889/1494
f 1533/1889/1494 1534/1890/1495 1521/1871/1482
f 1522/1872/1483 1521/1871/1482 1534/1890/1495
f 1534/1890/1495 1535/1891/1496 1522/1872/1483
f 1510/1848/1471 1522/1872/1483 1535/1891/1496
f 1535/1891/1496 1523/1873/1484 1510/1848/1471
f 1536/1892/1497 1537/1893/1498 1538/1894/1499
f 1536/1895/1497 1539/1896/1500 1537/1897/1498
f 1536/1895/1497 1540/1898/1501 1539/1896/1500
f 1536/1895/1497 1541/1899/1502 1540/1898/1501
f 1536/1895/1497 1542/1900/1503 1541/1899/1502
f 1536/1895/1497 1543/1901/1504 1542/1900/1503
f 1536/1895/1497 1544/1902/1505 1543/1901/1504
f 1536/1895/1497 1545/1903/1506 1544/1902/1505
f 1536/1904/1497 1546/1905/1507 1545/1906/1506
f 1536/1892/1497 1547/1907/1508 1546/1908/1507
f 1536/1892/1497 1548/1909/1509 1547/1907/1508
f 1536/1892/1497 1538/1894/1499 1548/1909/1509
f 1804/2220/1766 1805/2221/1767 1806/2222/1768
f 1804/2220/1766 1806/2222/1768 1807/2223/1769
f 1804/2224/1766 1807/2225/1769 1808/2226/1770
f 1804/2224/1766 1808/2226/1770 1809/2227/1771
f 1804/2224/1766 1809/2227/1771 1810/2228/1772
f 1804/2224/1766 1810/2228/1772 1811/2229/1773
f 1804/2224/1766 1811/2229/1773 1812/2230/1774
f 1804/2224/1766 1812/2230/1774 1813/2231/1775
f 1804/2224/1766 1813/2231/1775 1814/2232/1776
f 1804/2233/1766 1814/2234/1776 1815/2235/1777
f 1804/2220/1766 1815/2236/1777 1816/2237/1778
f 1804/2220/1766 1816/2237/1778 1805/2221/1767
f 1820/2238/1768 1817/2239/1767 1818/2240/1779
f 1818/2240/1779 1819/2241/1780 1820/2238/1768
f 1822/2242/1769 1820/2238/1768 1819/2241/1780
f 1819/2241/1780 1821/2243/1781 1822/2242/1769
f 1824/2244/1770 1822/2242/1769 1821/2243/1781
f 1821/2243/1781 1823/2245/1782 1824/2244/1770
f 1826/2246/1771 1824/2247/1770 1823/2248/1782
f 1823/2248/1782 1825/2249/1783 1826/2246/1771
f 1828/2250/1784 1826/2246/1771 1825/2249/1783
f 1825/2249/1783 1827/2251/1785 1828/2250/1784
f 1830/2252/1773 1828/2250/1784 1827/2251/1785
f 1827/2251/1785 1829/2253/1786 1830/2252/1773
f 1832/2254/1774 1830/2252/1773 1829/2253/1786
f 1829/2253/1786 1831/2255/1787 1832/2254/1774
f 1836/2256/1775 1833/2257/1788 1834/2258/1787
f 1834/2258/1787 1835/2259/1789 1836/2256/1775
f 1838/2260/1776 1836/2261/1775 1835/2262/1789
f 1835/2262/1789 1837/2263/1790 1838/2260/1776
f 1840/2264/1777 1838/2260/1776 1837/2263/1790
f 1837/2263/1790 1839/2265/1791 1840/2264/1777
f 1842/2266/1778 1840/2264/1777 1839/2265/1791
f 1839/2265/1791 1841/2267/1792 1842/2266/1778
f 1817/2239/1767 1842/2268/1778 1841/2269/1792
f 1841/2269/1792 1818/2240/1779 1817/2239/1767
f 1819/2241/1780 1818/2240/1779 1843/2270/1793
f 1843/2270/1793 1844/2271/1794 1819/2241/1780
f 1821/2243/1781 1819/2241/1780 1844/2271/1794
f 1844/2271/1794 1845/2272/1795 1821/2243/1781
f 1823/2273/1782 1821/2274/1781 1845/2275/1795
f 1845/2275/1795 1846/2276/1796 1823/2273/1782
f 1825/2277/1783 1823/2273/1782 1846/2276/1796
f 1846/2276/1796 1847/2278/1797 1825/2277/1783
f 1827/2251/1785 1825/2249/1783 1847/2279/1797
f 1847/2279/1797 1848/2280/1798 1827/2251/1785
f 1829/2253/1786 1827/2251/1785 1848/2280/1798
f 1848/2280/1798 1849/2281/1799 1829/2253/1786
f 1831/2255/1787 1829/2253/1786 1849/2281/1799
f 1849/2281/1799 1850/2282/1800 1831/2255/1787
f 1835/2262/1789 1834/2283/1787 1851/2284/1800
f 1851/2284/1800 1852/2285/1801 1835/2262/1789
f 1837/2263/1790 1835/2262/1789 1852/2285/1801
f 1852/2285/1801 1853/2286/1802 1837/2263/1790
f 1839/2265/1791 1837/2263/1790 1853/2286/1802
f 1853/2286/1802 1854/2287/1803 1839/2265/1791
f 1841/2267/1792 1839/2265/1791 1854/2287/1803
f 1854/2287/1803 1855/2288/1804 1841/2267/1792
f 1818/2240/1779 1841/2269/1792 1855/2289/1804
f 1855/2289/1804 1843/2270/1793 1818/2240/1779
f 1844/2271/1794 1843/2270/1793 1856/2290/1805
f 1856/2290/1805 1857/2291/1806 1844/2271/1794
f 1845/2275/1795 1844/2292/1794 1857/2293/1806
f 1857/2293/1806 1858/2294/1807 1845/2275/1795
f 1846/2276/1796 1845/2275/1795 1858/2294/1807
f 1858/2294/1807 1859/2295/1808 1846/2276/1796
f 1847/2278/1797 1846/2276/1796 1859/2295/1808
f 1859/2295/1808 1860/2296/1809 1847/2278/1797
f 1848/2297/1798 1847/2278/1797 1860/2296/1809
f 1860/2296/1809 1861/2298/1810 1848/2297/1798
f 1849/2299/1799 1848/2300/1798 1861/2301/1810
f 1861/2301/1810 1862/2302/1811 1849/2299/1799
f 1850/2303/1800 1849/2299/1799 1862/2302/1811
f 1862/2302/1811 1863/2304/1812 1850/2303/1800
f 1852/2305/1801 1851/2306/1800 1864/2307/1813
f 1864/2307/1813 1865/2308/1814 1852/2305/1801
f 1853/2286/1802 1852/2285/1801 1865/2309/1814
f 1865/2309/1814 1866/2310/1815 1853/2286/1802
f 1854/2287/1803 1853/2286/1802 1866/2310/1815
f 1866/2310/1815 1867/2311/1816 1854/2287/1803
f 1855/2312/1804 1854/2313/1803 1867/2314/1816
f 1867/2314/1816 1868/2315/1817 1855/2312/1804
f 1843/2316/1793 1855/2312/1804 1868/2315/1817
f 1868/2315/1817 1856/2317/1805 1843/2316/1793
f 1857/2318/1806 1856/2317/1805 1869/2319/1818
f 1869/2319/1818 1870/2320/1819 1857/2318/1806
f 1858/2294/1807 1857/2293/1806 1870/2321/1819
f 1870/2321/1819 1871/2322/1820 1858/2294/1807
f 1859/2295/1808 1858/2294/1807 1871/2322/1820
f 1871/2322/1820 1872/2323/1821 1859/2295/1808
f 1860/2296/1809 1859/2295/1808 1872/2323/1821
f 1872/2323/1821 1873/2324/1822 1860/2296/1809
f 1861/2298/1810 1860/2296/1809 1873/2324/1822
f 1873/2324/1822 1874/2325/1823 1861/2298/1810
f 1862/2302/1811 1861/2301/1810 1874/2326/1823
f 1874/2326/1823 1875/2327/1824 1862/2302/1811
f 1863/2304/1812 1862/2302/1811 1875/2327/1824
f 1875/2327/1824 1876/2328/1825 1863/2304/1812
f 1865/2308/1814 1864/2307/1813 1877/2329/1825
f 1877/2329/1825 1878/2330/1826 1865/2308/1814
f 1866/2331/1815 1865/2308/1814 1878/2330/1826
f 1878/2330/1826 1879/2332/1827 1866/2331/1815
f 1867/2314/1816 1866/2333/1815 1879/2334/1827
f 1879/2334/1827 1880/2335/1828 1867/2314/1816
f 1868/2315/1817 1867/2314/1816 1880/2335/1828
f 1880/2335/1828 1881/2336/1829 1868/2315/1817
f 1856/2317/1805 1868/2315/1817 1881/2336/1829
f 1881/2336/1829 1869/2319/1818 1856/2317/1805
f 1882/2337/1830 1883/2338/1819 1884/2339/1818
f 1882/2337/1830 1885/2340/1820 1883/2338/1819
f 1882/2341/1830 1886/2342/1821 1885/2343/1820
f 1882/2341/1830 1887/2344/1822 1886/2342/1821
f 1882/2345/1830 1888/2346/1823 1887/258/1822
f 1882/2345/1830 1889/2347/1824 1888/2346/1823
f 1882/2345/1830 1890/2348/1825 1889/2347/1824
f 1882/2345/1830 1891/2349/1826 1890/2348/1825
f 1882/2337/1830 1892/2350/1827 1891/2351/1826
f 1882/2337/1830 1893/2352/1828 1892/2350/1827
f 1882/2337/1830 1894/2353/1831 1893/2352/1828
f 1882/2337/1830 1884/2339/1818 1894/2353/1831
usemtl M_PalmLeaves
f 183/271/142 184/272/143 185/273/144
f 185/273/144 186/274/145 183/271/142
f 187/275/146 183/276/142 186/277/145
f 186/277/145 188/278/147 187/275/146
f 189/279/148 187/275/146 188/278/147
f 188/278/147 190/280/149 189/279/148
f 191/281/150 192/282/151 193/283/152
f 193/283/152 194/284/153 191/281/150
f 195/285/154 192/282/151 191/281/150
f 191/281/150 196/286/155 195/285/154
f 197/287/156 198/288/157 199/289/158
f 199/289/158 200/290/159 197/287/156
f 201/291/160 202/292/161 184/272/143
f 184/272/143 183/271/142 201/291/160
f 203/293/162 201/291/160 183/271/142
f 183/271/142 187/294/146 203/293/162
f 204/295/163 203/293/162 187/294/146
f 187/275/146 189/279/148 204/296/163
f 193/283/152 192/282/151 205/297/164
f 205/297/164 206/298/165 193/283/152
f 207/299/166 205/297/164 192/282/151
f 192/282/151 195/285/154 207/299/166
f 208/300/167 209/301/168 202/292/161
f 202/292/161 201/291/160 208/300/167
f 210/302/169 208/300/167 201/291/160
f 210/302/169 201/291/160 203/293/162
f 210/302/169 203/293/162 211/303/170
f 203/293/162 204/295/163 212/304/171
f 213/305/172 214/306/173 206/307/165
f 206/307/165 205/308/164 213/305/172
f 215/309/174 213/310/172 205/297/164
f 205/297/164 207/299/166 215/309/174
f 216/311/175 199/289/158 198/288/157
f 198/288/157 217/312/176 216/311/175
f 191/281/150 218/313/177 219/314/178
f 219/314/178 196/286/155 191/281/150
f 220/315/179 221/316/180 222/317/181
f 223/318/182 218/313/177 191/281/150
f 191/281/150 194/284/153 223/318/182
f 224/319/183 225/320/184 226/321/185
f 226/321/185 188/278/147 224/319/183
f 186/277/145 227/322/186 228/323/187
f 229/324/188 185/325/144 230/326/189
f 230/326/189 231/327/190 229/324/188
f 185/325/144 232/328/191 233/329/192
f 233/329/192 230/326/189 185/325/144
f 234/330/193 235/331/194 236/332/195
f 237/333/196 238/334/197 235/335/194
f 235/335/194 234/336/193 237/333/196
f 239/337/198 240/338/199 241/339/200
f 241/339/200 242/340/201 239/337/198
f 242/340/201 241/339/200 243/341/202
f 243/341/202 244/342/203 242/340/201
f 244/342/203 243/341/202 245/343/204
f 245/343/204 246/344/205 244/342/203
f 247/345/206 248/346/207 249/347/208
f 249/347/208 250/348/209 247/345/206
f 247/345/206 250/348/209 251/349/210
f 251/349/210 252/350/211 247/345/206
f 253/351/212 240/352/199 254/353/213
f 254/353/213 255/354/214 253/351/212
f 240/352/199 253/351/212 256/355/215
f 256/355/215 241/356/200 240/352/199
f 241/356/200 256/355/215 257/357/216
f 257/358/216 243/341/202 241/339/200
f 243/341/202 257/358/216 258/359/217
f 258/359/217 245/343/204 243/341/202
f 259/360/218 250/348/209 249/347/208
f 249/347/208 260/361/219 259/360/218
f 250/348/209 259/360/218 261/362/220
f 261/362/220 251/349/210 250/348/209
f 253/351/212 262/363/221 263/364/222
f 263/364/222 256/355/215 253/351/212
f 263/364/222 264/365/223 265/366/224
f 265/366/224 266/367/225 257/357/216
f 265/366/224 257/357/216 256/355/215
f 263/364/222 265/366/224 256/355/215
f 257/357/216 266/367/225 267/368/226
f 268/369/227 259/360/218 260/361/219
f 269/370/228 268/369/227 260/361/219
f 269/370/228 260/361/219 270/371/229
f 271/372/230 259/360/218 268/369/227
f 272/373/231 262/363/221 253/351/212
f 253/351/212 255/354/214 273/374/232
f 272/373/231 253/351/212 273/374/232
f 272/373/231 273/374/232 274/375/233
f 275/376/234 276/377/235 247/345/206
f 247/345/206 252/350/211 275/376/234
f 277/378/236 278/379/237 279/380/238
f 247/345/206 276/377/235 280/381/239
f 280/381/239 248/346/207 247/345/206
f 281/382/240 282/383/241 283/384/242
f 283/384/242 284/385/243 281/382/240
f 285/386/244 284/385/243 283/384/242
f 283/384/242 286/387/245 285/386/244
f 242/340/201 287/388/246 239/337/198
f 288/389/247 289/390/248 239/391/198
f 239/391/198 290/392/249 288/389/247
f 239/393/198 289/394/248 291/395/250
f 292/396/251 293/397/252 294/398/253
f 295/399/254 296/400/255 297/401/256
f 297/401/256 298/402/257 295/399/254
f 299/403/258 300/404/259 301/405/260
f 301/405/260 302/406/261 299/403/258
f 303/407/262 304/408/263 305/409/264
f 305/409/264 306/410/265 303/407/262
f 307/411/266 308/412/267 309/413/268
f 309/413/268 310/414/269 307/411/266
f 311/415/270 312/416/271 313/417/272
f 313/417/272 314/418/273 311/415/270
f 315/419/274 307/411/266 310/414/269
f 310/414/269 316/420/275 315/419/274
f 317/421/276 318/422/277 319/423/278
f 319/423/278 320/424/279 317/421/276
f 321/425/280 322/426/281 323/427/282
f 323/427/282 324/428/283 321/425/280
f 322/426/281 317/421/276 320/424/279
f 320/424/279 323/427/282 322/426/281
f 325/429/284 326/430/285 327/431/286
f 327/431/286 328/432/287 325/429/284
f 329/433/288 321/434/280 324/435/283
f 324/435/283 330/436/289 329/433/288
f 331/437/290 332/438/291 333/439/292
f 333/439/292 334/440/293 331/437/290
f 335/441/294 333/442/292 332/443/291
f 336/444/295 337/445/296 338/446/297
f 335/447/298 339/448/299 340/449/300
f 304/408/263 341/450/301 342/451/302
f 342/451/302 305/409/264 304/408/263
f 341/450/301 331/437/290 334/440/293
f 334/440/293 342/451/302 341/450/301
f 308/412/267 343/452/303 344/453/304
f 344/453/304 309/413/268 308/412/267
f 345/454/305 299/403/258 302/406/261
f 302/406/261 346/455/306 345/454/305
f 347/456/307 345/454/305 346/455/306
f 346/455/306 348/457/308 347/456/307
f 349/458/309 350/459/310 351/460/311
f 351/460/311 352/461/312 349/458/309
f 353/462/313 295/399/254 298/402/257
f 298/402/257 354/463/314 353/462/313
f 355/464/315 353/462/313 354/463/314
f 354/463/314 356/465/316 355/464/315
f 357/466/317 358/467/318 359/468/319
f 359/468/319 360/469/320 357/466/317
f 361/470/321 362/471/322 363/472/323
f 363/472/323 364/473/324 361/470/321
f 365/474/325 357/466/317 360/469/320
f 360/469/320 366/475/326 365/474/325
f 367/476/327 355/464/315 356/465/316
f 356/465/316 368/477/328 367/476/327
f 362/471/322 369/478/329 370/479/330
f 370/479/330 363/472/323 362/471/322
f 371/480/331 365/474/325 366/475/326
f 366/475/326 372/481/332 371/480/331
f 373/482/333 374/483/334 375/484/335
f 375/484/335 376/485/336 373/482/333
f 377/486/337 378/487/338 379/488/339
f 379/488/339 380/489/340 377/486/337
f 381/490/341 371/491/331 372/492/332
f 372/492/332 382/493/342 381/490/341
f 383/494/343 373/482/333 376/485/336
f 376/485/336 384/495/344 383/494/343
f 385/496/345 383/497/343 384/498/344
f 384/498/344 386/499/346 385/496/345
f 387/500/347 385/496/345 386/499/346
f 386/499/346 388/501/348 387/500/347
f 389/502/349 390/503/350 391/504/351
f 391/504/351 392/505/352 389/502/349
f 393/506/353 394/507/354 395/508/355
f 395/508/355 396/509/356 393/506/353
f 397/510/357 389/502/349 392/505/352
f 392/505/352 398/511/358 397/510/357
f 399/512/359 400/513/360 401/514/361
f 401/514/361 402/515/362 399/512/359
f 403/516/363 399/517/359 402/518/362
f 402/518/362 404/519/364 403/516/363
f 405/520/365 406/521/366 407/522/367
f 407/522/367 408/523/368 405/520/365
f 409/524/369 410/525/370 411/526/371
f 411/526/371 412/527/372 409/524/369
f 406/528/366 413/529/373 414/530/374
f 414/531/374 407/522/367 406/521/366
f 413/529/373 415/532/375 416/533/376
f 416/533/376 414/530/374 413/529/373
f 417/534/377 409/524/369 412/527/372
f 412/527/372 418/535/378 417/534/377
f 185/536/144 184/537/143 419/538/379
f 419/539/379 232/540/191 185/273/144
f 184/272/143 202/292/161 420/541/380
f 420/541/380 419/539/379 184/272/143
f 202/292/161 209/301/168 421/542/381
f 421/542/381 420/541/380 202/292/161
f 200/290/159 234/330/193 236/332/195
f 236/332/195 197/287/156 200/290/159
f 421/542/381 217/312/176 198/288/157
f 198/288/157 420/541/380 421/542/381
f 198/288/157 197/287/156 419/539/379
f 419/539/379 420/541/380 198/288/157
f 419/539/379 197/287/156 236/332/195
f 236/332/195 232/540/191 419/539/379
f 229/324/188 227/543/186 186/544/145
f 186/544/145 185/325/144 229/324/188
f 210/302/169 422/545/382 208/300/167
f 228/323/187 224/319/183 188/278/147
f 188/278/147 186/277/145 228/323/187
f 226/321/185 423/546/383 190/280/149
f 190/280/149 188/278/147 226/321/185
f 203/293/162 212/304/171 424/547/384
f 424/547/384 211/303/170 203/293/162
f 425/548/385 212/304/171 204/295/163
f 214/306/173 425/548/385 204/295/163
f 214/306/173 204/295/163 206/307/165
f 206/298/165 204/296/163 189/279/148
f 189/279/148 193/283/152 206/298/165
f 189/279/148 190/280/149 194/284/153
f 194/284/153 193/283/152 189/279/148
f 221/316/180 220/315/179 223/318/182
f 223/318/182 426/549/386 221/316/180
f 190/280/149 423/546/383 426/549/386
f 426/549/386 223/318/182 190/280/149
f 223/318/182 194/284/153 190/280/149
f 425/548/385 427/550/387 212/304/171
f 291/551/250 428/552/388 294/553/253
f 428/554/388 429/555/389 292/396/251
f 292/396/251 294/398/253 428/554/388
f 291/556/250 254/557/213 240/558/199
f 240/558/199 239/559/198 291/556/250
f 293/560/252 430/561/390 254/353/213
f 294/553/253 293/560/252 254/353/213
f 291/551/250 294/553/253 254/353/213
f 254/353/213 430/561/390 431/562/391
f 431/562/391 255/354/214 254/353/213
f 255/354/214 431/562/391 273/374/232
f 242/340/201 285/386/244 287/388/246
f 287/563/246 432/564/392 290/392/249
f 290/392/249 239/391/198 287/563/246
f 285/386/244 242/340/201 244/342/203
f 244/342/203 284/385/243 285/386/244
f 246/344/205 433/565/393 281/382/240
f 281/382/240 244/342/203 246/344/205
f 281/382/240 284/385/243 244/342/203
f 434/566/394 433/565/393 246/344/205
f 246/344/205 280/381/239 434/566/394
f 435/567/395 258/568/217 257/357/216
f 257/357/216 267/368/226 435/567/395
f 280/381/239 279/380/238 278/379/237
f 278/379/237 434/566/394 280/381/239
f 280/381/239 246/344/205 248/346/207
f 248/346/207 246/344/205 245/343/204
f 245/343/204 249/347/208 248/346/207
f 245/343/204 258/359/217 260/361/219
f 260/361/219 249/347/208 245/343/204
f 258/359/217 435/569/395 436/570/396
f 258/359/217 436/570/396 437/571/397
f 260/361/219 258/359/217 437/571/397
f 260/361/219 437/571/397 270/371/229
f 271/372/230 261/362/220 259/360/218
f 438/572/398 439/573/399 440/574/400
f 440/574/400 441/575/401 438/572/398
f 442/576/402 438/577/398 441/578/401
f 441/578/401 443/579/403 442/576/402
f 444/580/404 442/576/402 443/579/403
f 443/579/403 445/581/405 444/580/404
f 446/582/406 447/583/407 448/584/408
f 448/584/408 449/585/409 446/582/406
f 450/586/410 447/583/407 446/582/406
f 446/582/406 451/587/411 450/586/410
f 452/588/412 453/589/413 454/590/414
f 454/590/414 455/591/415 452/588/412
f 456/592/416 457/593/417 439/573/399
f 439/573/399 438/572/398 456/592/416
f 458/594/418 456/595/416 438/577/398
f 438/577/398 442/576/402 458/594/418
f 459/596/419 458/594/418 442/576/402
f 442/576/402 444/580/404 459/596/419
f 448/584/408 447/583/407 460/597/420
f 460/597/420 461/598/421 448/584/408
f 462/599/422 460/597/420 447/583/407
f 447/583/407 450/586/410 462/599/422
f 463/600/423 464/601/424 457/602/417
f 457/593/417 456/592/416 463/603/423
f 465/604/425 463/605/423 456/595/416
f 465/604/425 456/595/416 458/594/418
f 465/604/425 458/594/418 466/606/426
f 458/594/418 459/596/419 467/607/427
f 468/608/428 469/609/429 461/598/421
f 461/598/421 460/597/420 468/608/428
f 470/610/430 468/608/428 460/597/420
f 460/597/420 462/599/422 470/610/430
f 471/611/431 454/590/414 453/589/413
f 453/589/413 472/612/432 471/611/431
f 446/582/406 473/613/433 474/614/434
f 474/614/434 451/587/411 446/582/406
f 475/615/435 476/616/436 477/617/437
f 478/618/438 473/613/433 446/582/406
f 446/582/406 449/585/409 478/618/438
f 479/619/439 480/620/440 481/621/441
f 481/621/441 443/579/403 479/619/439
f 441/578/401 482/622/442 483/623/443
f 484/624/444 440/625/400 485/626/445
f 485/627/445 486/628/446 484/629/444
f 440/630/400 487/631/447 488/632/448
f 488/633/448 485/634/445 440/635/400
f 489/636/449 490/637/450 491/638/451
f 492/639/452 493/640/453 490/637/450
f 490/637/450 489/636/449 492/639/452
f 494/641/454 495/642/455 496/643/456
f 496/643/456 497/644/457 494/641/454
f 497/645/457 496/646/456 498/647/458
f 498/647/458 499/648/459 497/645/457
f 499/648/459 498/647/458 500/649/460
f 500/649/460 501/650/461 499/648/459
f 502/651/462 503/652/463 504/653/464
f 504/653/464 505/654/465 502/651/462
f 502/651/462 505/654/465 506/655/466
f 506/655/466 507/656/467 502/651/462
f 508/657/468 495/642/455 509/658/469
f 509/658/469 510/659/470 508/657/468
f 495/642/455 508/657/468 511/660/471
f 511/660/471 496/643/456 495/642/455
f 496/646/456 511/661/471 512/662/472
f 512/662/472 498/647/458 496/646/456
f 498/647/458 512/662/472 513/663/473
f 513/663/473 500/649/460 498/647/458
f 514/664/474 505/654/465 504/653/464
f 504/653/464 515/665/475 514/664/474
f 505/654/465 514/664/474 516/666/476
f 516/666/476 506/655/466 505/654/465
f 508/667/468 517/668/477 518/669/478
f 518/670/478 511/660/471 508/657/468
f 518/671/478 519/672/479 520/673/480
f 520/673/480 521/674/481 512/662/472
f 520/673/480 512/662/472 511/661/471
f 518/671/478 520/673/480 511/661/471
f 512/662/472 521/674/481 522/675/482
f 523/676/483 514/664/474 515/665/475
f 524/677/484 523/676/483 515/665/475
f 524/678/484 515/678/475 525/678/485
f 526/679/486 514/664/474 523/676/483
f 527/680/487 517/681/477 508/657/468
f 508/657/468 510/659/470 528/682/488
f 527/680/487 508/657/468 528/682/488
f 527/680/487 528/682/488 529/683/489
f 530/684/490 531/685/491 502/651/462
f 502/651/462 507/656/467 530/684/490
f 532/686/492 533/687/493 534/688/494
f 502/651/462 531/685/491 535/689/495
f 535/689/495 503/652/463 502/651/462
f 536/690/496 537/691/497 538/692/498
f 538/692/498 539/693/499 536/690/496
f 540/694/500 539/693/499 538/692/498
f 538/692/498 541/695/501 540/694/500
f 497/644/457 542/696/502 494/641/454
f 543/697/503 544/698/504 494/641/454
f 494/641/454 545/699/505 543/697/503
f 494/641/454 544/698/504 546/700/506
f 547/701/507 548/702/508 549/703/509
f 550/704/510 551/705/511 552/706/512
f 552/706/512 553/707/513 550/704/510
f 554/708/514 555/709/515 556/710/516
f 556/710/516 557/711/517 554/708/514
f 558/712/518 559/713/519 560/714/520
f 560/714/520 561/715/521 558/712/518
f 562/716/522 563/717/523 564/718/524
f 564/718/524 565/719/525 562/716/522
f 566/720/526 567/721/527 568/722/528
f 568/723/528 569/724/529 566/725/526
f 570/726/530 562/716/522 565/719/525
f 565/719/525 571/727/531 570/726/530
f 572/728/532 573/729/533 574/730/534
f 574/730/534 575/731/535 572/728/532
f 576/732/536 577/733/537 578/734/538
f 578/734/538 579/735/539 576/732/536
f 577/733/537 572/728/532 575/731/535
f 575/731/535 578/734/538 577/733/537
f 580/736/540 581/737/541 582/738/542
f 582/738/542 583/739/543 580/736/540
f 584/740/544 576/732/536 579/735/539
f 579/735/539 585/741/545 584/740/544
f 586/742/546 587/743/547 588/744/548
f 588/744/548 589/745/549 586/742/546
f 590/746/550 588/744/548 587/743/547
f 591/747/551 592/747/552 593/747/553
f 590/748/554 594/749/555 595/750/556
f 559/713/519 596/751/557 597/752/558
f 597/752/558 560/714/520 559/713/519
f 596/753/557 586/742/546 589/745/549
f 589/745/549 597/754/558 596/753/557
f 563/755/523 598/756/559 599/757/560
f 599/758/560 564/718/524 563/717/523
f 600/759/561 554/708/514 557/711/517
f 557/711/517 601/760/562 600/759/561
f 602/761/563 600/759/561 601/760/562
f 601/760/562 603/762/564 602/761/563
f 604/763/565 605/764/566 606/765/567
f 606/765/567 607/766/568 604/763/565
f 608/767/569 550/704/510 553/707/513
f 553/707/513 609/768/570 608/767/569
f 610/769/571 608/767/569 609/768/570
f 609/768/570 611/770/572 610/769/571
f 612/771/573 613/772/574 614/773/575
f 614/773/575 615/774/576 612/771/573
f 616/775/577 617/776/578 618/777/579
f 618/777/579 619/778/580 616/775/577
f 620/779/581 612/771/573 615/774/576
f 615/774/576 621/780/582 620/779/581
f 622/781/583 610/769/571 611/770/572
f 611/770/572 623/782/584 622/781/583
f 617/776/578 624/783/585 625/784/586
f 625/784/586 618/777/579 617/776/578
f 626/785/587 620/779/581 621/780/582
f 621/780/582 627/786/588 626/785/587
f 628/787/589 629/788/590 630/789/591
f 630/789/591 631/790/592 628/787/589
f 632/791/593 633/792/594 634/793/595
f 634/793/595 635/794/596 632/791/593
f 636/795/597 626/785/587 627/786/588
f 627/786/588 637/796/598 636/795/597
f 638/797/599 628/787/589 631/790/592
f 631/790/592 639/798/600 638/797/599
f 640/799/601 638/800/599 639/801/600
f 639/801/600 641/802/602 640/799/601
f 642/803/603 640/799/601 641/802/602
f 641/802/602 643/804/604 642/803/603
f 644/805/605 645/806/606 646/807/607
f 646/807/607 647/808/608 644/805/605
f 648/809/609 649/810/610 650/811/611
f 650/811/611 651/812/612 648/809/609
f 652/813/613 644/805/605 647/808/608
f 647/808/608 653/814/614 652/813/613
f 654/815/615 655/816/616 656/817/617
f 656/817/617 657/818/618 654/815/615
f 658/819/619 654/815/615 657/818/618
f 657/818/618 659/820/620 658/819/619
f 660/821/621 661/822/622 662/823/623
f 662/823/623 663/824/624 660/821/621
f 664/825/625 665/826/626 666/827/627
f 666/827/627 667/828/628 664/825/625
f 661/822/622 668/829/629 669/830/630
f 669/830/630 662/823/623 661/822/622
f 668/829/629 670/831/631 671/832/632
f 671/832/632 669/830/630 668/829/629
f 672/833/633 664/825/625 667/828/628
f 667/828/628 673/834/634 672/833/633
f 440/574/400 439/573/399 674/835/635
f 674/835/635 487/836/447 440/574/400
f 439/573/399 457/593/417 675/837/636
f 675/837/636 674/835/635 439/573/399
f 457/593/417 464/838/424 676/839/637
f 676/839/637 675/837/636 457/593/417
f 455/591/415 489/636/449 491/638/451
f 491/638/451 452/588/412 455/591/415
f 676/839/637 472/612/432 453/589/413
f 453/589/413 675/837/636 676/839/637
f 453/589/413 452/588/412 674/835/635
f 674/835/635 675/837/636 453/589/413
f 674/835/635 452/588/412 491/638/451
f 491/638/451 487/836/447 674/835/635
f 484/840/444 482/841/442 441/575/401
f 441/575/401 440/574/400 484/840/444
f 465/604/425 677/842/638 463/605/423
f 483/623/443 479/619/439 443/579/403
f 443/579/403 441/578/401 483/623/443
f 481/621/441 678/843/639 445/581/405
f 445/581/405 443/579/403 481/621/441
f 458/594/418 467/607/427 679/844/640
f 679/844/640 466/606/426 458/594/418
f 680/845/641 467/607/427 459/596/419
f 469/609/429 680/845/641 459/596/419
f 469/609/429 459/596/419 461/598/421
f 461/598/421 459/596/419 444/580/404
f 444/580/404 448/584/408 461/598/421
f 444/580/404 445/581/405 449/585/409
f 449/585/409 448/584/408 444/580/404
f 476/616/436 475/615/435 478/618/438
f 478/618/438 681/846/642 476/616/436
f 445/581/405 678/843/639 681/846/642
f 681/846/642 478/618/438 445/581/405
f 478/618/438 449/585/409 445/581/405
f 680/845/641 682/847/643 467/607/427
f 546/700/506 683/848/644 549/703/509
f 683/848/644 684/849/645 547/701/507
f 547/701/507 549/703/509 683/848/644
f 546/700/506 509/658/469 495/642/455
f 495/642/455 494/641/454 546/700/506
f 548/702/508 685/850/646 509/658/469
f 549/703/509 548/702/508 509/658/469
f 546/700/506 549/703/509 509/658/469
f 509/658/469 685/850/646 686/851/647
f 686/851/647 510/659/470 509/658/469
f 510/659/470 686/851/647 528/682/488
f 497/644/457 540/852/500 542/696/502
f 542/853/502 687/854/648 545/855/505
f 545/856/505 494/857/454 542/858/502
f 540/694/500 497/645/457 499/648/459
f 499/648/459 539/693/499 540/694/500
f 501/650/461 688/859/649 536/690/496
f 536/690/496 499/648/459 501/650/461
f 536/690/496 539/693/499 499/648/459
f 689/860/650 688/859/649 501/650/461
f 501/650/461 535/689/495 689/860/650
f 690/861/651 513/663/473 512/662/472
f 512/662/472 522/675/482 690/861/651
f 535/689/495 534/688/494 533/687/493
f 533/687/493 689/860/650 535/689/495
f 535/689/495 501/650/461 503/652/463
f 503/652/463 501/650/461 500/649/460
f 500/649/460 504/653/464 503/652/463
f 500/649/460 513/663/473 515/665/475
f 515/665/475 504/653/464 500/649/460
f 513/663/473 690/861/651 691/862/652
f 513/663/473 691/862/652 692/863/653
f 515/665/475 513/663/473 692/863/653
f 515/665/475 692/863/653 525/677/485
f 526/679/486 516/666/476 514/664/474
f 693/864/654 694/865/655 695/866/656
f 695/866/656 696/867/657 693/864/654
f 697/868/658 693/864/654 696/867/657
f 696/867/657 698/869/659 697/868/658
f 699/870/660 697/871/658 698/872/659
f 698/872/659 700/873/661 699/870/660
f 701/874/662 702/875/663 703/876/664
f 703/876/664 704/877/665 701/874/662
f 705/878/666 702/875/663 701/874/662
f 701/874/662 706/879/667 705/878/666
f 707/880/668 708/881/669 709/882/670
f 709/882/670 710/883/671 707/880/668
f 711/884/672 712/885/673 694/865/655
f 694/865/655 693/864/654 711/884/672
f 713/886/674 711/884/672 693/864/654
f 693/864/654 697/868/658 713/886/674
f 714/887/675 713/886/674 697/868/658
f 697/868/658 699/888/660 714/887/675
f 703/889/664 702/890/663 715/891/676
f 715/891/676 716/892/677 703/889/664
f 717/893/678 715/894/676 702/875/663
f 702/875/663 705/878/666 717/893/678
f 718/895/679 719/896/680 712/885/673
f 712/885/673 711/884/672 718/895/679
f 720/897/681 718/898/679 711/899/672
f 720/897/681 711/899/672 713/900/674
f 720/897/681 713/900/674 721/901/682
f 713/900/674 714/902/675 722/903/683
f 723/904/684 724/905/685 716/892/677
f 716/892/677 715/891/676 723/904/684
f 725/906/686 723/904/684 715/891/676
f 715/891/676 717/907/678 725/906/686
f 726/908/687 709/882/670 708/881/669
f 708/881/669 727/909/688 726/908/687
f 701/874/662 728/910/689 729/911/690
f 729/911/690 706/879/667 701/874/662
f 730/912/691 731/913/692 732/914/693
f 733/915/694 728/910/689 701/874/662
f 701/874/662 704/877/665 733/915/694
f 734/916/695 735/917/696 736/918/697
f 736/918/697 698/872/659 734/916/695
f 696/867/657 737/919/698 738/920/699
f 739/921/700 695/866/656 740/922/701
f 740/922/701 741/923/702 739/921/700
f 695/924/656 742/925/703 743/926/704
f 743/927/704 740/922/701 695/866/656
f 744/928/705 745/929/706 746/930/707
f 747/931/708 748/932/709 745/929/706
f 745/929/706 744/928/705 747/931/708
f 749/933/710 750/934/711 751/935/712
f 751/935/712 752/936/713 749/933/710
f 752/936/713 751/935/712 753/937/714
f 753/937/714 754/938/715 752/936/713
f 754/938/715 753/937/714 755/939/716
f 755/939/716 756/940/717 754/938/715
f 757/941/718 758/942/719 759/943/720
f 759/943/720 760/944/721 757/941/718
f 757/941/718 760/944/721 761/945/722
f 761/945/722 762/946/723 757/941/718
f 763/947/724 750/934/711 764/948/725
f 764/948/725 765/949/726 763/947/724
f 750/934/711 763/947/724 766/950/727
f 766/950/727 751/935/712 750/934/711
f 751/935/712 766/950/727 767/951/728
f 767/951/728 753/937/714 751/935/712
f 753/937/714 767/951/728 768/952/729
f 768/952/729 755/939/716 753/937/714
f 769/953/730 760/954/721 759/955/720
f 759/955/720 770/956/731 769/953/730
f 760/944/721 769/957/730 771/958/732
f 771/958/732 761/945/722 760/944/721
f 763/947/724 772/959/733 773/960/734
f 773/960/734 766/950/727 763/947/724
f 773/961/734 774/962/735 775/963/736
f 775/963/736 776/964/737 767/965/728
f 775/963/736 767/965/728 766/966/727
f 773/961/734 775/963/736 766/966/727
f 767/965/728 776/964/737 777/967/738
f 778/968/739 769/969/730 770/970/731
f 779/971/740 778/968/739 770/970/731
f 779/678/740 770/678/731 780/678/741
f 781/972/742 769/969/730 778/968/739
f 782/973/743 772/959/733 763/947/724
f 763/947/724 765/949/726 783/974/744
f 782/973/743 763/947/724 783/974/744
f 782/973/743 783/974/744 784/975/745
f 785/976/746 786/977/747 757/941/718
f 757/941/718 762/946/723 785/976/746
f 787/978/748 788/979/749 789/980/750
f 757/941/718 786/977/747 790/981/751
f 790/981/751 758/942/719 757/941/718
f 791/982/752 792/983/753 793/984/754
f 793/984/754 794/985/755 791/982/752
f 795/986/756 794/985/755 793/984/754
f 793/984/754 796/987/757 795/986/756
f 752/936/713 797/988/758 749/933/710
f 798/989/759 799/990/760 749/933/710
f 749/933/710 800/991/761 798/989/759
f 749/933/710 799/990/760 801/992/762
f 802/993/763 803/994/764 804/995/765
f 805/996/766 806/997/767 807/998/768
f 807/998/768 808/999/769 805/996/766
f 809/1000/770 810/1001/771 811/1002/772
f 811/1002/772 812/1003/773 809/1000/770
f 813/1004/774 814/1005/775 815/1006/776
f 815/1006/776 816/1007/777 813/1004/774
f 817/1008/778 818/1009/779 819/1010/780
f 819/1010/780 820/1011/781 817/1008/778
f 821/1012/782 822/1013/783 823/1014/784
f 823/1014/784 824/1015/785 821/1012/782
f 825/1016/786 817/1008/778 820/1011/781
f 820/1011/781 826/1017/787 825/1016/786
f 827/1018/788 828/1019/789 829/1020/790
f 829/1020/790 830/1021/791 827/1018/788
f 831/1022/792 832/1023/793 833/1024/794
f 833/1024/794 834/1025/795 831/1022/792
f 832/1026/793 827/1018/788 830/1021/791
f 830/1021/791 833/1027/794 832/1026/793
f 835/1028/796 836/1029/797 837/1030/798
f 837/1030/798 838/1031/799 835/1028/796
f 839/1032/800 831/1022/792 834/1025/795
f 834/1025/795 840/1033/801 839/1032/800
f 841/1034/802 842/1035/803 843/1036/804
f 843/1036/804 844/1037/805 841/1034/802
f 845/1038/806 843/1039/804 842/1040/803
f 846/747/807 847/747/552 848/747/808
f 845/1041/809 849/1042/810 850/1043/811
f 814/1005/775 851/1044/812 852/1045/813
f 852/1045/813 815/1006/776 814/1005/775
f 851/1044/812 841/1034/802 844/1037/805
f 844/1037/805 852/1045/813 851/1044/812
f 818/1009/779 853/1046/814 854/1047/815
f 854/1047/815 819/1010/780 818/1009/779
f 855/1048/816 809/1000/770 812/1003/773
f 812/1003/773 856/1049/817 855/1048/816
f 857/1050/818 855/1048/816 856/1049/817
f 856/1049/817 858/1051/819 857/1050/818
f 859/1052/820 860/1053/821 861/1054/822
f 861/1054/822 862/1055/823 859/1052/820
f 863/1056/824 805/1057/766 808/1058/769
f 808/1058/769 864/1059/825 863/1056/824
f 865/1060/826 863/1056/824 864/1059/825
f 864/1059/825 866/1061/827 865/1060/826
f 867/1062/828 868/1063/829 869/1064/830
f 869/1064/830 870/1065/831 867/1062/828
f 871/1066/832 872/1067/833 873/1068/834
f 873/1068/834 874/1069/835 871/1066/832
f 875/1070/836 867/1062/828 870/1065/831
f 870/1065/831 876/1071/837 875/1070/836
f 877/1072/838 865/1060/826 866/1061/827
f 866/1061/827 878/1073/839 877/1072/838
f 872/1067/833 879/1074/840 880/1075/841
f 880/1075/841 873/1068/834 872/1067/833
f 881/1076/842 875/1070/836 876/1071/837
f 876/1071/837 882/1077/843 881/1076/842
f 883/1078/844 884/1079/845 885/1080/846
f 885/1080/846 886/1081/847 883/1078/844
f 887/1082/848 888/1083/849 889/1084/850
f 889/1084/850 890/1085/851 887/1082/848
f 891/1086/852 881/1076/842 882/1077/843
f 882/1077/843 892/1087/853 891/1086/852
f 893/1088/854 883/1078/844 886/1081/847
f 886/1081/847 894/1089/855 893/1088/854
f 895/1090/856 893/1088/854 894/1089/855
f 894/1089/855 896/1091/857 895/1090/856
f 897/1092/858 895/1090/856 896/1091/857
f 896/1091/857 898/1093/859 897/1092/858
f 899/1094/860 900/1095/861 901/1096/862
f 901/1096/862 902/1097/863 899/1094/860
f 903/1098/864 904/1099/865 905/1100/866
f 905/1100/866 906/1101/867 903/1098/864
f 907/1102/868 899/1094/860 902/1097/863
f 902/1097/863 908/1103/869 907/1102/868
f 909/1104/870 910/1105/871 911/1106/872
f 911/1106/872 912/1107/873 909/1104/870
f 913/1108/874 909/1109/870 912/1110/873
f 912/1110/873 914/1111/875 913/1108/874
f 915/1112/876 916/1113/877 917/1114/878
f 917/1114/878 918/1115/879 915/1112/876
f 919/1116/880 920/1117/881 921/1118/882
f 921/1118/882 922/1119/883 919/1116/880
f 916/1113/877 923/1120/884 924/1121/885
f 924/1121/885 917/1114/878 916/1113/877
f 923/1120/884 925/1122/886 926/1123/887
f 926/1123/887 924/1121/885 923/1120/884
f 927/1124/888 919/1116/880 922/1119/883
f 922/1119/883 928/1125/889 927/1124/888
f 695/866/656 694/865/655 929/1126/890
f 929/1126/890 742/1127/703 695/866/656
f 694/865/655 712/885/673 930/1128/891
f 930/1128/891 929/1126/890 694/865/655
f 712/885/673 719/896/680 931/1129/892
f 931/1129/892 930/1128/891 712/885/673
f 710/883/671 744/928/705 746/930/707
f 746/930/707 707/880/668 710/883/671
f 931/1129/892 727/909/688 708/881/669
f 708/881/669 930/1128/891 931/1129/892
f 708/881/669 707/880/668 929/1126/890
f 929/1126/890 930/1128/891 708/881/669
f 929/1126/890 707/880/668 746/930/707
f 746/930/707 742/1127/703 929/1126/890
f 739/921/700 737/919/698 696/867/657
f 696/867/657 695/866/656 739/921/700
f 720/897/681 932/1130/893 718/898/679
f 738/920/699 734/1131/695 698/869/659
f 698/869/659 696/867/657 738/920/699
f 736/918/697 933/1132/894 700/873/661
f 700/873/661 698/872/659 736/918/697
f 713/900/674 722/903/683 934/1133/895
f 934/1133/895 721/901/682 713/900/674
f 935/1134/896 722/903/683 714/902/675
f 724/905/685 935/1134/896 714/902/675
f 724/905/685 714/902/675 716/892/677
f 716/892/677 714/902/675 699/1135/660
f 699/1135/660 703/889/664 716/892/677
f 699/870/660 700/873/661 704/877/665
f 704/877/665 703/876/664 699/870/660
f 731/913/692 730/912/691 733/915/694
f 733/915/694 936/1136/897 731/913/692
f 700/873/661 933/1132/894 936/1136/897
f 936/1136/897 733/915/694 700/873/661
f 733/915/694 704/877/665 700/873/661
f 935/1134/896 937/1137/898 722/903/683
f 801/992/762 938/1138/899 804/995/765
f 938/1138/899 939/1139/900 802/993/763
f 802/993/763 804/995/765 938/1138/899
f 801/992/762 764/948/725 750/934/711
f 750/934/711 749/933/710 801/992/762
f 803/994/764 940/1140/901 764/948/725
f 804/995/765 803/994/764 764/948/725
f 801/992/762 804/995/765 764/948/725
f 764/948/725 940/1140/901 941/1141/902
f 941/1141/902 765/949/726 764/948/725
f 765/949/726 941/1141/902 783/974/744
f 752/936/713 795/986/756 797/988/758
f 797/988/758 942/1142/903 800/991/761
f 800/991/761 749/933/710 797/988/758
f 795/986/756 752/936/713 754/938/715
f 754/938/715 794/985/755 795/986/756
f 756/940/717 943/1143/904 791/982/752
f 791/982/752 754/938/715 756/940/717
f 791/982/752 794/985/755 754/938/715
f 944/1144/905 943/1143/904 756/940/717
f 756/1145/717 790/981/751 944/1146/905
f 945/1147/906 768/1148/729 767/965/728
f 767/965/728 777/967/738 945/1147/906
f 790/981/751 789/980/750 788/979/749
f 788/979/749 944/1146/905 790/981/751
f 790/981/751 756/1145/717 758/942/719
f 758/942/719 756/1145/717 755/1149/716
f 755/1149/716 759/943/720 758/942/719
f 755/939/716 768/952/729 770/956/731
f 770/956/731 759/955/720 755/939/716
f 768/1148/729 945/1147/906 946/1150/907
f 768/1148/729 946/1150/907 947/1151/908
f 770/1152/731 768/1148/729 947/1151/908
f 770/1152/731 947/1151/908 780/1153/741
f 781/972/742 771/1154/732 769/969/730
f 948/1155/909 949/1156/910 950/1157/911
f 950/1157/911 951/1158/912 948/1155/909
f 952/1159/913 948/1155/909 951/1158/912
f 951/1158/912 953/1160/914 952/1159/913
f 954/1161/915 952/1162/913 953/1163/914
f 953/1163/914 955/1164/916 954/1161/915
f 956/1165/917 957/1166/918 958/1167/919
f 958/1167/919 959/1168/920 956/1165/917
f 960/1169/921 957/1166/918 956/1165/917
f 956/1165/917 961/1170/922 960/1169/921
f 962/1171/923 963/1172/924 964/1173/925
f 964/1173/925 965/1174/926 962/1171/923
f 966/1175/927 967/1176/928 949/1156/910
f 949/1156/910 948/1155/909 966/1175/927
f 968/1177/929 966/1178/927 948/1179/909
f 948/1179/909 952/1162/913 968/1177/929
f 969/1180/930 968/1177/929 952/1162/913
f 952/1162/913 954/1161/915 969/1180/930
f 958/1167/919 957/1166/918 970/1181/931
f 970/1181/931 971/1182/932 958/1167/919
f 972/1183/933 970/1181/931 957/1166/918
f 957/1166/918 960/1169/921 972/1183/933
f 973/1184/934 974/1185/935 967/1176/928
f 967/1176/928 966/1175/927 973/1184/934
f 975/1186/936 973/1187/934 966/1178/927
f 975/1186/936 966/1178/927 968/1177/929
f 975/1186/936 968/1177/929 976/1188/937
f 968/1177/929 969/1180/930 977/1189/938
f 978/1190/939 979/1191/940 971/1182/932
f 971/1182/932 970/1181/931 978/1190/939
f 980/1192/941 978/1190/939 970/1181/931
f 970/1181/931 972/1183/933 980/1192/941
f 981/1193/942 964/1173/925 963/1172/924
f 963/1172/924 982/1194/943 981/1193/942
f 956/1195/917 983/1196/944 984/1197/945
f 984/1198/945 961/1170/922 956/1165/917
f 985/1199/946 986/1200/947 987/1201/948
f 988/1202/949 983/1196/944 956/1195/917
f 956/1195/917 959/1203/920 988/1202/949
f 989/1204/950 990/1205/951 991/1206/952
f 991/1206/952 953/1160/914 989/1204/950
f 951/1158/912 992/1207/953 993/1208/954
f 994/1209/955 950/1157/911 995/1210/956
f 995/1210/956 996/1211/957 994/1209/955
f 950/1157/911 997/1212/958 998/1213/959
f 998/1213/959 995/1210/956 950/1157/911
f 999/1214/960 1000/1215/961 1001/1216/962
f 1002/1217/963 1003/1218/964 1000/1215/961
f 1000/1215/961 999/1214/960 1002/1217/963
f 1004/1219/965 1005/1220/966 1006/1221/967
f 1006/1221/967 1007/1222/968 1004/1219/965
f 1007/1222/968 1006/1221/967 1008/1223/969
f 1008/1223/969 1009/1224/970 1007/1222/968
f 1009/1224/970 1008/1223/969 1010/1225/971
f 1010/1225/971 1011/1226/972 1009/1224/970
f 1012/1227/973 1013/1228/974 1014/1229/975
f 1014/1229/975 1015/1230/976 1012/1227/973
f 1012/1231/973 1015/1232/976 1016/1233/977
f 1016/1233/977 1017/1234/978 1012/1231/973
f 1018/1235/979 1005/1220/966 1019/1236/980
f 1019/1236/980 1020/1237/981 1018/1235/979
f 1005/1220/966 1018/1235/979 1021/1238/982
f 1021/1238/982 1006/1221/967 1005/1220/966
f 1006/1221/967 1021/1238/982 1022/1239/983
f 1022/1239/983 1008/1223/969 1006/1221/967
f 1008/1240/969 1022/1241/983 1023/1242/984
f 1023/1242/984 1010/1243/971 1008/1240/969
f 1024/1244/985 1015/1232/976 1014/1245/975
f 1014/1245/975 1025/1246/986 1024/1244/985
f 1015/1232/976 1024/1244/985 1026/1247/987
f 1026/1247/987 1016/1233/977 1015/1232/976
f 1018/1235/979 1027/1248/988 1028/1249/989
f 1028/1249/989 1021/1238/982 1018/1235/979
f 1028/1250/989 1029/1251/990 1030/1252/991
f 1030/1252/991 1031/1253/992 1022/1241/983
f 1030/1252/991 1022/1241/983 1021/1254/982
f 1028/1250/989 1030/1252/991 1021/1254/982
f 1022/1241/983 1031/1253/992 1032/1255/993
f 1033/1256/994 1024/1244/985 1025/1246/986
f 1034/1257/995 1033/1256/994 1025/1246/986
f 1034/678/995 1025/678/986 1035/678/996
f 1036/1258/997 1024/1244/985 1033/1256/994
f 1037/1259/998 1027/1248/988 1018/1235/979
f 1018/1235/979 1020/1237/981 1038/1260/999
f 1037/1259/998 1018/1235/979 1038/1260/999
f 1037/1259/998 1038/1260/999 1039/1261/1000
f 1040/1262/1001 1041/1263/1002 1012/1264/973
f 1012/1264/973 1017/1265/978 1040/1262/1001
f 1042/1266/1003 1043/1267/1004 1044/1268/1005
f 1012/1227/973 1041/1269/1002 1045/1270/1006
f 1045/1270/1006 1013/1228/974 1012/1227/973
f 1046/1271/1007 1047/1272/1008 1048/1273/1009
f 1048/1273/1009 1049/1274/1010 1046/1271/1007
f 1050/1275/1011 1049/1274/1010 1048/1273/1009
f 1048/1273/1009 1051/1276/1012 1050/1275/1011
f 1007/1222/968 1052/1277/1013 1004/1219/965
f 1053/1278/1014 1054/1279/1015 1004/1219/965
f 1004/1219/965 1055/1280/1016 1053/1278/1014
f 1004/1219/965 1054/1279/1015 1056/1281/1017
f 1057/1282/1018 1058/1283/1019 1059/1284/1020
f 1060/1285/1021 1061/1286/1022 1062/1287/1023
f 1062/1287/1023 1063/1288/1024 1060/1285/1021
f 1064/1289/1025 1065/1290/1026 1066/1291/1027
f 1066/1291/1027 1067/1292/1028 1064/1289/1025
f 1068/1293/1029 1069/1294/1030 1070/1295/1031
f 1070/1295/1031 1071/1296/1032 1068/1293/1029
f 1072/1297/1033 1073/1298/1034 1074/1299/1035
f 1074/1299/1035 1075/1300/1036 1072/1297/1033
f 1076/1301/1037 1077/1302/1038 1078/1303/1039
f 1078/1303/1039 1079/1304/1040 1076/1301/1037
f 1080/1305/1041 1072/1297/1033 1075/1300/1036
f 1075/1300/1036 1081/1306/1042 1080/1305/1041
f 1082/1307/1043 1083/1308/1044 1084/1309/1045
f 1084/1309/1045 1085/1310/1046 1082/1307/1043
f 1086/1311/1047 1087/1312/1048 1088/1313/1049
f 1088/1313/1049 1089/1314/1050 1086/1311/1047
f 1087/1312/1048 1082/1307/1043 1085/1310/1046
f 1085/1310/1046 1088/1313/1049 1087/1312/1048
f 1090/1315/1051 1091/1316/1052 1092/1317/1053
f 1092/1317/1053 1093/1318/1054 1090/1315/1051
f 1094/1319/1055 1086/1311/1047 1089/1314/1050
f 1089/1314/1050 1095/1320/1056 1094/1319/1055
f 1096/1321/1057 1097/1322/1058 1098/1323/1059
f 1098/1323/1059 1099/1324/1060 1096/1321/1057
f 1100/1325/1061 1098/1323/1059 1097/1322/1058
f 1101/678/1062 1102/678/552 1103/678/1063
f 1100/1326/1064 1104/1327/1065 1105/1328/1066
f 1069/1294/1030 1106/1329/1067 1107/1330/1068
f 1107/1330/1068 1070/1295/1031 1069/1294/1030
f 1106/1329/1067 1096/1331/1057 1099/1332/1060
f 1099/1332/1060 1107/1330/1068 1106/1329/1067
f 1073/1298/1034 1108/1333/1069 1109/1334/1070
f 1109/1334/1070 1074/1299/1035 1073/1298/1034
f 1110/1335/1071 1064/1289/1025 1067/1292/1028
f 1067/1292/1028 1111/1336/1072 1110/1335/1071
f 1112/1337/1073 1110/1335/1071 1111/1336/1072
f 1111/1336/1072 1113/1338/1074 1112/1337/1073
f 1114/1339/1075 1115/1340/1076 1116/1341/1077
f 1116/1341/1077 1117/1342/1078 1114/1339/1075
f 1118/1343/1079 1060/1285/1021 1063/1288/1024
f 1063/1288/1024 1119/1344/1080 1118/1343/1079
f 1120/1345/1081 1118/1346/1079 1119/1347/1080
f 1119/1347/1080 1121/1348/1082 1120/1345/1081
f 1122/1349/1083 1123/1350/1084 1124/1351/1085
f 1124/1351/1085 1125/1352/1086 1122/1349/1083
f 1126/1353/1087 1127/1354/1088 1128/1355/1089
f 1128/1355/1089 1129/1356/1090 1126/1353/1087
f 1130/1357/1091 1122/1349/1083 1125/1352/1086
f 1125/1352/1086 1131/1358/1092 1130/1357/1091
f 1132/1359/1093 1120/1345/1081 1121/1348/1082
f 1121/1348/1082 1133/1360/1094 1132/1359/1093
f 1127/1354/1088 1134/1361/1095 1135/1362/1096
f 1135/1362/1096 1128/1355/1089 1127/1354/1088
f 1136/1363/1097 1130/1357/1091 1131/1358/1092
f 1131/1358/1092 1137/1364/1098 1136/1363/1097
f 1138/1365/1099 1139/1366/1100 1140/1367/1101
f 1140/1367/1101 1141/1368/1102 1138/1365/1099
f 1142/1369/1103 1143/1370/1104 1144/1371/1105
f 1144/1371/1105 1145/1372/1106 1142/1369/1103
f 1146/1373/1107 1136/1374/1097 1137/1375/1098
f 1137/1375/1098 1147/1376/1108 1146/1373/1107
f 1148/1377/1109 1138/1378/1099 1141/1379/1102
f 1141/1379/1102 1149/1380/1110 1148/1377/1109
f 1150/1381/1111 1148/1377/1109 1149/1380/1110
f 1149/1380/1110 1151/1382/1112 1150/1381/1111
f 1152/1383/1113 1150/1381/1111 1151/1382/1112
f 1151/1382/1112 1153/1384/1114 1152/1383/1113
f 1154/1385/1115 1155/1386/1116 1156/1387/1117
f 1156/1387/1117 1157/1388/1118 1154/1385/1115
f 1158/1389/1119 1159/1390/1120 1160/1391/1121
f 1160/1391/1121 1161/1392/1122 1158/1389/1119
f 1162/1393/1123 1154/1385/1115 1157/1388/1118
f 1157/1388/1118 1163/1394/1124 1162/1393/1123
f 1164/1395/1125 1165/1396/1126 1166/1397/1127
f 1166/1397/1127 1167/1398/1128 1164/1395/1125
f 1168/1399/1129 1164/1395/1125 1167/1398/1128
f 1167/1398/1128 1169/1400/1130 1168/1399/1129
f 1170/1401/1131 1171/1402/1132 1172/1403/1133
f 1172/1403/1133 1173/1404/1134 1170/1401/1131
f 1174/1405/1135 1175/1406/1136 1176/1407/1137
f 1176/1407/1137 1177/1408/1138 1174/1405/1135
f 1171/1402/1132 1178/1409/1139 1179/1410/1140
f 1179/1410/1140 1172/1403/1133 1171/1402/1132
f 1178/1409/1139 1180/1411/1141 1181/1412/1142
f 1181/1412/1142 1179/1410/1140 1178/1409/1139
f 1182/1413/1143 1174/1405/1135 1177/1408/1138
f 1177/1408/1138 1183/1414/1144 1182/1413/1143
f 950/1157/911 949/1156/910 1184/1415/1145
f 1184/1415/1145 997/1212/958 950/1157/911
f 949/1156/910 967/1176/928 1185/1416/1146
f 1185/1416/1146 1184/1415/1145 949/1156/910
f 967/1176/928 974/1185/935 1186/1417/1147
f 1186/1417/1147 1185/1416/1146 967/1176/928
f 965/1174/926 999/1214/960 1001/1216/962
f 1001/1216/962 962/1171/923 965/1174/926
f 1186/1417/1147 982/1194/943 963/1172/924
f 963/1172/924 1185/1416/1146 1186/1417/1147
f 963/1172/924 962/1171/923 1184/1415/1145
f 1184/1415/1145 1185/1416/1146 963/1172/924
f 1184/1415/1145 962/1171/923 1001/1216/962
f 1001/1216/962 997/1212/958 1184/1415/1145
f 994/1209/955 992/1207/953 951/1158/912
f 951/1158/912 950/1157/911 994/1209/955
f 975/1186/936 1187/1418/1148 973/1187/934
f 993/1208/954 989/1204/950 953/1160/914
f 953/1160/914 951/1158/912 993/1208/954
f 991/1206/952 1188/1419/1149 955/1420/916
f 955/1420/916 953/1160/914 991/1206/952
f 968/1177/929 977/1189/938 1189/1421/1150
f 1189/1421/1150 976/1188/937 968/1177/929
f 1190/1422/1151 977/1189/938 969/1180/930
f 979/1191/940 1190/1422/1151 969/1180/930
f 979/1191/940 969/1180/930 971/1182/932
f 971/1182/932 969/1180/930 954/1161/915
f 954/1161/915 958/1167/919 971/1182/932
f 954/1161/915 955/1164/916 959/1168/920
f 959/1168/920 958/1167/919 954/1161/915
f 986/1200/947 985/1199/946 988/1423/949
f 988/1424/949 1191/1425/1152 986/1426/947
f 955/1420/916 1188/1419/1149 1191/1427/1152
f 1191/1425/1152 988/1424/949 955/1428/916
f 988/1202/949 959/1203/920 955/1429/916
f 1190/1422/1151 1192/1430/1153 977/1189/938
f 1056/1281/1017 1193/1431/1154 1059/1284/1020
f 1193/1431/1154 1194/1432/1155 1057/1282/1018
f 1057/1282/1018 1059/1284/1020 1193/1431/1154
f 1056/1281/1017 1019/1236/980 1005/1220/966
f 1005/1220/966 1004/1219/965 1056/1281/1017
f 1058/1283/1019 1195/1433/1156 1019/1236/980
f 1059/1284/1020 1058/1283/1019 1019/1236/980
f 1056/1281/1017 1059/1284/1020 1019/1236/980
f 1019/1236/980 1195/1433/1156 1196/1434/1157
f 1196/1434/1157 1020/1237/981 1019/1236/980
f 1020/1237/981 1196/1434/1157 1038/1260/999
f 1007/1222/968 1050/1275/1011 1052/1277/1013
f 1052/1277/1013 1197/1435/1158 1055/1280/1016
f 1055/1280/1016 1004/1219/965 1052/1277/1013
f 1050/1275/1011 1007/1222/968 1009/1224/970
f 1009/1224/970 1049/1274/1010 1050/1275/1011
f 1011/1226/972 1198/1436/1159 1046/1271/1007
f 1046/1271/1007 1009/1224/970 1011/1226/972
f 1046/1271/1007 1049/1274/1010 1009/1224/970
f 1199/1437/1160 1198/1436/1159 1011/1226/972
f 1011/1226/972 1045/1270/1006 1199/1437/1160
f 1200/1438/1161 1023/1242/984 1022/1241/983
f 1022/1241/983 1032/1255/993 1200/1438/1161
f 1045/1439/1006 1044/1440/1005 1043/1441/1004
f 1043/1442/1004 1199/1443/1160 1045/1444/1006
f 1045/1270/1006 1011/1226/972 1013/1228/974
f 1013/1228/974 1011/1226/972 1010/1225/971
f 1010/1225/971 1014/1229/975 1013/1228/974
f 1010/1243/971 1023/1242/984 1025/1246/986
f 1025/1246/986 1014/1245/975 1010/1243/971
f 1023/1242/984 1200/1438/1161 1201/1445/1162
f 1023/1242/984 1201/1445/1162 1202/1446/1163
f 1025/1246/986 1023/1242/984 1202/1446/1163
f 1025/1246/986 1202/1446/1163 1035/1257/996
f 1036/1258/997 1026/1247/987 1024/1244/985
f 1203/1447/1164 1204/1448/1165 1205/1449/1166
f 1205/1449/1166 1206/1450/1167 1203/1447/1164
f 1207/1451/1168 1203/1447/1164 1206/1450/1167
f 1206/1450/1167 1208/1452/1169 1207/1451/1168
f 1209/1453/1170 1207/1451/1168 1208/1452/1169
f 1208/1452/1169 1210/1454/1171 1209/1453/1170
f 1211/1455/1172 1212/1456/1173 1213/1457/1174
f 1213/1457/1174 1214/1458/1175 1211/1455/1172
f 1215/1459/1176 1212/1456/1173 1211/1455/1172
f 1211/1455/1172 1216/1460/1177 1215/1459/1176
f 1217/1461/1178 1218/1462/1179 1219/1463/1180
f 1219/1464/1180 1220/1465/1181 1217/1466/1178
f 1221/1467/1182 1222/1468/1183 1204/1448/1165
f 1204/1448/1165 1203/1447/1164 1221/1467/1182
f 1223/1469/1184 1221/1467/1182 1203/1447/1164
f 1203/1447/1164 1207/1451/1168 1223/1469/1184
f 1224/1470/1185 1223/1469/1184 1207/1451/1168
f 1207/1451/1168 1209/1453/1170 1224/1470/1185
f 1213/1457/1174 1212/1456/1173 1225/1471/1186
f 1225/1471/1186 1226/1472/1187 1213/1457/1174
f 1227/1473/1188 1225/1471/1186 1212/1456/1173
f 1212/1456/1173 1215/1459/1176 1227/1473/1188
f 1228/1474/1189 1229/1475/1190 1222/1468/1183
f 1222/1468/1183 1221/1467/1182 1228/1474/1189
f 1230/1476/1191 1228/1474/1189 1221/1467/1182
f 1230/1476/1191 1221/1467/1182 1223/1469/1184
f 1230/1476/1191 1223/1469/1184 1231/1477/1192
f 1223/1469/1184 1224/1470/1185 1232/1478/1193
f 1233/1479/1194 1234/1480/1195 1226/1472/1187
f 1226/1472/1187 1225/1471/1186 1233/1479/1194
f 1235/1481/1196 1233/1479/1194 1225/1471/1186
f 1225/1471/1186 1227/1473/1188 1235/1481/1196
f 1236/1482/1197 1219/1483/1180 1218/1484/1179
f 1218/1484/1179 1237/1485/1198 1236/1482/1197
f 1211/1455/1172 1238/1486/1199 1239/1487/1200
f 1239/1487/1200 1216/1460/1177 1211/1455/1172
f 1240/1488/1201 1241/1489/1202 1242/1490/1203
f 1243/1491/1204 1238/1486/1199 1211/1455/1172
f 1211/1455/1172 1214/1458/1175 1243/1491/1204
f 1244/1492/1205 1245/1493/1206 1246/1494/1207
f 1246/1494/1207 1208/1452/1169 1244/1492/1205
f 1206/1450/1167 1247/1495/1208 1248/1496/1209
f 1249/1497/1210 1205/1498/1166 1250/1499/1211
f 1250/1499/1211 1251/1500/1212 1249/1497/1210
f 1205/1498/1166 1252/1501/1213 1253/1502/1214
f 1253/1502/1214 1250/1499/1211 1205/1498/1166
f 1254/1503/1215 1255/1504/1216 1256/1505/1217
f 1257/1506/1218 1258/1507/1219 1255/1508/1216
f 1255/1508/1216 1254/1509/1215 1257/1506/1218
f 1259/1510/1220 1260/1511/1221 1261/1512/1222
f 1261/1512/1222 1262/1513/1223 1259/1510/1220
f 1262/1513/1223 1261/1512/1222 1263/1514/1224
f 1263/1514/1224 1264/1515/1225 1262/1513/1223
f 1264/1515/1225 1263/1514/1224 1265/1516/1226
f 1265/1516/1226 1266/1517/1227 1264/1515/1225
f 1267/1518/1228 1268/1519/1229 1269/1520/1230
f 1269/1520/1230 1270/1521/1231 1267/1518/1228
f 1267/1518/1228 1270/1521/1231 1271/1522/1232
f 1271/1522/1232 1272/1523/1233 1267/1518/1228
f 1273/1524/1234 1260/1525/1221 1274/1526/1235
f 1274/1527/1235 1275/1528/1236 1273/1529/1234
f 1260/1511/1221 1273/1530/1234 1276/1531/1237
f 1276/1531/1237 1261/1512/1222 1260/1511/1221
f 1261/1512/1222 1276/1531/1237 1277/1532/1238
f 1277/1532/1238 1263/1514/1224 1261/1512/1222
f 1263/1514/1224 1277/1532/1238 1278/1533/1239
f 1278/1533/1239 1265/1516/1226 1263/1514/1224
f 1279/1534/1240 1270/1521/1231 1269/1520/1230
f 1269/1520/1230 1280/1535/1241 1279/1534/1240
f 1270/1521/1231 1279/1534/1240 1281/1536/1242
f 1281/1536/1242 1271/1522/1232 1270/1521/1231
f 1273/1530/1234 1282/1537/1243 1283/1538/1244
f 1283/1538/1244 1276/1531/1237 1273/1530/1234
f 1283/1538/1244 1284/1539/1245 1285/1540/1246
f 1285/1540/1246 1286/1541/1247 1277/1532/1238
f 1285/1540/1246 1277/1532/1238 1276/1531/1237
f 1283/1538/1244 1285/1540/1246 1276/1531/1237
f 1277/1532/1238 1286/1541/1247 1287/1542/1248
f 1288/1543/1249 1279/1534/1240 1280/1535/1241
f 1289/1544/1250 1288/1543/1249 1280/1535/1241
f 1289/678/1250 1280/678/1241 1290/678/1251
f 1291/1545/1252 1279/1534/1240 1288/1543/1249
f 1292/1546/1253 1282/1547/1243 1273/1548/1234
f 1273/1529/1234 1275/1528/1236 1293/1549/1254
f 1292/1550/1253 1273/1529/1234 1293/1549/1254
f 1292/1550/1253 1293/1549/1254 1294/1551/1255
f 1295/1552/1256 1296/1553/1257 1267/1518/1228
f 1267/1518/1228 1272/1523/1233 1295/1552/1256
f 1297/1554/1258 1298/1555/1259 1299/1556/1260
f 1267/1518/1228 1296/1553/1257 1300/1557/1261
f 1300/1557/1261 1268/1519/1229 1267/1518/1228
f 1301/1558/1262 1302/1559/1263 1303/1560/1264
f 1303/1560/1264 1304/1561/1265 1301/1558/1262
f 1305/1562/1266 1304/1561/1265 1303/1560/1264
f 1303/1563/1264 1306/1564/1267 1305/1565/1266
f 1262/1566/1223 1307/1567/1268 1259/1568/1220
f 1308/1569/1269 1309/1570/1270 1259/1568/1220
f 1259/1568/1220 1310/1571/1271 1308/1569/1269
f 1259/1572/1220 1309/1573/1270 1311/1574/1272
f 1312/1575/1273 1313/1576/1274 1314/1577/1275
f 1315/1578/1276 1316/1579/1277 1317/1580/1278
f 1317/1580/1278 1318/1581/1279 1315/1578/1276
f 1319/1582/1280 1320/1583/1281 1321/1584/1282
f 1321/1584/1282 1322/1585/1283 1319/1582/1280
f 1323/1586/1284 1324/1587/1285 1325/1588/1286
f 1325/1588/1286 1326/1589/1287 1323/1586/1284
f 1327/1590/1288 1328/1591/1289 1329/1592/1290
f 1329/1592/1290 1330/1593/1291 1327/1590/1288
f 1331/1594/1292 1332/1595/1293 1333/1596/1294
f 1333/1596/1294 1334/1597/1295 1331/1594/1292
f 1335/1598/1296 1327/1590/1288 1330/1593/1291
f 1330/1593/1291 1336/1599/1297 1335/1598/1296
f 1337/1600/1298 1338/1601/1299 1339/1602/1300
f 1339/1602/1300 1340/1603/1301 1337/1600/1298
f 1341/1604/1302 1342/1605/1303 1343/1606/1304
f 1343/1606/1304 1344/1607/1305 1341/1604/1302
f 1342/1605/1303 1337/1600/1298 1340/1603/1301
f 1340/1603/1301 1343/1606/1304 1342/1605/1303
f 1345/1608/1306 1346/1609/1307 1347/1610/1308
f 1347/1610/1308 1348/1611/1309 1345/1608/1306
f 1349/1612/1310 1341/1604/1302 1344/1607/1305
f 1344/1607/1305 1350/1613/1311 1349/1612/1310
f 1351/1614/1312 1352/1615/1313 1353/1616/1314
f 1353/1616/1314 1354/1617/1315 1351/1614/1312
f 1355/1618/1316 1353/1616/1314 1352/1615/1313
f 1356/678/1317 1357/678/552 1358/678/1318
f 1355/1619/1319 1359/1620/1320 1360/1621/1321
f 1324/1587/1285 1361/1622/1322 1362/1623/1323
f 1362/1623/1323 1325/1588/1286 1324/1587/1285
f 1361/1622/1322 1351/1614/1312 1354/1617/1315
f 1354/1617/1315 1362/1623/1323 1361/1622/1322
f 1328/1591/1289 1363/1624/1324 1364/1625/1325
f 1364/1625/1325 1329/1592/1290 1328/1591/1289
f 1365/1626/1326 1319/1582/1280 1322/1585/1283
f 1322/1585/1283 1366/1627/1327 1365/1626/1326
f 1367/1628/1328 1365/1626/1326 1366/1627/1327
f 1366/1627/1327 1368/1629/1329 1367/1628/1328
f 1369/1630/1330 1370/1631/1331 1371/1632/1332
f 1371/1632/1332 1372/1633/1333 1369/1630/1330
f 1373/1634/1334 1315/1635/1276 1318/1636/1279
f 1318/1637/1279 1374/1638/1335 1373/1639/1334
f 1375/1640/1336 1373/1641/1334 1374/1642/1335
f 1374/1642/1335 1376/1643/1337 1375/1640/1336
f 1377/1644/1338 1378/1645/1339 1379/1646/1340
f 1379/1646/1340 1380/1647/1341 1377/1644/1338
f 1381/1648/1342 1382/1649/1343 1383/1650/1344
f 1383/1650/1344 1384/1651/1345 1381/1648/1342
f 1385/1652/1346 1377/1653/1338 1380/1654/1341
f 1380/1655/1341 1386/1656/1347 1385/1657/1346
f 1387/1658/1348 1375/1640/1336 1376/1643/1337
f 1376/1643/1337 1388/1659/1349 1387/1658/1348
f 1382/1649/1343 1389/1660/1350 1390/1661/1351
f 1390/1661/1351 1383/1650/1344 1382/1649/1343
f 1391/1662/1352 1385/1657/1346 1386/1656/1347
f 1386/1656/1347 1392/1663/1353 1391/1662/1352
f 1393/1664/1354 1394/1665/1355 1395/1666/1356
f 1395/1666/1356 1396/1667/1357 1393/1664/1354
f 1397/1668/1358 1398/1669/1359 1399/1670/1360
f 1399/1670/1360 1400/1671/1361 1397/1668/1358
f 1401/1672/1362 1391/1662/1352 1392/1663/1353
f 1392/1663/1353 1402/1673/1363 1401/1672/1362
f 1403/1674/1364 1393/1664/1354 1396/1667/1357
f 1396/1667/1357 1404/1675/1365 1403/1674/1364
f 1405/1676/1366 1403/1677/1364 1404/1678/1365
f 1404/1678/1365 1406/1679/1367 1405/1676/1366
f 1407/1680/1368 1405/1681/1366 1406/1682/1367
f 1406/1683/1367 1408/1684/1369 1407/1685/1368
f 1409/1686/1370 1410/1687/1371 1411/1688/1372
f 1411/1688/1372 1412/1689/1373 1409/1686/1370
f 1413/1690/1374 1414/1691/1375 1415/1692/1376
f 1415/1692/1376 1416/1693/1377 1413/1690/1374
f 1417/1694/1378 1409/1686/1370 1412/1689/1373
f 1412/1689/1373 1418/1695/1379 1417/1694/1378
f 1419/1696/1380 1420/1697/1381 1421/1698/1382
f 1421/1698/1382 1422/1699/1383 1419/1696/1380
f 1423/1700/1384 1419/1696/1380 1422/1699/1383
f 1422/1699/1383 1424/1701/1385 1423/1700/1384
f 1425/1702/1386 1426/1703/1387 1427/1704/1388
f 1427/1704/1388 1428/1705/1389 1425/1702/1386
f 1429/1706/1390 1430/1707/1391 1431/1708/1392
f 1431/1708/1392 1432/1709/1393 1429/1706/1390
f 1426/1710/1387 1433/1711/1394 1434/1712/1395
f 1434/1713/1395 1427/1704/1388 1426/1703/1387
f 1433/1711/1394 1435/1714/1396 1436/1715/1397
f 1436/1715/1397 1434/1712/1395 1433/1711/1394
f 1437/1716/1398 1429/1717/1390 1432/1718/1393
f 1432/1718/1393 1438/1719/1399 1437/1716/1398
f 1205/1720/1166 1204/1721/1165 1439/1722/1400
f 1439/1723/1400 1252/1724/1213 1205/1725/1166
f 1204/1448/1165 1222/1468/1183 1440/1726/1401
f 1440/1727/1401 1439/1722/1400 1204/1721/1165
f 1222/1728/1183 1229/1729/1190 1441/1730/1402
f 1441/1730/1402 1440/1731/1401 1222/1728/1183
f 1220/1732/1181 1254/1503/1215 1256/1505/1217
f 1256/1733/1217 1217/1466/1178 1220/1465/1181
f 1441/1734/1402 1237/1735/1198 1218/1736/1179
f 1218/1737/1179 1440/1731/1401 1441/1730/1402
f 1218/1738/1179 1217/1466/1178 1439/1739/1400
f 1439/1740/1400 1440/1741/1401 1218/1742/1179
f 1439/1739/1400 1217/1466/1178 1256/1733/1217
f 1256/1733/1217 1252/1743/1213 1439/1739/1400
f 1249/1744/1210 1247/1495/1208 1206/1450/1167
f 1206/1450/1167 1205/1449/1166 1249/1744/1210
f 1230/1476/1191 1442/1745/1403 1228/1474/1189
f 1248/1496/1209 1244/1492/1205 1208/1452/1169
f 1208/1452/1169 1206/1450/1167 1248/1496/1209
f 1246/1494/1207 1443/1746/1404 1210/1454/1171
f 1210/1454/1171 1208/1452/1169 1246/1494/1207
f 1223/1469/1184 1232/1478/1193 1444/1747/1405
f 1444/1747/1405 1231/1477/1192 1223/1469/1184
f 1445/1748/1406 1232/1478/1193 1224/1470/1185
f 1234/1480/1195 1445/1748/1406 1224/1470/1185
f 1234/1480/1195 1224/1470/1185 1226/1472/1187
f 1226/1472/1187 1224/1470/1185 1209/1453/1170
f 1209/1453/1170 1213/1457/1174 1226/1472/1187
f 1209/1453/1170 1210/1454/1171 1214/1458/1175
f 1214/1458/1175 1213/1457/1174 1209/1453/1170
f 1241/1489/1202 1240/1488/1201 1243/1491/1204
f 1243/1491/1204 1446/1749/1407 1241/1489/1202
f 1210/1454/1171 1443/1746/1404 1446/1749/1407
f 1446/1749/1407 1243/1491/1204 1210/1454/1171
f 1243/1491/1204 1214/1458/1175 1210/1454/1171
f 1445/1748/1406 1447/1750/1408 1232/1478/1193
f 1311/1751/1272 1448/1752/1409 1314/1753/1275
f 1448/1754/1409 1449/1755/1410 1312/1756/1273
f 1312/1575/1273 1314/1577/1275 1448/1757/1409
f 1311/1758/1272 1274/1526/1235 1260/1525/1221
f 1260/1525/1221 1259/1759/1220 1311/1758/1272
f 1313/1760/1274 1450/1761/1411 1274/1762/1235
f 1314/1763/1275 1313/1760/1274 1274/1762/1235
f 1311/1764/1272 1314/1765/1275 1274/1766/1235
f 1274/1762/1235 1450/1761/1411 1451/1767/1412
f 1451/1768/1412 1275/1528/1236 1274/1527/1235
f 1275/1528/1236 1451/1768/1412 1293/1549/1254
f 1262/1566/1223 1305/1769/1266 1307/1567/1268
f 1307/1567/1268 1452/1770/1413 1310/1571/1271
f 1310/1571/1271 1259/1568/1220 1307/1567/1268
f 1305/1562/1266 1262/1513/1223 1264/1515/1225
f 1264/1515/1225 1304/1561/1265 1305/1562/1266
f 1266/1517/1227 1453/1771/1414 1301/1558/1262
f 1301/1558/1262 1264/1515/1225 1266/1517/1227
f 1301/1558/1262 1304/1561/1265 1264/1515/1225
f 1454/1772/1415 1453/1771/1414 1266/1517/1227
f 1266/1517/1227 1300/1557/1261 1454/1772/1415
f 1455/1773/1416 1278/1533/1239 1277/1532/1238
f 1277/1532/1238 1287/1542/1248 1455/1773/1416
f 1300/1557/1261 1299/1556/1260 1298/1555/1259
f 1298/1555/1259 1454/1772/1415 1300/1557/1261
f 1300/1557/1261 1266/1517/1227 1268/1519/1229
f 1268/1519/1229 1266/1517/1227 1265/1516/1226
f 1265/1516/1226 1269/1520/1230 1268/1519/1229
f 1265/1516/1226 1278/1533/1239 1280/1535/1241
f 1280/1535/1241 1269/1520/1230 1265/1516/1226
f 1278/1533/1239 1455/1773/1416 1456/1774/1417
f 1278/1533/1239 1456/1774/1417 1457/1775/1418
f 1280/1535/1241 1278/1533/1239 1457/1775/1418
f 1280/1535/1241 1457/1775/1418 1290/1544/1251
f 1291/1545/1252 1281/1536/1242 1279/1534/1240
f 1549/1910/1510 1550/1911/1511 1551/1912/1512
f 1551/1912/1512 1552/1913/1513 1549/1910/1510
f 1553/1914/1514 1549/1910/1510 1552/1913/1513
f 1552/1913/1513 1554/1915/1515 1553/1914/1514
f 1555/1916/1516 1553/1917/1514 1554/1918/1515
f 1554/1918/1515 1556/1919/1517 1555/1916/1516
f 1557/1920/1518 1558/1921/1519 1559/1922/1520
f 1559/1922/1520 1560/1923/1521 1557/1920/1518
f 1561/1924/1522 1558/1921/1519 1557/1920/1518
f 1557/1920/1518 1562/1925/1523 1561/1924/1522
f 1563/1926/1524 1564/1927/1525 1565/1928/1526
f 1565/1928/1526 1566/1929/1527 1563/1926/1524
f 1567/1930/1528 1568/1931/1529 1550/1932/1511
f 1550/1932/1511 1549/1933/1510 1567/1930/1528
f 1569/1934/1530 1567/1935/1528 1549/1936/1510
f 1549/1936/1510 1553/1917/1514 1569/1934/1530
f 1570/1937/1531 1569/1934/1530 1553/1917/1514
f 1553/1917/1514 1555/1916/1516 1570/1937/1531
f 1559/1922/1520 1558/1921/1519 1571/1938/1532
f 1571/1938/1532 1572/1939/1533 1559/1922/1520
f 1573/1940/1534 1571/1938/1532 1558/1921/1519
f 1558/1921/1519 1561/1924/1522 1573/1940/1534
f 1574/1941/1535 1575/1942/1536 1568/1931/1529
f 1568/1931/1529 1567/1930/1528 1574/1941/1535
f 1576/1943/1537 1574/1944/1535 1567/1935/1528
f 1576/1943/1537 1567/1935/1528 1569/1934/1530
f 1576/1943/1537 1569/1934/1530 1577/1945/1538
f 1569/1934/1530 1570/1937/1531 1578/1946/1539
f 1579/1947/1540 1580/1948/1541 1572/1939/1533
f 1572/1939/1533 1571/1938/1532 1579/1947/1540
f 1581/1949/1542 1579/1947/1540 1571/1938/1532
f 1571/1938/1532 1573/1940/1534 1581/1949/1542
f 1582/1950/1543 1565/1928/1526 1564/1927/1525
f 1564/1927/1525 1583/1951/1544 1582/1950/1543
f 1557/1952/1518 1584/1953/1545 1585/1954/1546
f 1585/1955/1546 1562/1925/1523 1557/1920/1518
f 1586/1956/1547 1587/1957/1548 1588/1958/1549
f 1589/1959/1550 1584/1953/1545 1557/1952/1518
f 1557/1952/1518 1560/1960/1521 1589/1959/1550
f 1590/1961/1551 1591/1962/1552 1592/1963/1553
f 1592/1963/1553 1554/1915/1515 1590/1961/1551
f 1552/1913/1513 1593/1964/1554 1594/1965/1555
f 1595/1966/1556 1551/1912/1512 1596/1967/1557
f 1596/1967/1557 1597/1968/1558 1595/1966/1556
f 1551/1912/1512 1598/1969/1559 1599/1970/1560
f 1599/1970/1560 1596/1967/1557 1551/1912/1512
f 1600/1971/1561 1601/1972/1562 1602/1973/1563
f 1603/1974/1564 1604/1975/1565 1601/1976/1562
f 1601/1977/1562 1600/1978/1561 1603/1979/1564
f 1605/1980/1566 1606/1981/1567 1607/1982/1568
f 1607/1982/1568 1608/1983/1569 1605/1980/1566
f 1608/1984/1569 1607/1985/1568 1609/1986/1570
f 1609/1986/1570 1610/1987/1571 1608/1984/1569
f 1610/1987/1571 1609/1986/1570 1611/1988/1572
f 1611/1988/1572 1612/1989/1573 1610/1987/1571
f 1613/1990/1574 1614/1991/1575 1615/1992/1576
f 1615/1992/1576 1616/1993/1577 1613/1990/1574
f 1613/1990/1574 1616/1993/1577 1617/1994/1578
f 1617/1994/1578 1618/1995/1579 1613/1990/1574
f 1619/1996/1580 1606/1997/1567 1620/1998/1581
f 1620/1998/1581 1621/1999/1582 1619/1996/1580
f 1606/1997/1567 1619/1996/1580 1622/2000/1583
f 1622/2000/1583 1607/2001/1568 1606/1997/1567
f 1607/1985/1568 1622/2002/1583 1623/2003/1584
f 1623/2003/1584 1609/1986/1570 1607/1985/1568
f 1609/1986/1570 1623/2003/1584 1624/2004/1585
f 1624/2004/1585 1611/1988/1572 1609/1986/1570
f 1625/2005/1586 1616/1993/1577 1615/1992/1576
f 1615/1992/1576 1626/2006/1587 1625/2005/1586
f 1616/1993/1577 1625/2005/1586 1627/2007/1588
f 1627/2007/1588 1617/1994/1578 1616/1993/1577
f 1619/2008/1580 1628/2009/1589 1629/2010/1590
f 1629/2011/1590 1622/2000/1583 1619/1996/1580
f 1629/2012/1590 1630/2013/1591 1631/2014/1592
f 1631/2014/1592 1632/2015/1593 1623/2003/1584
f 1631/2014/1592 1623/2003/1584 1622/2002/1583
f 1629/2012/1590 1631/2014/1592 1622/2002/1583
f 1623/2003/1584 1632/2015/1593 1633/2016/1594
f 1634/2017/1595 1625/2005/1586 1626/2006/1587
f 1635/2018/1596 1634/2017/1595 1626/2006/1587
f 1635/2018/1596 1626/2006/1587 1636/2019/1597
f 1637/2020/1598 1625/2005/1586 1634/2017/1595
f 1638/2021/1599 1628/2022/1589 1619/1996/1580
f 1619/1996/1580 1621/1999/1582 1639/2023/1600
f 1638/2021/1599 1619/1996/1580 1639/2023/1600
f 1638/2021/1599 1639/2023/1600 1640/2024/1601
f 1641/2025/1602 1642/2026/1603 1613/1990/1574
f 1613/1990/1574 1618/1995/1579 1641/2025/1602
f 1643/2027/1604 1644/2028/1605 1645/2029/1606
f 1613/2030/1574 1642/2031/1603 1646/2032/1607
f 1646/2032/1607 1614/2033/1575 1613/2030/1574
f 1647/2034/1608 1648/2035/1609 1649/2036/1610
f 1649/2036/1610 1650/2037/1611 1647/2034/1608
f 1651/2038/1612 1650/2037/1611 1649/2036/1610
f 1649/2036/1610 1652/2039/1613 1651/2038/1612
f 1608/1983/1569 1653/2040/1614 1605/1980/1566
f 1654/2041/1615 1655/2042/1616 1605/1980/1566
f 1605/1980/1566 1656/2043/1617 1654/2041/1615
f 1605/2044/1566 1655/2045/1616 1657/2046/1618
f 1658/2047/1619 1659/2048/1620 1660/2049/1621
f 1661/2050/1622 1662/2051/1623 1663/2052/1624
f 1663/2052/1624 1664/2053/1625 1661/2050/1622
f 1665/2054/1626 1666/2055/1627 1667/2056/1628
f 1667/2056/1628 1668/2057/1629 1665/2054/1626
f 1669/2058/1630 1670/2059/1631 1671/2060/1632
f 1671/2060/1632 1672/2061/1633 1669/2058/1630
f 1673/2062/1634 1674/2063/1635 1675/2064/1636
f 1675/2064/1636 1676/2065/1637 1673/2062/1634
f 1677/2066/1638 1678/2067/1639 1679/2068/1640
f 1679/2068/1640 1680/2069/1641 1677/2066/1638
f 1681/2070/1642 1673/2062/1634 1676/2065/1637
f 1676/2065/1637 1682/2071/1643 1681/2070/1642
f 1683/2072/1644 1684/2073/1645 1685/2074/1646
f 1685/2074/1646 1686/2075/1647 1683/2072/1644
f 1687/2076/1648 1688/2077/1649 1689/2078/1650
f 1689/2078/1650 1690/2079/1651 1687/2076/1648
f 1688/2077/1649 1683/2072/1644 1686/2075/1647
f 1686/2075/1647 1689/2078/1650 1688/2077/1649
f 1691/2080/1652 1692/2081/1653 1693/2082/1654
f 1693/2082/1654 1694/2083/1655 1691/2080/1652
f 1695/2084/1656 1687/2076/1648 1690/2079/1651
f 1690/2079/1651 1696/2085/1657 1695/2084/1656
f 1697/2086/1658 1698/2087/1659 1699/2088/1660
f 1699/2088/1660 1700/2089/1661 1697/2086/1658
f 1701/2090/1662 1699/2088/1660 1698/2087/1659
f 1702/2091/1663 1703/2092/1664 1704/2093/1665
f 1701/2094/1666 1705/2095/1667 1706/2096/1668
f 1670/2059/1631 1707/2097/1669 1708/2098/1670
f 1708/2098/1670 1671/2060/1632 1670/2059/1631
f 1707/2097/1669 1697/2086/1658 1700/2089/1661
f 1700/2089/1661 1708/2098/1670 1707/2097/1669
f 1674/2063/1635 1709/2099/1671 1710/2100/1672
f 1710/2100/1672 1675/2064/1636 1674/2063/1635
f 1711/2101/1673 1665/2054/1626 1668/2057/1629
f 1668/2057/1629 1712/2102/1674 1711/2101/1673
f 1713/2103/1675 1711/2101/1673 1712/2102/1674
f 1712/2102/1674 1714/2104/1676 1713/2103/1675
f 1715/2105/1677 1716/2106/1678 1717/2107/1679
f 1717/2107/1679 1718/2108/1680 1715/2105/1677
f 1719/2109/1681 1661/2050/1622 1664/2053/1625
f 1664/2053/1625 1720/2110/1682 1719/2109/1681
f 1721/2111/1683 1719/2112/1681 1720/2113/1682
f 1720/2113/1682 1722/2114/1684 1721/2111/1683
f 1723/2115/1685 1724/2116/1686 1725/2117/1687
f 1725/2117/1687 1726/2118/1688 1723/2115/1685
f 1727/2119/1689 1728/2120/1690 1729/2121/1691
f 1729/2121/1691 1730/2122/1692 1727/2119/1689
f 1731/2123/1693 1723/2115/1685 1726/2118/1688
f 1726/2118/1688 1732/2124/1694 1731/2123/1693
f 1733/2125/1695 1721/2111/1683 1722/2114/1684
f 1722/2114/1684 1734/2126/1696 1733/2125/1695
f 1728/2120/1690 1735/2127/1697 1736/2128/1698
f 1736/2128/1698 1729/2121/1691 1728/2120/1690
f 1737/2129/1699 1731/2130/1693 1732/2131/1694
f 1732/2132/1694 1738/2133/1700 1737/2134/1699
f 1739/2135/1701 1740/2136/1702 1741/2137/1703
f 1741/2137/1703 1742/2138/1704 1739/2135/1701
f 1743/2139/1705 1744/2140/1706 1745/2141/1707
f 1745/2141/1707 1746/2142/1708 1743/2139/1705
f 1747/2143/1709 1737/2134/1699 1738/2133/1700
f 1738/2133/1700 1748/2144/1710 1747/2143/1709
f 1749/2145/1711 1739/2135/1701 1742/2138/1704
f 1742/2138/1704 1750/2146/1712 1749/2145/1711
f 1751/2147/1713 1749/2145/1711 1750/2146/1712
f 1750/2146/1712 1752/2148/1714 1751/2147/1713
f 1753/2149/1715 1751/2147/1713 1752/2148/1714
f 1752/2148/1714 1754/2150/1716 1753/2149/1715
f 1755/2151/1717 1756/2152/1718 1757/2153/1719
f 1757/2153/1719 1758/2154/1720 1755/2151/1717
f 1759/2155/1721 1760/2156/1722 1761/2157/1723
f 1761/2157/1723 1762/2158/1724 1759/2155/1721
f 1763/2159/1725 1755/2151/1717 1758/2154/1720
f 1758/2154/1720 1764/2160/1726 1763/2159/1725
f 1765/2161/1727 1766/2162/1728 1767/2163/1729
f 1767/2163/1729 1768/2164/1730 1765/2161/1727
f 1769/2165/1731 1765/2161/1727 1768/2164/1730
f 1768/2164/1730 1770/2166/1732 1769/2165/1731
f 1771/2167/1733 1772/2168/1734 1773/2169/1735
f 1773/2169/1735 1774/2170/1736 1771/2167/1733
f 1775/2171/1737 1776/2172/1738 1777/2173/1739
f 1777/2173/1739 1778/2174/1740 1775/2171/1737
f 1772/2168/1734 1779/2175/1741 1780/2176/1742
f 1780/2176/1742 1773/2169/1735 1772/2168/1734
f 1779/2175/1741 1781/2177/1743 1782/2178/1744
f 1782/2178/1744 1780/2176/1742 1779/2175/1741
f 1783/2179/1745 1775/2171/1737 1778/2174/1740
f 1778/2174/1740 1784/2180/1746 1783/2179/1745
f 1551/2181/1512 1550/1932/1511 1785/2182/1747
f 1785/2182/1747 1598/2183/1559 1551/2181/1512
f 1550/1932/1511 1568/1931/1529 1786/2184/1748
f 1786/2184/1748 1785/2182/1747 1550/1932/1511
f 1568/1931/1529 1575/1942/1536 1787/2185/1749
f 1787/2185/1749 1786/2184/1748 1568/1931/1529
f 1566/1929/1527 1600/1971/1561 1602/1973/1563
f 1602/1973/1563 1563/1926/1524 1566/1929/1527
f 1787/2185/1749 1583/1951/1544 1564/1927/1525
f 1564/1927/1525 1786/2184/1748 1787/2185/1749
f 1564/1927/1525 1563/1926/1524 1785/2182/1747
f 1785/2182/1747 1786/2184/1748 1564/1927/1525
f 1785/2182/1747 1563/1926/1524 1602/1973/1563
f 1602/1973/1563 1598/2183/1559 1785/2182/1747
f 1595/1966/1556 1593/1964/1554 1552/1913/1513
f 1552/1913/1513 1551/1912/1512 1595/1966/1556
f 1576/1943/1537 1788/2186/1750 1574/1944/1535
f 1594/1965/1555 1590/1961/1551 1554/1915/1515
f 1554/1915/1515 1552/1913/1513 1594/1965/1555
f 1592/1963/1553 1789/2187/1751 1556/2188/1517
f 1556/2188/1517 1554/1915/1515 1592/1963/1553
f 1569/1934/1530 1578/1946/1539 1790/2189/1752
f 1790/2189/1752 1577/1945/1538 1569/1934/1530
f 1791/2190/1753 1578/1946/1539 1570/1937/1531
f 1580/1948/1541 1791/2190/1753 1570/1937/1531
f 1580/1948/1541 1570/1937/1531 1572/1939/1533
f 1572/1939/1533 1570/1937/1531 1555/1916/1516
f 1555/1916/1516 1559/1922/1520 1572/1939/1533
f 1555/1916/1516 1556/1919/1517 1560/1923/1521
f 1560/1923/1521 1559/1922/1520 1555/1916/1516
f 1587/1957/1548 1586/1956/1547 1589/2191/1550
f 1589/2192/1550 1792/2193/1754 1587/2194/1548
f 1556/2188/1517 1789/2187/1751 1792/2195/1754
f 1792/2195/1754 1589/1959/1550 1556/2188/1517
f 1589/1959/1550 1560/1960/1521 1556/2188/1517
f 1791/2190/1753 1793/2196/1755 1578/1946/1539
f 1657/2046/1618 1794/2197/1756 1660/2198/1621
f 1794/2199/1756 1795/2200/1757 1658/2201/1619
f 1658/2047/1619 1660/2049/1621 1794/2202/1756
f 1657/2046/1618 1620/1998/1581 1606/1997/1567
f 1606/1997/1567 1605/2044/1566 1657/2046/1618
f 1659/2203/1620 1796/2204/1758 1620/1998/1581
f 1660/2198/1621 1659/2203/1620 1620/1998/1581
f 1657/2046/1618 1660/2198/1621 1620/1998/1581
f 1620/1998/1581 1796/2204/1758 1797/2205/1759
f 1797/2205/1759 1621/1999/1582 1620/1998/1581
f 1621/1999/1582 1797/2205/1759 1639/2023/1600
f 1608/1983/1569 1651/2038/1612 1653/2040/1614
f 1653/2040/1614 1798/2206/1760 1656/2043/1617
f 1656/2043/1617 1605/1980/1566 1653/2040/1614
f 1651/2038/1612 1608/1983/1569 1610/2207/1571
f 1610/2207/1571 1650/2037/1611 1651/2038/1612
f 1612/2208/1573 1799/2209/1761 1647/2034/1608
f 1647/2034/1608 1610/2207/1571 1612/2208/1573
f 1647/2034/1608 1650/2037/1611 1610/2207/1571
f 1800/2210/1762 1799/2209/1761 1612/2208/1573
f 1612/2211/1573 1646/2212/1607 1800/2213/1762
f 1801/2214/1763 1624/2004/1585 1623/2003/1584
f 1623/2003/1584 1633/2016/1594 1801/2214/1763
f 1646/2215/1607 1645/2029/1606 1644/2028/1605
f 1644/2216/1605 1800/2213/1762 1646/2212/1607
f 1646/2032/1607 1612/2217/1573 1614/2033/1575
f 1614/1991/1575 1612/1989/1573 1611/1988/1572
f 1611/1988/1572 1615/1992/1576 1614/1991/1575
f 1611/1988/1572 1624/2004/1585 1626/2006/1587
f 1626/2006/1587 1615/1992/1576 1611/1988/1572
f 1624/2004/1585 1801/2214/1763 1802/2218/1764
f 1624/2004/1585 1802/2218/1764 1803/2219/1765
f 1626/2006/1587 1624/2004/1585 1803/2219/1765
f 1626/2006/1587 1803/2219/1765 1636/2019/1597
f 1637/2020/1598 1627/2007/1588 1625/2005/1586
f 2072/2733/2028 2073/2734/2029 2074/2735/2030
f 2074/2735/2030 2075/2736/2031 2072/2733/2028
f 2076/2737/2032 2072/2733/2028 2075/2736/2031
f 2075/2736/2031 2077/2738/2033 2076/2737/2032
f 2078/2739/2034 2076/2737/2032 2077/2738/2033
f 2077/2738/2033 2079/2740/2035 2078/2739/2034
f 2080/2741/2036 2081/2742/2037 2082/2743/2038
f 2082/2743/2038 2083/2744/2039 2080/2741/2036
f 2084/2745/2040 2081/2742/2037 2080/2741/2036
f 2080/2741/2036 2085/2746/2041 2084/2745/2040
f 2086/2747/2042 2087/2748/2043 2088/2749/2044
f 2088/2749/2044 2089/2750/2045 2086/2747/2042
f 2090/2751/2046 2091/2752/2047 2073/2753/2029
f 2073/2734/2029 2072/2733/2028 2090/2754/2046
f 2092/2755/2048 2090/2754/2046 2072/2733/2028
f 2072/2733/2028 2076/2737/2032 2092/2755/2048
f 2093/2756/2049 2092/2755/2048 2076/2737/2032
f 2076/2737/2032 2078/2739/2034 2093/2756/2049
f 2082/2743/2038 2081/2742/2037 2094/2757/2050
f 2094/2757/2050 2095/2758/2051 2082/2743/2038
f 2096/2759/2052 2094/2757/2050 2081/2742/2037
f 2081/2742/2037 2084/2745/2040 2096/2759/2052
f 2097/2760/2053 2098/2761/2054 2091/2762/2047
f 2091/2762/2047 2090/2763/2046 2097/2760/2053
f 2099/2764/2055 2097/2760/2053 2090/2763/2046
f 2099/2764/2055 2090/2763/2046 2092/2765/2048
f 2099/2764/2055 2092/2765/2048 2100/2766/2056
f 2092/2765/2048 2093/2767/2049 2101/2768/2057
f 2102/2769/2058 2103/2770/2059 2095/2771/2051
f 2095/2771/2051 2094/2772/2050 2102/2769/2058
f 2104/2773/2060 2102/2769/2058 2094/2772/2050
f 2094/2772/2050 2096/2774/2052 2104/2773/2060
f 2105/2775/2061 2088/2749/2044 2087/2748/2043
f 2087/2748/2043 2106/2776/2062 2105/2775/2061
f 2080/2741/2036 2107/2777/2063 2108/2778/2064
f 2108/2778/2064 2085/2746/2041 2080/2741/2036
f 2109/2779/2065 2110/2780/2066 2111/2781/2067
f 2112/2782/2068 2107/2777/2063 2080/2741/2036
f 2080/2741/2036 2083/2744/2039 2112/2782/2068
f 2113/2783/2069 2114/2784/2070 2115/2785/2071
f 2115/2785/2071 2077/2738/2033 2113/2783/2069
f 2075/2736/2031 2116/2786/2072 2117/2787/2073
f 2118/2788/2074 2074/2735/2030 2119/2789/2075
f 2119/2789/2075 2120/2790/2076 2118/2788/2074
f 2074/2735/2030 2121/2791/2077 2122/2792/2078
f 2122/2792/2078 2119/2789/2075 2074/2735/2030
f 2123/2793/2079 2124/2794/2080 2125/2795/2081
f 2126/2796/2082 2127/2797/2083 2124/2794/2080
f 2124/2794/2080 2123/2793/2079 2126/2796/2082
f 2128/2798/2084 2129/2799/2085 2130/2800/2086
f 2130/2800/2086 2131/2801/2087 2128/2798/2084
f 2131/2801/2087 2130/2800/2086 2132/2802/2088
f 2132/2802/2088 2133/2803/2089 2131/2801/2087
f 2133/2803/2089 2132/2802/2088 2134/2804/2090
f 2134/2804/2090 2135/2805/2091 2133/2803/2089
f 2136/2806/2092 2137/2807/2093 2138/2808/2094
f 2138/2808/2094 2139/2809/2095 2136/2806/2092
f 2136/2806/2092 2139/2809/2095 2140/2810/2096
f 2140/2810/2096 2141/2811/2097 2136/2806/2092
f 2142/2812/2098 2129/2813/2085 2143/2814/2099
f 2143/2814/2099 2144/2815/2100 2142/2812/2098
f 2129/2816/2085 2142/2817/2098 2145/2818/2101
f 2145/2819/2101 2130/2800/2086 2129/2799/2085
f 2130/2800/2086 2145/2819/2101 2146/2820/2102
f 2146/2820/2102 2132/2802/2088 2130/2800/2086
f 2132/2802/2088 2146/2820/2102 2147/2821/2103
f 2147/2821/2103 2134/2804/2090 2132/2802/2088
f 2148/2822/2104 2139/2809/2095 2138/2808/2094
f 2138/2808/2094 2149/2823/2105 2148/2822/2104
f 2139/2809/2095 2148/2822/2104 2150/2824/2106
f 2150/2824/2106 2140/2810/2096 2139/2809/2095
f 2142/2817/2098 2151/2825/2107 2152/2826/2108
f 2152/2826/2108 2145/2818/2101 2142/2817/2098
f 2152/2826/2108 2153/2827/2109 2154/2828/2110
f 2154/2828/2110 2155/2829/2111 2146/2830/2102
f 2154/2828/2110 2146/2830/2102 2145/2818/2101
f 2152/2826/2108 2154/2828/2110 2145/2818/2101
f 2146/2830/2102 2155/2829/2111 2156/2831/2112
f 2157/2832/2113 2148/2833/2104 2149/2834/2105
f 2158/2835/2114 2157/2832/2113 2149/2834/2105
f 2158/678/2114 2149/678/2105 2159/678/2115
f 2160/2836/2116 2148/2833/2104 2157/2832/2113
f 2161/2837/2117 2151/2838/2107 2142/2812/2098
f 2142/2812/2098 2144/2815/2100 2162/2839/2118
f 2161/2837/2117 2142/2812/2098 2162/2839/2118
f 2161/2837/2117 2162/2839/2118 2163/2840/2119
f 2164/2841/2120 2165/2842/2121 2136/2806/2092
f 2136/2806/2092 2141/2811/2097 2164/2841/2120
f 2166/2843/2122 2167/2844/2123 2168/2845/2124
f 2136/2806/2092 2165/2842/2121 2169/2846/2125
f 2169/2846/2125 2137/2807/2093 2136/2806/2092
f 2170/2847/2126 2171/2848/2127 2172/2849/2128
f 2172/2849/2128 2173/2850/2129 2170/2847/2126
f 2174/2851/2130 2173/2850/2129 2172/2849/2128
f 2172/2849/2128 2175/2852/2131 2174/2851/2130
f 2131/2801/2087 2176/2853/2132 2128/2798/2084
f 2177/2854/2133 2178/2855/2134 2128/2856/2084
f 2128/2857/2084 2179/2858/2135 2177/2859/2133
f 2128/2860/2084 2178/2861/2134 2180/2862/2136
f 2181/2863/2137 2182/2864/2138 2183/2865/2139
f 2184/2866/2140 2185/2867/2141 2186/2868/2142
f 2186/2868/2142 2187/2869/2143 2184/2866/2140
f 2188/2870/2144 2189/2871/2145 2190/2872/2146
f 2190/2872/2146 2191/2873/2147 2188/2870/2144
f 2192/2874/2148 2193/2875/2149 2194/2876/2150
f 2194/2876/2150 2195/2877/2151 2192/2874/2148
f 2196/2878/2152 2197/2879/2153 2198/2880/2154
f 2198/2880/2154 2199/2881/2155 2196/2878/2152
f 2200/2882/2156 2201/2883/2157 2202/2884/2158
f 2202/2884/2158 2203/2885/2159 2200/2882/2156
f 2204/2886/2160 2196/2878/2152 2199/2881/2155
f 2199/2881/2155 2205/2887/2161 2204/2886/2160
f 2206/2888/2162 2207/2889/2163 2208/2890/2164
f 2208/2890/2164 2209/2891/2165 2206/2888/2162
f 2210/2892/2166 2211/2893/2167 2212/2894/2168
f 2212/2894/2168 2213/2895/2169 2210/2892/2166
f 2211/2893/2167 2206/2888/2162 2209/2891/2165
f 2209/2891/2165 2212/2894/2168 2211/2893/2167
f 2214/2896/2170 2215/2897/2171 2216/2898/2172
f 2216/2898/2172 2217/2899/2173 2214/2896/2170
f 2218/2900/2174 2210/2892/2166 2213/2895/2169
f 2213/2895/2169 2219/2901/2175 2218/2900/2174
f 2220/2902/2176 2221/2903/2177 2222/2904/2178
f 2222/2904/2178 2223/2905/2179 2220/2902/2176
f 2224/2906/2180 2222/2904/2178 2221/2903/2177
f 2225/678/2181 2226/678/552 2227/678/2182
f 2224/2907/2183 2228/2908/2184 2229/2909/2185
f 2193/2910/2149 2230/2911/2186 2231/2912/2187
f 2231/2913/2187 2194/2914/2150 2193/2915/2149
f 2230/2911/2186 2220/2902/2176 2223/2905/2179
f 2223/2905/2179 2231/2912/2187 2230/2911/2186
f 2197/2879/2153 2232/2916/2188 2233/2917/2189
f 2233/2917/2189 2198/2880/2154 2197/2879/2153
f 2234/2918/2190 2188/2870/2144 2191/2873/2147
f 2191/2873/2147 2235/2919/2191 2234/2918/2190
f 2236/2920/2192 2234/2918/2190 2235/2919/2191
f 2235/2919/2191 2237/2921/2193 2236/2920/2192
f 2238/2922/2194 2239/2923/2195 2240/2924/2196
f 2240/2924/2196 2241/2925/2197 2238/2922/2194
f 2242/2926/2198 2184/2927/2140 2187/2928/2143
f 2187/2928/2143 2243/2929/2199 2242/2926/2198
f 2244/2930/2200 2242/2926/2198 2243/2929/2199
f 2243/2929/2199 2245/2931/2201 2244/2930/2200
f 2246/2932/2202 2247/2933/2203 2248/2934/2204
f 2248/2934/2204 2249/2935/2205 2246/2932/2202
f 2250/2936/2206 2251/2937/2207 2252/2938/2208
f 2252/2938/2208 2253/2939/2209 2250/2936/2206
f 2254/2940/2210 2246/2932/2202 2249/2935/2205
f 2249/2935/2205 2255/2941/2211 2254/2940/2210
f 2256/2942/2212 2244/2930/2200 2245/2931/2201
f 2245/2931/2201 2257/2943/2213 2256/2942/2212
f 2251/2937/2207 2258/2944/2214 2259/2945/2215
f 2259/2945/2215 2252/2938/2208 2251/2937/2207
f 2260/2946/2216 2254/2940/2210 2255/2941/2211
f 2255/2941/2211 2261/2947/2217 2260/2946/2216
f 2262/2948/2218 2263/2949/2219 2264/2950/2220
f 2264/2950/2220 2265/2951/2221 2262/2948/2218
f 2266/2952/2222 2267/2953/2223 2268/2954/2224
f 2268/2954/2224 2269/2955/2225 2266/2952/2222
f 2270/2956/2226 2260/2946/2216 2261/2947/2217
f 2261/2947/2217 2271/2957/2227 2270/2956/2226
f 2272/2958/2228 2262/2948/2218 2265/2951/2221
f 2265/2951/2221 2273/2959/2229 2272/2958/2228
f 2274/2960/2230 2272/2958/2228 2273/2959/2229
f 2273/2959/2229 2275/2961/2231 2274/2960/2230
f 2276/2962/2232 2274/2960/2230 2275/2961/2231
f 2275/2961/2231 2277/2963/2233 2276/2962/2232
f 2278/2964/2234 2279/2965/2235 2280/2966/2236
f 2280/2966/2236 2281/2967/2237 2278/2964/2234
f 2282/2968/2238 2283/2969/2239 2284/2970/2240
f 2284/2970/2240 2285/2971/2241 2282/2968/2238
f 2286/2972/2242 2278/2964/2234 2281/2967/2237
f 2281/2967/2237 2287/2973/2243 2286/2972/2242
f 2288/2974/2244 2289/2975/2245 2290/2976/2246
f 2290/2976/2246 2291/2977/2247 2288/2974/2244
f 2292/2978/2248 2288/2979/2244 2291/2980/2247
f 2291/2980/2247 2293/2981/2249 2292/2978/2248
f 2294/2982/2250 2295/2983/2251 2296/2984/2252
f 2296/2984/2252 2297/2985/2253 2294/2982/2250
f 2298/2986/2254 2299/2987/2255 2300/2988/2256
f 2300/2988/2256 2301/2989/2257 2298/2986/2254
f 2295/2983/2251 2302/2990/2258 2303/2991/2259
f 2303/2991/2259 2296/2984/2252 2295/2983/2251
f 2302/2990/2258 2304/2992/2260 2305/2993/2261
f 2305/2993/2261 2303/2991/2259 2302/2990/2258
f 2306/2994/2262 2298/2986/2254 2301/2989/2257
f 2301/2989/2257 2307/2995/2263 2306/2994/2262
f 2074/2996/2030 2073/2753/2029 2308/2997/2264
f 2308/2997/2264 2121/2998/2077 2074/2996/2030
f 2073/2753/2029 2091/2752/2047 2309/2999/2265
f 2309/2999/2265 2308/2997/2264 2073/2753/2029
f 2091/2752/2047 2098/3000/2054 2310/3001/2266
f 2310/3001/2266 2309/2999/2265 2091/2752/2047
f 2089/2750/2045 2123/2793/2079 2125/2795/2081
f 2125/2795/2081 2086/2747/2042 2089/2750/2045
f 2310/3001/2266 2106/2776/2062 2087/2748/2043
f 2087/2748/2043 2309/2999/2265 2310/3001/2266
f 2087/2748/2043 2086/2747/2042 2308/2997/2264
f 2308/2997/2264 2309/2999/2265 2087/2748/2043
f 2308/2997/2264 2086/2747/2042 2125/2795/2081
f 2125/2795/2081 2121/2998/2077 2308/2997/2264
f 2118/2788/2074 2116/2786/2072 2075/2736/2031
f 2075/2736/2031 2074/2735/2030 2118/2788/2074
f 2099/2764/2055 2311/3002/2267 2097/2760/2053
f 2117/2787/2073 2113/2783/2069 2077/2738/2033
f 2077/2738/2033 2075/2736/2031 2117/2787/2073
f 2115/2785/2071 2312/3003/2268 2079/2740/2035
f 2079/2740/2035 2077/2738/2033 2115/2785/2071
f 2092/2765/2048 2101/2768/2057 2313/3004/2269
f 2313/3004/2269 2100/2766/2056 2092/2765/2048
f 2314/3005/2270 2101/2768/2057 2093/2767/2049
f 2103/2770/2059 2314/3005/2270 2093/2767/2049
f 2103/2770/2059 2093/2767/2049 2095/2771/2051
f 2095/2758/2051 2093/2756/2049 2078/2739/2034
f 2078/2739/2034 2082/2743/2038 2095/2758/2051
f 2078/2739/2034 2079/2740/2035 2083/2744/2039
f 2083/2744/2039 2082/2743/2038 2078/2739/2034
f 2110/2780/2066 2109/2779/2065 2112/2782/2068
f 2112/2782/2068 2315/3006/2271 2110/2780/2066
f 2079/2740/2035 2312/3003/2268 2315/3006/2271
f 2315/3006/2271 2112/2782/2068 2079/2740/2035
f 2112/2782/2068 2083/2744/2039 2079/2740/2035
f 2314/3005/2270 2316/3007/2272 2101/2768/2057
f 2180/2862/2136 2317/3008/2273 2183/2865/2139
f 2317/3008/2273 2318/3009/2274 2181/2863/2137
f 2181/2863/2137 2183/2865/2139 2317/3008/2273
f 2180/2862/2136 2143/2814/2099 2129/2813/2085
f 2129/2813/2085 2128/2860/2084 2180/2862/2136
f 2182/2864/2138 2319/3010/2275 2143/2814/2099
f 2183/2865/2139 2182/2864/2138 2143/2814/2099
f 2180/2862/2136 2183/2865/2139 2143/2814/2099
f 2143/2814/2099 2319/3010/2275 2320/3011/2276
f 2320/3011/2276 2144/2815/2100 2143/2814/2099
f 2144/2815/2100 2320/3011/2276 2162/2839/2118
f 2131/2801/2087 2174/2851/2130 2176/2853/2132
f 2176/2853/2132 2321/3012/2277 2179/3013/2135
f 2179/3013/2135 2128/2798/2084 2176/2853/2132
f 2174/2851/2130 2131/2801/2087 2133/2803/2089
f 2133/2803/2089 2173/2850/2129 2174/2851/2130
f 2135/2805/2091 2322/3014/2278 2170/2847/2126
f 2170/2847/2126 2133/2803/2089 2135/2805/2091
f 2170/2847/2126 2173/2850/2129 2133/2803/2089
f 2323/3015/2279 2322/3014/2278 2135/2805/2091
f 2135/2805/2091 2169/2846/2125 2323/3015/2279
f 2324/3016/2280 2147/3017/2103 2146/2830/2102
f 2146/2830/2102 2156/2831/2112 2324/3016/2280
f 2169/2846/2125 2168/2845/2124 2167/2844/2123
f 2167/2844/2123 2323/3015/2279 2169/2846/2125
f 2169/2846/2125 2135/2805/2091 2137/2807/2093
f 2137/2807/2093 2135/2805/2091 2134/2804/2090
f 2134/2804/2090 2138/2808/2094 2137/2807/2093
f 2134/2804/2090 2147/2821/2103 2149/2823/2105
f 2149/2823/2105 2138/2808/2094 2134/2804/2090
f 2147/3017/2103 2324/3016/2280 2325/3018/2281
f 2147/3017/2103 2325/3018/2281 2326/3019/2282
f 2149/3020/2105 2147/3017/2103 2326/3019/2282
f 2149/3020/2105 2326/3019/2282 2159/3021/2115
f 2160/2836/2116 2150/3022/2106 2148/2833/2104
s 0
usemtl M_Trunk
f 2041/2354/1832 1908/2355/1832 2047/2356/1832 2040/2357/1832
f 1905/2358/1833 1904/2359/1833 1899/2360/1833 1895/2361/1833
f 1910/2362/1834 1909/2363/1834 1900/2364/1834 1896/2365/1834
f 1906/2366/1835 1903/2367/1835 1902/2368/1835 1898/2369/1835
f 1911/2370/1836 1907/2371/1836 1901/2372/1836 1897/2373/1836
f 2042/2374/1837 2043/2375/1837 1908/2376/1837 2041/2377/1837
f 1896/2378/1838 1900/2379/1838 1904/2359/1838 1905/2358/1838
f 1897/2380/1839 1901/2381/1839 1903/2367/1839 1906/2366/1839
f 2045/2382/1840 2046/2383/1840 2047/2356/1840 1908/2355/1840
f 1898/2384/1841 1902/2385/1841 1909/2363/1841 1910/2362/1841
f 1895/2386/1842 1899/2387/1842 1907/2371/1842 1911/2370/1842
f 2044/2388/1843 2045/2389/1843 1908/2376/1843 2043/2375/1843
f 1899/2360/1844 1904/2359/1844 1913/2390/1844 1912/2391/1844
f 1904/2359/1845 1900/2379/1845 1914/2392/1845 1913/2390/1845
f 1900/2393/1846 1909/2394/1846 1915/2395/1846 1914/2396/1846
f 1909/2394/1847 1902/2397/1847 1916/2398/1847 1915/2395/1847
f 1902/2368/1848 1903/2367/1848 1917/2399/1848 1916/2400/1848
f 1903/2367/1849 1901/2381/1849 1918/2401/1849 1917/2399/1849
f 1901/2372/1850 1907/2371/1850 1919/2402/1850 1918/2403/1850
f 1907/2371/1851 1899/2387/1851 1912/2404/1851 1919/2402/1851
f 1912/2391/1852 1913/2390/1852 1921/2405/1852 1920/2406/1852
f 1913/2390/1853 1914/2392/1853 1922/2407/1853 1921/2405/1853
f 1914/2396/1854 1915/2395/1854 1923/2408/1854 1922/2409/1854
f 1915/2395/1855 1916/2398/1855 1924/2410/1855 1923/2408/1855
f 1916/2398/1856 1917/2411/1856 1925/2412/1856 1924/2410/1856
f 1917/2411/1857 1918/2413/1857 1926/2414/1857 1925/2412/1857
f 1918/2403/1858 1919/2402/1858 1927/2415/1858 1926/2416/1858
f 1919/2402/1859 1912/2404/1859 1920/2417/1859 1927/2415/1859
f 1920/2406/1860 1921/2405/1860 1929/2418/1860 1928/2419/1860
f 1921/2405/1861 1922/2407/1861 1930/2420/1861 1929/2418/1861
f 1922/2421/1862 1923/2422/1862 1931/2423/1862 1930/2424/1862
f 1923/2422/1863 1924/2425/1863 1932/2426/1863 1931/2423/1863
f 1924/2427/1864 1925/2428/1864 1933/2429/1864 1932/2430/1864
f 1925/2428/1865 1926/2431/1865 1934/2432/1865 1933/2429/1865
f 1926/2416/1866 1927/2415/1866 1935/2433/1866 1934/2434/1866
f 1927/2415/1867 1920/2417/1867 1928/2435/1867 1935/2433/1867
f 1928/2436/1868 1929/2437/1868 1937/2438/1868 1936/2439/1868
f 1929/2437/1869 1930/2440/1869 1938/2441/1869 1937/2438/1869
f 1930/2440/1870 1931/2442/1870 1939/2443/1870 1938/2441/1870
f 1931/2442/1871 1932/2444/1871 1940/2445/1871 1939/2443/1871
f 1932/2444/1872 1933/2446/1872 1941/2447/1872 1940/2445/1872
f 1933/2446/1873 1934/2448/1873 1942/2449/1873 1941/2447/1873
f 1934/2434/1874 1935/2433/1874 1943/2450/1874 1942/2451/1874
f 1935/2433/1875 1928/2435/1875 1936/2452/1875 1943/2450/1875
f 1936/2453/1876 1937/2454/1876 1945/2455/1876 1944/2456/1876
f 1937/2454/1877 1938/2457/1877 1946/2458/1877 1945/2455/1877
f 1938/2459/1878 1939/2460/1878 1947/2461/1878 1946/2462/1878
f 1939/2460/1879 1940/2463/1879 1948/2464/1879 1947/2461/1879
f 1940/2465/1880 1941/2466/1880 1949/2467/1880 1948/2468/1880
f 1941/2466/1881 1942/2469/1881 1950/2470/1881 1949/2467/1881
f 1942/2451/1882 1943/2450/1882 1951/2471/1882 1950/2472/1882
f 1943/2450/1883 1936/2452/1883 1944/2473/1883 1951/2471/1883
f 1944/2474/1884 1945/2475/1884 1953/2476/1884 1952/2477/1884
f 1945/2475/1885 1946/2478/1885 1954/2479/1885 1953/2476/1885
f 1946/2478/1886 1947/2480/1886 1955/2481/1886 1954/2479/1886
f 1947/2480/1887 1948/2482/1887 1956/2483/1887 1955/2481/1887
f 1948/2482/1888 1949/2484/1888 1957/2485/1888 1956/2483/1888
f 1949/2484/1889 1950/2486/1889 1958/2487/1889 1957/2485/1889
f 1950/2472/1890 1951/2471/1890 1959/2488/1890 1958/2489/1890
f 1951/2471/1891 1944/2473/1891 1952/2490/1891 1959/2488/1891
f 1952/2491/1892 1953/2492/1892 1961/2493/1892 1960/2494/1892
f 1953/2492/1893 1954/2495/1893 1962/2496/1893 1961/2493/1893
f 1954/2497/1894 1955/2498/1894 1963/2499/1894 1962/2500/1894
f 1955/2498/1895 1956/2501/1895 1964/2502/1895 1963/2499/1895
f 1956/2503/1896 1957/2504/1896 1965/2505/1896 1964/2506/1896
f 1957/2504/1897 1958/2507/1897 1966/2508/1897 1965/2505/1897
f 1958/2489/1898 1959/2488/1898 1967/2509/1898 1966/2510/1898
f 1959/2488/1899 1952/2490/1899 1960/2511/1899 1967/2509/1899
f 1960/2494/1900 1961/2493/1900 1969/2512/1900 1968/2513/1900
f 1961/2493/1901 1962/2496/1901 1970/2514/1901 1969/2512/1901
f 1962/2500/1902 1963/2499/1902 1971/2515/1902 1970/2516/1902
f 1963/2499/1903 1964/2502/1903 1972/2517/1903 1971/2515/1903
f 1964/2506/1904 1965/2505/1904 1973/2518/1904 1972/2519/1904
f 1965/2505/1905 1966/2508/1905 1974/2520/1905 1973/2518/1905
f 1966/2510/1906 1967/2509/1906 1975/2521/1906 1974/2522/1906
f 1967/2509/1907 1960/2511/1907 1968/2523/1907 1975/2521/1907
f 1968/2524/1908 1969/2525/1908 1977/2526/1908 1976/2527/1908
f 1969/2525/1909 1970/2528/1909 1978/2529/1909 1977/2526/1909
f 1970/2528/1910 1971/2530/1910 1979/2531/1910 1978/2529/1910
f 1971/2530/1911 1972/2532/1911 1980/2533/1911 1979/2531/1911
f 1972/2532/1912 1973/2534/1912 1981/2535/1912 1980/2533/1912
f 1973/2534/1913 1974/2536/1913 1982/2537/1913 1981/2535/1913
f 1974/2536/1914 1975/2538/1914 1983/2539/1914 1982/2537/1914
f 1975/2521/1915 1968/2523/1915 1976/2540/1915 1983/2541/1915
f 1976/2542/1916 1977/2543/1916 1985/2544/1916 1984/2545/1916
f 1977/2543/1917 1978/2546/1917 1986/2547/1917 1985/2544/1917
f 1978/2548/1918 1979/2549/1918 1987/2550/1918 1986/2551/1918
f 1979/2549/1919 1980/2552/1919 1988/2553/1919 1987/2550/1919
f 1980/2554/1920 1981/2555/1920 1989/2556/1920 1988/2557/1920
f 1981/2555/1921 1982/2558/1921 1990/2559/1921 1989/2556/1921
f 1982/2560/1922 1983/2541/1922 1991/2561/1922 1990/2562/1922
f 1983/2541/1923 1976/2540/1923 1984/2563/1923 1991/2561/1923
f 1984/2545/1924 1985/2544/1924 1993/2564/1924 1992/2565/1924
f 1985/2544/1925 1986/2547/1925 1994/2566/1925 1993/2564/1925
f 1986/2551/1926 1987/2550/1926 1995/2567/1926 1994/2568/1926
f 1987/2550/1927 1988/2553/1927 1996/2569/1927 1995/2567/1927
f 1988/2557/1928 1989/2556/1928 1997/2570/1928 1996/2571/1928
f 1989/2556/1929 1990/2559/1929 1998/2572/1929 1997/2570/1929
f 1990/2562/1930 1991/2561/1930 1999/2573/1930 1998/2574/1930
f 1991/2561/1931 1984/2563/1931 1992/2575/1931 1999/2573/1931
f 1992/2576/1932 1993/2577/1932 2001/2578/1932 2000/2579/1932
f 1993/2577/1933 1994/2580/1933 2002/2581/1933 2001/2578/1933
f 1994/2580/1934 1995/2582/1934 2003/2583/1934 2002/2581/1934
f 1995/2582/1935 1996/2584/1935 2004/2585/1935 2003/2583/1935
f 1996/2584/1936 1997/2586/1936 2005/2587/1936 2004/2585/1936
f 1997/2586/1937 1998/2588/1937 2006/2589/1937 2005/2587/1937
f 1998/2588/1938 1999/2590/1938 2007/2591/1938 2006/2589/1938
f 1999/2590/1939 1992/2576/1939 2000/2579/1939 2007/2591/1939
f 2000/2592/1940 2001/2593/1940 2009/2594/1940 2008/2595/1940
f 2001/2593/1941 2002/2596/1941 2010/2597/1941 2009/2594/1941
f 2002/2598/1942 2003/2599/1942 2011/2600/1942 2010/2601/1942
f 2003/2599/1943 2004/2602/1943 2012/2603/1943 2011/2600/1943
f 2004/2604/1944 2005/2605/1944 2013/2606/1944 2012/2607/1944
f 2005/2605/1945 2006/2608/1945 2014/2609/1945 2013/2606/1945
f 2006/2610/1946 2007/2611/1946 2015/2612/1946 2014/2613/1946
f 2007/2611/1947 2000/2614/1947 2008/2615/1947 2015/2612/1947
f 2008/2595/1948 2009/2594/1948 2017/2616/1948 2016/2617/1948
f 2009/2594/1949 2010/2597/1949 2018/2618/1949 2017/2616/1949
f 2010/2619/1950 2011/2620/1950 2019/2621/1950 2018/2622/1950
f 2011/2620/1951 2012/2623/1951 2020/2624/1951 2019/2621/1951
f 2012/2623/1952 2013/2625/1952 2021/2626/1952 2020/2624/1952
f 2013/2625/1953 2014/2627/1953 2022/2628/1953 2021/2626/1953
f 2014/2627/1954 2015/2629/1954 2023/2630/1954 2022/2628/1954
f 2015/2612/1955 2008/2615/1955 2016/2631/1955 2023/2632/1955
f 2063/2633/1956 2056/2634/1956 2025/2635/1956 2024/2636/1956
f 2056/2634/1957 2057/2637/1957 2026/2638/1957 2025/2635/1957
f 2057/2639/1958 2058/2640/1958 2027/2641/1958 2026/2642/1958
f 2058/2640/1959 2059/2643/1959 2028/2644/1959 2027/2641/1959
f 2059/2645/1960 2060/2646/1960 2029/2647/1960 2028/2648/1960
f 2060/2646/1961 2061/2649/1961 2030/2650/1961 2029/2647/1961
f 2061/2651/1962 2062/2652/1962 2031/2653/1962 2030/2654/1962
f 2062/2652/1963 2063/2655/1963 2024/2656/1963 2031/2653/1963
f 2024/2656/1964 2025/2657/1964 2033/2658/1964 2032/2659/1964
f 2025/2660/1965 2026/2661/1965 2034/2662/1965 2033/2663/1965
f 2026/2661/1966 2027/2664/1966 2035/2665/1966 2034/2662/1966
f 2027/2664/1967 2028/2666/1967 2036/2667/1967 2035/2665/1967
f 2028/2648/1968 2029/2647/1968 2037/2668/1968 2036/2669/1968
f 2029/2647/1969 2030/2650/1969 2038/2670/1969 2037/2668/1969
f 2030/2654/1970 2031/2653/1970 2039/2671/1970 2038/2672/1970
f 2031/2653/1971 2024/2656/1971 2032/2659/1971 2039/2671/1971
f 2032/2673/1972 2033/2674/1972 2041/2675/1972 2040/2676/1972
f 2033/2674/1973 2034/2677/1973 2042/2678/1973 2041/2675/1973
f 2034/2679/1974 2035/2680/1974 2043/2681/1974 2042/2682/1974
f 2035/2680/1975 2036/2683/1975 2044/2684/1975 2043/2681/1975
f 2036/2669/1976 2037/2668/1976 2045/2685/1976 2044/2686/1976
f 2037/2668/1977 2038/2670/1977 2046/2687/1977 2045/2685/1977
f 2038/2672/1978 2039/2671/1978 2047/2356/1978 2046/2383/1978
f 2039/2671/1979 2032/2659/1979 2040/2357/1979 2047/2356/1979
f 2023/2632/1980 2016/2631/1981 2049/2688/1982 2055/2689/1983
f 2022/2690/1984 2023/2632/1985 2055/2689/1986 2054/2691/1987
f 2021/2692/1988 2022/2693/1989 2054/2694/1990 2053/2695/1991
f 2020/2696/1992 2021/2692/1993 2053/2695/1994 2052/2697/1995
f 2019/2698/1996 2020/2699/1997 2052/2700/1998 2051/2701/1999
f 2018/2702/2000 2019/2698/2001 2051/2701/2002 2050/2703/2003
f 2017/2616/2004 2018/2618/2005 2050/2704/2006 2048/2705/2007
f 2016/2617/2008 2017/2616/2009 2048/2705/2010 2049/2706/2011
f 2061/2707/2012 2060/2708/2012 2069/2709/2012 2070/2710/2012
f 2062/2652/2013 2061/2651/2013 2070/2711/2013 2071/2712/2013
f 2063/2655/2014 2062/2652/2014 2071/2712/2014 2064/2713/2014
f 2056/2714/2015 2063/2655/2015 2064/2713/2015 2065/2715/2015
f 2055/2689/2016 2049/2688/2016 2064/2713/2016 2071/2712/2016
f 2054/2691/2017 2055/2689/2017 2071/2712/2017 2070/2711/2017
f 2053/2695/2018 2054/2694/2018 2070/2716/2018 2069/2717/2018
f 2052/2697/2019 2053/2695/2019 2069/2717/2019 2068/2718/2019
f 2051/2701/2020 2052/2700/2020 2068/2719/2020 2067/2720/2020
f 2050/2703/2021 2051/2701/2021 2067/2720/2021 2066/2721/2021
f 2048/2705/2022 2050/2704/2022 2066/2722/2022 2065/2723/2022
f 2049/2706/2023 2048/2705/2023 2065/2723/2023 2064/2724/2023
f 2060/2708/2024 2059/2725/2024 2068/2726/2024 2069/2709/2024
f 2059/2725/2025 2058/2727/2025 2067/2728/2025 2068/2726/2025
f 2058/2727/2026 2057/2729/2026 2066/2730/2026 2067/2728/2026
f 2057/2729/2027 2056/2731/2027 2065/2732/2027 2066/2730/2027
