# Blender 5.1.2
# www.blender.org
mtllib SM_PalmTree_01.mtl
o SM_PalmTree_01
v -0.368381 0.000000 0.358644
v 0.375122 0.000000 0.358644
v -0.368381 0.000000 -0.344635
v 0.375122 0.000000 -0.344635
v -0.368381 0.146488 0.358644
v 0.375122 0.146488 0.358644
v -0.368381 0.146488 -0.344635
v 0.375122 0.146488 -0.344635
v -0.014935 0.146488 -0.438684
v -0.014935 0.146488 0.471780
v -0.014935 0.000000 0.471780
v -0.014935 0.000000 -0.438684
v -0.489578 0.146488 -0.030557
v -0.018635 4.181077 -0.049941
v 0.505959 0.146488 -0.030557
v 0.505959 0.000000 -0.030557
v -0.489578 0.000000 -0.030557
v -0.200144 0.517984 0.190881
v -0.019720 0.498559 0.238093
v 0.179393 0.498559 0.180340
v 0.246182 0.498559 -0.018336
v 0.179393 0.498559 -0.178664
v -0.019720 0.498559 -0.226673
v -0.200144 0.498559 -0.178664
v -0.262012 0.517984 -0.018247
v -0.137795 0.585873 0.133957
v -0.017349 0.587565 0.174504
v 0.115573 0.585873 0.133957
v 0.160159 0.580054 -0.005529
v 0.115573 0.575357 -0.118092
v -0.017349 0.573951 -0.151799
v -0.137795 0.575357 -0.118092
v -0.179096 0.580054 -0.005529
v -0.162984 0.973110 0.144646
v -0.018066 0.975145 0.193431
v 0.141862 0.973110 0.144646
v 0.195507 0.966108 -0.023180
v 0.141862 0.960457 -0.158613
v -0.018066 0.958765 -0.199168
v -0.162984 0.960457 -0.158613
v -0.212676 0.966108 -0.023180
v -0.139821 0.996214 0.118996
v -0.017407 0.997933 0.160206
v 0.117688 0.996214 0.118996
v 0.163003 0.990299 -0.022770
v 0.117688 0.985526 -0.137173
v -0.017407 0.984097 -0.171430
v -0.139821 0.985526 -0.137173
v -0.181797 0.990299 -0.022770
v -0.170298 1.504347 0.130277
v -0.018274 1.506482 0.181455
v 0.149496 1.504347 0.130277
v 0.205771 1.497002 -0.045778
v 0.149496 1.491074 -0.187853
v -0.018274 1.489299 -0.230396
v -0.170298 1.491074 -0.187853
v -0.222427 1.497002 -0.045778
v -0.149322 1.521543 0.107204
v -0.017677 1.523392 0.151522
v 0.127604 1.521543 0.107204
v 0.176335 1.515182 -0.045251
v 0.127604 1.510049 -0.168280
v -0.017677 1.508512 -0.205121
v -0.149322 1.510049 -0.168280
v -0.194463 1.515182 -0.045251
v -0.149322 1.748675 0.087509
v -0.017677 1.753020 0.131652
v 0.127604 1.748675 0.087509
v 0.176335 1.733727 -0.064345
v 0.127604 1.721665 -0.186889
v -0.017677 1.718052 -0.223584
v -0.149322 1.721665 -0.186889
v -0.194463 1.733727 -0.064345
v -0.197829 2.085704 0.106235
v -0.019058 2.091605 0.166180
v 0.178230 2.085704 0.106235
v 0.244406 2.065405 -0.099979
v 0.178230 2.049024 -0.266391
v -0.019058 2.044119 -0.316222
v -0.197829 2.049024 -0.266391
v -0.259129 2.065405 -0.099979
v -0.173162 2.104270 0.078015
v -0.018356 2.109380 0.129924
v 0.152486 2.104270 0.078015
v 0.209791 2.086692 -0.100557
v 0.152486 2.072507 -0.244661
v -0.018356 2.068259 -0.287812
v -0.173162 2.072507 -0.244661
v -0.226246 2.086692 -0.100557
v -0.173162 2.226547 0.068698
v -0.018356 2.222636 0.120710
v 0.152486 2.226547 0.068698
v 0.209791 2.239998 -0.110232
v 0.152486 2.250853 -0.254626
v -0.018356 2.254104 -0.297863
v -0.173162 2.250853 -0.254626
v -0.226246 2.239998 -0.110232
v -0.221222 2.544245 0.143902
v -0.019724 2.539156 0.211603
v 0.202645 2.544245 0.143902
v 0.277234 2.561754 -0.088995
v 0.202645 2.575883 -0.276939
v -0.019724 2.580114 -0.333217
v -0.221222 2.575883 -0.276939
v -0.290316 2.561754 -0.088995
v -0.168756 2.556177 0.088773
v -0.018230 2.552375 0.139348
v 0.147887 2.556177 0.088773
v 0.203608 2.569257 -0.085209
v 0.147887 2.579812 -0.225609
v -0.018230 2.582973 -0.267651
v -0.168756 2.579812 -0.225609
v -0.220372 2.569257 -0.085209
v -0.213727 2.978097 0.168514
v -0.019511 2.973191 0.233768
v 0.194823 2.978097 0.168514
v 0.266716 2.994972 -0.055966
v 0.194823 3.008591 -0.237118
v -0.019511 3.012669 -0.291363
v -0.213727 3.008591 -0.237118
v -0.280324 2.994972 -0.055966
v -0.176056 3.009360 0.131102
v -0.018438 3.009336 0.184209
v 0.155505 3.009360 0.131102
v 0.213851 3.009442 -0.051590
v 0.155505 3.009508 -0.199020
v -0.018438 3.009528 -0.243167
v -0.176056 3.009508 -0.199020
v -0.230103 3.009442 -0.051590
v -0.213727 3.508513 0.171440
v -0.019511 3.508484 0.236878
v 0.194823 3.508513 0.171440
v 0.266716 3.508614 -0.053674
v 0.194823 3.508695 -0.235337
v -0.019511 3.508720 -0.289735
v -0.213727 3.508695 -0.235337
v -0.280324 3.508614 -0.053674
v -0.185962 3.553838 0.138909
v -0.018635 3.553814 0.195288
v 0.166025 3.553838 0.138909
v 0.227965 3.553926 -0.055038
v 0.166025 3.553996 -0.211550
v -0.018635 3.554017 -0.258416
v -0.185962 3.553996 -0.211550
v -0.243339 3.553926 -0.055038
v -0.185962 4.021346 0.139119
v -0.018635 4.021322 0.195497
v 0.166025 4.021346 0.139119
v 0.227965 4.021435 -0.054828
v 0.166025 4.021504 -0.211341
v -0.018635 4.021525 -0.258207
v -0.185962 4.021504 -0.211341
v -0.243339 4.021435 -0.054828
v -1.197652 3.976066 0.695442
v -0.919814 4.152194 0.510265
v -1.051932 4.091454 0.247572
v -1.315165 3.926668 0.443586
v -1.511409 3.535366 0.911776
v -1.641580 3.501953 0.645993
v -1.656608 3.248904 1.014192
v -1.786015 3.227605 0.754560
v -1.924369 2.856690 0.948366
v -1.835247 2.864990 1.140755
v -1.782486 2.978348 1.103381
v -1.887728 2.954928 0.897038
v -1.903617 2.372098 1.198354
v -1.980679 2.487422 1.041612
v -0.617387 4.141825 0.313002
v -0.556914 4.114636 0.492401
v -0.210614 4.131904 0.201946
v -0.120543 4.124804 -0.011043
v -1.012675 3.939352 0.906002
v -0.773647 4.103829 0.674188
v -1.319874 3.514945 1.139219
v -1.470672 3.240070 1.238147
v -1.694669 2.866292 1.300234
v -1.638773 2.959557 1.284741
v -1.793189 2.493968 1.329323
v -0.775935 3.821316 1.084099
v -0.611759 4.007339 0.880572
v -1.075773 3.652030 1.138026
v -1.130496 3.456778 1.291446
v -1.236823 3.199522 1.428621
v -1.508945 2.855703 1.427791
v -1.471663 2.903335 1.427672
v -1.604046 2.721708 1.409817
v -0.306372 4.083321 0.423086
v -0.484949 4.040644 0.682428
v -1.939332 2.849579 0.869671
v -1.983954 2.610503 0.917855
v -1.952208 2.843221 0.801172
v -1.966515 2.834661 0.727804
v -1.974527 2.777360 0.772118
v -1.904503 2.937966 0.837967
v -1.719410 3.415445 0.350672
v -1.793272 3.293304 0.408517
v -1.708379 3.411676 0.519862
v -1.354444 3.845742 0.270392
v -1.460771 3.703815 0.207498
v -1.245029 3.946586 0.303258
v -1.068515 3.936483 0.070852
v -1.262190 3.849286 0.126989
v -0.778320 4.120959 0.106906
v -0.840749 3.989303 0.031344
v -0.351813 4.126195 -0.015348
v -0.687611 4.109985 0.109449
v -0.660578 4.116127 0.159441
v -0.592122 4.070394 -0.017025
v -0.759374 4.074059 0.006869
v -1.044050 4.075196 0.253288
v -0.916165 4.133763 0.507750
v -1.187589 3.961197 0.689388
v -1.302260 3.912778 0.443433
v -1.498477 3.524028 0.903798
v -1.626613 3.490770 0.642757
v -1.642838 3.239184 1.005537
v -1.770317 3.218113 0.749809
v -1.907332 2.850424 0.942960
v -1.868692 2.954125 0.888484
v -1.758581 2.990662 1.087627
v -1.820190 2.858387 1.131328
v -1.887905 2.368288 1.188481
v -1.965124 2.482641 1.031914
v -0.773909 4.086159 0.667372
v -0.523452 4.119999 0.251898
v -0.389531 4.104445 0.350789
v -1.007649 3.924745 0.895031
v -1.310533 3.503608 1.127261
v -1.459786 3.230727 1.225776
v -1.682813 2.859548 1.287100
v -1.617020 2.969044 1.269004
v -1.778583 2.490207 1.317847
v -0.609994 3.990837 0.871453
v -0.772705 3.807572 1.071481
v -0.981334 3.534394 1.236998
v -1.070169 3.640029 1.124477
v -1.123105 3.445673 1.277990
v -1.143004 3.320562 1.362779
v -1.499184 2.848982 1.412993
v -1.462149 2.895546 1.413256
v -1.462149 2.895546 1.413256
v -1.617020 2.969044 1.269004
v -1.462149 2.895546 1.413256
v -1.593324 2.717149 1.394880
v -0.577488 4.039802 0.661512
v -0.309591 4.065440 0.417675
v -0.487588 4.022499 0.677634
v -1.965850 2.606627 0.913850
v -1.921584 2.843572 0.866880
v -1.956445 2.772551 0.769162
v -1.948217 2.830750 0.724730
v -1.934603 2.837302 0.797372
v -1.887386 2.930262 0.835457
v -1.692291 3.401786 0.518222
v -1.777370 3.283092 0.407241
v -1.704165 3.404210 0.350111
v -1.665545 3.447318 0.495826
v -1.340205 3.833417 0.272496
v -1.446230 3.691900 0.209794
v -1.233573 3.932508 0.308715
v -0.835402 3.974952 0.042513
v -0.775528 4.103189 0.112850
v -1.060013 3.922854 0.080882
v -0.659357 4.097360 0.161729
v -0.587558 4.054160 -0.008399
v -0.351326 4.107249 -0.015289
v -0.631608 4.094283 0.093381
v -1.965124 2.482641 1.031914
v -1.887905 2.368288 1.188481
v -1.903617 2.372098 1.198354
v -1.980679 2.487422 1.041612
v -0.209331 4.113018 0.202370
v -0.120144 4.105857 -0.010844
v -0.120543 4.124804 -0.011043
v -0.210614 4.131904 0.201946
v -1.887905 2.368288 1.188481
v -1.778583 2.490207 1.317847
v -1.793189 2.493968 1.329323
v -1.903617 2.372098 1.198354
v -0.772705 3.807572 1.071481
v -0.609994 3.990837 0.871453
v -0.611759 4.007339 0.880572
v -0.775935 3.821316 1.084099
v -1.070169 3.640029 1.124477
v -0.981334 3.534394 1.236998
v -0.985426 3.546165 1.251263
v -1.075773 3.652030 1.138026
v -0.981334 3.534394 1.236998
v -0.985426 3.546165 1.251263
v -1.123105 3.445673 1.277990
v -1.070169 3.640029 1.124477
v -1.075773 3.652030 1.138026
v -1.130496 3.456778 1.291446
v -1.227665 3.190266 1.414849
v -1.143004 3.320562 1.362779
v -1.150772 3.331092 1.376490
v -1.236823 3.199522 1.428621
v -1.418177 3.089956 1.335030
v -1.362967 3.020209 1.413928
v -1.372995 3.028108 1.427940
v -1.427998 3.097925 1.349136
v -1.362967 3.020209 1.413928
v -1.372995 3.028108 1.427940
v -1.499184 2.848982 1.412993
v -1.462149 2.895546 1.413256
v -1.471663 2.903335 1.427672
v -1.508945 2.855703 1.427791
v -1.427998 3.097925 1.349136
v -1.427998 3.097925 1.349136
v -1.462149 2.895546 1.413256
v -1.462149 2.895546 1.413256
v -1.462149 2.895546 1.413256
v -1.418177 3.089956 1.335030
v -1.593324 2.717149 1.394880
v -1.604046 2.721708 1.409817
v -0.577488 4.039802 0.661512
v -0.573537 4.057493 0.667007
v -0.309591 4.065440 0.417675
v -0.306372 4.083321 0.423086
v -0.487588 4.022499 0.677634
v -0.484949 4.040644 0.682428
v -0.577488 4.039802 0.661512
v -0.487588 4.022499 0.677634
v -0.484949 4.040644 0.682428
v -0.573537 4.057493 0.667007
v -1.965850 2.606627 0.913850
v -1.983954 2.610503 0.917855
v -1.921584 2.843572 0.866880
v -1.939332 2.849579 0.869671
v -1.948217 2.830750 0.724730
v -1.956445 2.772551 0.769162
v -1.974527 2.777360 0.772118
v -1.966515 2.834661 0.727804
v -1.956445 2.772551 0.769162
v -1.934603 2.837302 0.797372
v -1.952208 2.843221 0.801172
v -1.974527 2.777360 0.772118
v -1.945145 2.961662 0.596986
v -1.961746 2.969593 0.601519
v -1.887386 2.930262 0.835457
v -1.904503 2.937966 0.837967
v -1.887386 2.930262 0.835457
v -1.904503 2.937966 0.837967
v -1.835629 3.173913 0.510815
v -1.851716 3.183592 0.513416
v -1.704165 3.404210 0.350111
v -1.777370 3.283092 0.407241
v -1.793272 3.293304 0.408517
v -1.719410 3.415445 0.350672
v -1.777370 3.283092 0.407241
v -1.692291 3.401786 0.518222
v -1.708379 3.411676 0.519862
v -1.793272 3.293304 0.408517
v -1.692291 3.401786 0.518222
v -1.708379 3.411676 0.519862
v -1.446230 3.691900 0.209794
v -1.460771 3.703815 0.207498
v -1.340205 3.833417 0.272496
v -1.354444 3.845742 0.270392
v -1.233573 3.932508 0.308715
v -1.245029 3.946586 0.303258
v -1.060013 3.922854 0.080882
v -1.253267 3.834302 0.134413
v -1.262190 3.849286 0.126989
v -1.068515 3.936483 0.070852
v -1.253267 3.834302 0.134413
v -1.233573 3.932508 0.308715
v -1.245029 3.946586 0.303258
v -1.262190 3.849286 0.126989
v -0.835402 3.974952 0.042513
v -0.840749 3.989303 0.031344
v -0.775528 4.103189 0.112850
v -0.835402 3.974952 0.042513
v -0.840749 3.989303 0.031344
v -0.778320 4.120959 0.106906
v -0.659357 4.097360 0.161729
v -0.660578 4.116127 0.159441
v -0.120144 4.105857 -0.010844
v -0.351326 4.107249 -0.015289
v -0.351813 4.126195 -0.015348
v -0.120543 4.124804 -0.011043
v -0.684731 4.091821 0.113985
v -0.659357 4.097360 0.161729
v -0.660578 4.116127 0.159441
v -0.687611 4.109985 0.109449
v -0.587558 4.054160 -0.008399
v -0.592122 4.070394 -0.017025
v -0.753333 4.058803 0.016359
v -0.759374 4.074059 0.006869
v -0.753333 4.058803 0.016359
v -0.759374 4.074059 0.006869
v -0.693104 4.144425 0.362393
v -0.623328 4.111327 0.548106
v -0.573537 4.057493 0.667007
v -0.985426 3.546165 1.251263
v -1.851716 3.183592 0.513416
v -1.150772 3.331092 1.376490
v -1.427998 3.097925 1.349136
v -1.961746 2.969593 0.601519
v -1.372995 3.028108 1.427940
v -0.684731 4.091821 0.113985
v -0.753333 4.058803 0.016359
v -0.120144 4.105857 -0.010844
v -0.209331 4.113018 0.202370
v -1.253267 3.834302 0.134413
v -1.835629 3.173913 0.510815
v -1.945145 2.961662 0.596986
v -1.227665 3.190266 1.414849
v -1.362967 3.020209 1.413928
v -1.418177 3.089956 1.335030
v -1.462149 2.895546 1.413256
v 0.043247 4.030610 -0.218781
v 0.100217 3.877704 -0.164669
v 0.145691 3.893497 -0.234859
v 0.156710 3.936641 -0.307375
v 0.130329 3.995565 -0.362809
v 0.073611 4.054490 -0.386305
v 0.001757 4.097633 -0.371572
v -0.065991 4.113414 -0.322538
v -0.111463 4.097633 -0.252371
v -0.122482 4.054490 -0.179854
v -0.096113 3.995565 -0.124408
v -0.039383 3.936641 -0.100924
v 0.032471 3.893497 -0.115658
v 0.100217 3.877704 -0.164669
v 0.089652 3.695655 -0.174703
v 0.168411 3.723006 -0.296261
v 0.145691 3.893497 -0.234859
v 0.187502 3.797711 -0.421863
v 0.156710 3.936641 -0.307375
v 0.141805 3.899791 -0.517897
v 0.130329 3.995565 -0.362809
v 0.043550 4.001846 -0.558593
v 0.073611 4.054490 -0.386305
v -0.080896 4.076564 -0.533060
v 0.001757 4.097633 -0.371572
v -0.198242 4.103915 -0.448155
v -0.065991 4.113414 -0.322538
v -0.276989 4.076564 -0.326610
v -0.111463 4.097633 -0.252371
v -0.111463 4.097633 -0.252371
v -0.276989 4.076564 -0.326610
v -0.296101 4.001846 -0.201004
v -0.122482 4.054490 -0.179854
v -0.250393 3.899791 -0.104984
v -0.096113 3.995565 -0.124408
v -0.152148 3.797711 -0.064273
v -0.039383 3.936641 -0.100924
v -0.027694 3.723006 -0.089798
v 0.032471 3.893497 -0.115658
v 0.014363 3.533237 -0.246216
v 0.105328 3.564812 -0.386556
v 0.127369 3.651086 -0.531609
v 0.074596 3.768947 -0.642487
v -0.038839 3.886796 -0.689479
v -0.182567 3.973071 -0.660007
v -0.318053 4.004657 -0.561955
v -0.409008 3.973071 -0.421606
v -0.409008 3.973071 -0.421606
v -0.431037 3.886796 -0.276565
v -0.378275 3.768947 -0.165697
v -0.264829 3.651086 -0.118695
v -0.121114 3.564812 -0.148154
v -0.105445 3.433985 -0.360013
v -0.026673 3.461329 -0.481557
v -0.007590 3.536047 -0.607167
v -0.053280 3.638111 -0.703195
v -0.151531 3.740174 -0.743887
v -0.275983 3.814882 -0.718360
v -0.393326 3.842237 -0.633451
v -0.472076 3.814882 -0.511910
v -0.472076 3.814882 -0.511910
v -0.491181 3.740174 -0.386297
v -0.445478 3.638111 -0.290282
v -0.347240 3.536047 -0.249578
v -0.222778 3.461329 -0.275094
v -0.237684 3.424476 -0.485618
v -0.192197 3.440261 -0.555796
v -0.181182 3.483399 -0.628315
v -0.207564 3.542322 -0.683751
v -0.264292 3.601259 -0.707256
v -0.336139 3.644386 -0.692516
v -0.403895 3.660182 -0.643490
v -0.449360 3.644386 -0.573315
v -0.449360 3.644386 -0.573315
v -0.460385 3.601259 -0.500805
v -0.434005 3.542323 -0.445348
v -0.377287 3.483399 -0.421852
v -0.305418 3.440261 -0.436595
v -0.346927 3.507272 -0.589381
v -0.192197 3.440261 -0.555796
v -0.237684 3.424476 -0.485618
v -0.181182 3.483399 -0.628315
v -0.207564 3.542322 -0.683751
v -0.264292 3.601259 -0.707256
v -0.336139 3.644386 -0.692516
v -0.403895 3.660182 -0.643490
v -0.449360 3.644386 -0.573315
v -0.460385 3.601259 -0.500805
v -0.434005 3.542323 -0.445348
v -0.377287 3.483399 -0.421852
v -0.305418 3.440261 -0.436595
v 0.298939 4.069545 0.044063
v 0.400926 4.141828 0.140933
v 0.442465 4.127704 0.076108
v 0.451824 4.089110 0.008654
v 0.426461 4.036391 -0.043373
v 0.373217 3.983674 -0.066010
v 0.306315 3.945078 -0.053210
v 0.243712 3.930955 -0.008393
v 0.202173 3.945078 0.056432
v 0.192832 3.983674 0.123903
v 0.218164 4.036391 0.175927
v 0.271439 4.089110 0.198567
v 0.338322 4.127704 0.185751
v 0.400926 4.141828 0.140933
v 0.522353 4.128422 0.256268
v 0.594316 4.103952 0.143998
v 0.442465 4.127704 0.076108
v 0.610505 4.037109 0.027131
v 0.451824 4.089110 0.008654
v 0.566589 3.945797 -0.062962
v 0.426461 4.036391 -0.043373
v 0.474356 3.854484 -0.102187
v 0.373217 3.983674 -0.066010
v 0.358496 3.787643 -0.079992
v 0.306315 3.945078 -0.053210
v 0.250055 3.763172 -0.002368
v 0.243712 3.930955 -0.008393
v 0.178111 3.787643 0.109921
v 0.202173 3.945078 0.056432
v 0.202173 3.945078 0.056432
v 0.178111 3.787643 0.109921
v 0.161903 3.854484 0.226769
v 0.192832 3.983674 0.123903
v 0.205807 3.945797 0.316876
v 0.218164 4.036391 0.175927
v 0.298052 4.037109 0.356087
v 0.271439 4.089110 0.198567
v 0.413931 4.103952 0.333910
v 0.338322 4.127704 0.185751
v 0.630683 4.032922 0.359164
v 0.713771 4.004663 0.229523
v 0.732471 3.927473 0.094598
v 0.681777 3.822037 -0.009452
v 0.575257 3.716601 -0.054728
v 0.441473 3.639412 -0.029114
v 0.316266 3.611165 0.060521
v 0.233166 3.639424 0.190176
v 0.233166 3.639424 0.190176
v 0.214475 3.716601 0.325110
v 0.265181 3.822037 0.429148
v 0.371689 3.927473 0.474436
v 0.505474 4.004663 0.448822
v 0.696894 3.880914 0.422053
v 0.768839 3.856443 0.309765
v 0.785046 3.789602 0.192916
v 0.741130 3.698289 0.102823
v 0.648897 3.606977 0.063598
v 0.533028 3.540121 0.085784
v 0.424596 3.515664 0.163416
v 0.352643 3.540121 0.275697
v 0.352643 3.540121 0.275697
v 0.336444 3.606977 0.392554
v 0.380348 3.698289 0.482660
v 0.472594 3.789602 0.521872
v 0.588454 3.856443 0.499677
v 0.703237 3.713131 0.428078
v 0.744776 3.699008 0.363253
v 0.754117 3.660412 0.295782
v 0.728773 3.607695 0.243772
v 0.675510 3.554976 0.221118
v 0.608627 3.516382 0.233934
v 0.546024 3.502258 0.278752
v 0.504485 3.516382 0.343577
v 0.504485 3.516382 0.343577
v 0.495125 3.554976 0.411031
v 0.520475 3.607695 0.463072
v 0.573732 3.660412 0.485694
v 0.640634 3.699008 0.472896
v 0.648011 3.574541 0.375622
v 0.744776 3.699008 0.363253
v 0.703237 3.713131 0.428078
v 0.754117 3.660412 0.295782
v 0.728773 3.607695 0.243772
v 0.675510 3.554976 0.221118
v 0.608627 3.516382 0.233934
v 0.546024 3.502258 0.278752
v 0.504485 3.516382 0.343577
v 0.495125 3.554976 0.411031
v 0.520475 3.607695 0.463072
v 0.573732 3.660412 0.485694
v 0.640634 3.699008 0.472896
v -1.125679 4.030163 -0.891012
v -0.890280 4.167372 -0.629730
v -0.678290 4.209576 -0.838106
v -0.920840 4.076493 -1.079641
v -1.360807 3.647707 -1.262366
v -1.149513 3.715698 -1.460977
v -1.459016 3.393119 -1.460286
v -1.255096 3.470694 -1.652671
v -1.423347 3.113075 -1.847804
v -1.575479 3.050364 -1.713826
v -1.541086 3.151583 -1.638964
v -1.378786 3.207796 -1.796125
v -1.575089 2.593959 -1.920286
v -1.471467 2.760195 -1.994033
v -0.606844 4.126988 -0.409481
v -0.750605 4.041839 -0.316428
v -0.370230 4.038630 -0.071687
v -0.141187 4.060662 -0.047667
v -1.256850 3.895923 -0.679668
v -0.988665 4.043827 -0.469601
v -1.508149 3.522840 -1.035370
v -1.606707 3.281385 -1.235557
v -1.679185 2.975750 -1.543902
v -1.661103 3.052014 -1.466959
v -1.680544 2.646779 -1.746258
v -1.328430 3.680201 -0.455975
v -1.114146 3.860858 -0.299657
v -1.449412 3.587304 -0.769336
v -1.580109 3.381725 -0.842166
v -1.702740 3.135725 -0.986224
v -1.736656 2.886064 -1.345078
v -1.731875 2.920804 -1.295799
v -1.729850 2.790226 -1.479589
v -0.600128 3.964082 -0.116754
v -0.893328 3.907365 -0.225280
v -1.353602 3.129635 -1.884256
v -1.376016 2.906283 -1.989540
v -1.292814 3.143867 -1.915912
v -1.227610 3.157588 -1.950843
v -1.262717 3.095316 -1.965080
v -1.326426 3.210824 -1.832295
v -0.885540 3.727648 -1.636821
v -0.944516 3.618759 -1.728392
v -1.039363 3.679777 -1.583835
v -0.759288 4.053669 -1.186738
v -0.712950 3.964372 -1.345752
v -0.770236 4.111155 -1.046041
v -0.494682 4.112561 -0.949421
v -0.596152 4.068008 -1.139117
v -0.463146 4.200082 -0.616417
v -0.392397 4.112005 -0.735484
v -0.212067 4.123456 -0.258707
v -0.434537 4.165524 -0.536793
v -0.473432 4.151940 -0.497177
v -0.279501 4.134600 -0.495757
v -0.356390 4.175869 -0.640465
v -0.678577 4.190940 -0.834714
v -0.883927 4.149832 -0.633020
v -1.114480 4.015141 -0.888254
v -0.914367 4.060198 -1.072433
v -1.347441 3.635704 -1.256355
v -1.139950 3.702139 -1.451818
v -1.444967 3.382578 -1.453178
v -1.244122 3.458903 -1.642690
v -1.411827 3.104101 -1.835742
v -1.364517 3.204161 -1.781299
v -1.520552 3.160688 -1.617345
v -1.560788 3.042588 -1.704732
v -1.560193 2.588711 -1.909801
v -1.456658 2.754034 -1.983958
v -0.979642 4.029073 -0.477334
v -0.516071 4.097039 -0.347053
v -0.562734 4.023265 -0.204448
v -1.242718 3.883669 -0.682672
v -1.492209 3.512748 -1.033666
v -1.590178 3.272850 -1.231905
v -1.662038 2.969573 -1.538723
v -1.640831 3.059032 -1.448220
v -1.664542 2.642261 -1.737180
v -1.102496 3.847216 -0.305762
v -1.313467 3.669615 -0.460781
v -1.493107 3.428541 -0.695629
v -1.433101 3.577960 -0.771663
v -1.563447 3.372721 -0.842549
v -1.629692 3.240343 -0.878956
v -1.718650 2.880857 -1.342242
v -1.714136 2.914590 -1.293434
v -1.714136 2.914591 -1.293433
v -1.711737 2.786819 -1.475210
v -0.903570 3.935887 -0.315178
v -0.593349 3.949569 -0.126875
v -0.886907 3.892297 -0.234785
v -1.365826 2.898926 -1.975368
v -1.344336 3.120075 -1.870793
v -1.253375 3.086822 -1.950953
v -1.218227 3.149914 -1.936279
v -1.282677 3.134662 -1.902809
v -1.317363 3.199763 -1.819857
v -1.031108 3.666743 -1.572830
v -0.936608 3.605375 -1.717556
v -0.878353 3.713312 -1.626730
v -1.008599 3.707746 -1.539636
v -0.754751 4.037922 -1.177217
v -0.708563 3.948875 -1.335766
v -0.769455 4.093684 -1.038742
v -0.398889 4.094480 -0.732343
v -0.465057 4.181314 -0.618086
v -0.499193 4.095139 -0.943466
v -0.472271 4.133527 -0.501531
v -0.283561 4.116127 -0.494592
v -0.209049 4.105621 -0.264362
v -0.399022 4.140141 -0.495126
v -1.456658 2.754034 -1.983958
v -1.560193 2.588711 -1.909801
v -1.575089 2.593959 -1.920286
v -1.471467 2.760195 -1.994033
v -0.367301 4.020556 -0.076516
v -0.138307 4.042811 -0.053370
v -0.141187 4.060662 -0.047667
v -0.370230 4.038630 -0.071687
v -1.560193 2.588711 -1.909801
v -1.664542 2.642261 -1.737180
v -1.680544 2.646779 -1.746258
v -1.575089 2.593959 -1.920286
v -1.313467 3.669615 -0.460781
v -1.102496 3.847216 -0.305762
v -1.114146 3.860858 -0.299657
v -1.328430 3.680201 -0.455975
v -1.433101 3.577960 -0.771663
v -1.493107 3.428541 -0.695629
v -1.509591 3.437100 -0.691815
v -1.449412 3.587304 -0.769336
v -1.493107 3.428541 -0.695629
v -1.509591 3.437100 -0.691815
v -1.563447 3.372721 -0.842549
v -1.433101 3.577960 -0.771663
v -1.449412 3.587304 -0.769336
v -1.580109 3.381725 -0.842166
v -1.685501 3.128065 -0.984484
v -1.629692 3.240343 -0.878956
v -1.646633 3.248836 -0.879034
v -1.702740 3.135725 -0.986224
v -1.656968 3.103764 -1.211038
v -1.702022 3.004881 -1.162753
v -1.719557 3.011445 -1.165662
v -1.674552 3.110327 -1.213708
v -1.702022 3.004881 -1.162753
v -1.719557 3.011445 -1.165662
v -1.718650 2.880857 -1.342242
v -1.714136 2.914590 -1.293434
v -1.731875 2.920804 -1.295799
v -1.736656 2.886064 -1.345078
v -1.674552 3.110327 -1.213708
v -1.674552 3.110327 -1.213708
v -1.714136 2.914590 -1.293434
v -1.714136 2.914591 -1.293433
v -1.714136 2.914591 -1.293433
v -1.656968 3.103764 -1.211038
v -1.711737 2.786819 -1.475210
v -1.729850 2.790226 -1.479589
v -0.903570 3.935887 -0.315178
v -0.910158 3.950038 -0.304441
v -0.593349 3.949569 -0.126875
v -0.600128 3.964082 -0.116754
v -0.886907 3.892297 -0.234785
v -0.893328 3.907365 -0.225280
v -0.903570 3.935887 -0.315178
v -0.886907 3.892297 -0.234785
v -0.893328 3.907365 -0.225280
v -0.910158 3.950038 -0.304441
v -1.365826 2.898926 -1.975368
v -1.376016 2.906283 -1.989540
v -1.344336 3.120075 -1.870793
v -1.353602 3.129635 -1.884256
v -1.218227 3.149914 -1.936279
v -1.253375 3.086822 -1.950953
v -1.262717 3.095316 -1.965080
v -1.227610 3.157588 -1.950843
v -1.253375 3.086822 -1.950953
v -1.282677 3.134662 -1.902809
v -1.292814 3.143867 -1.915912
v -1.262717 3.095316 -1.965080
v -1.118216 3.302635 -1.924513
v -1.129045 3.313261 -1.935862
v -1.317363 3.199763 -1.819857
v -1.326426 3.210824 -1.832295
v -1.317363 3.199763 -1.819857
v -1.326426 3.210824 -1.832295
v -1.035225 3.493289 -1.778798
v -1.044350 3.505882 -1.789617
v -0.878353 3.713312 -1.626730
v -0.936608 3.605375 -1.717556
v -0.944516 3.618759 -1.728392
v -0.885540 3.727648 -1.636821
v -0.936608 3.605375 -1.717556
v -1.031108 3.666743 -1.572830
v -1.039363 3.679777 -1.583835
v -0.944516 3.618759 -1.728392
v -1.031108 3.666743 -1.572830
v -1.039363 3.679777 -1.583835
v -0.708563 3.948875 -1.335766
v -0.712950 3.964372 -1.345752
v -0.754751 4.037922 -1.177217
v -0.759288 4.053669 -1.186738
v -0.769455 4.093684 -1.038742
v -0.770236 4.111155 -1.046041
v -0.499193 4.095139 -0.943466
v -0.597888 4.049873 -1.133904
v -0.596152 4.068008 -1.139117
v -0.494682 4.112561 -0.949421
v -0.597888 4.049873 -1.133904
v -0.769455 4.093684 -1.038742
v -0.770236 4.111155 -1.046041
v -0.596152 4.068008 -1.139117
v -0.398889 4.094480 -0.732343
v -0.392397 4.112005 -0.735484
v -0.465057 4.181314 -0.618086
v -0.398889 4.094480 -0.732343
v -0.392397 4.112005 -0.735484
v -0.463146 4.200082 -0.616417
v -0.472271 4.133527 -0.501531
v -0.473432 4.151940 -0.497177
v -0.138307 4.042811 -0.053370
v -0.209049 4.105621 -0.264362
v -0.212067 4.123456 -0.258707
v -0.141187 4.060662 -0.047667
v -0.435020 4.146694 -0.538865
v -0.472271 4.133527 -0.501531
v -0.473432 4.151940 -0.497177
v -0.434537 4.165524 -0.536793
v -0.283561 4.116127 -0.494592
v -0.279501 4.134600 -0.495757
v -0.360931 4.157736 -0.637432
v -0.356390 4.175869 -0.640465
v -0.360931 4.157736 -0.637432
v -0.356390 4.175869 -0.640465
v -0.677805 4.137092 -0.464628
v -0.823559 4.042439 -0.363356
v -0.910158 3.950038 -0.304441
v -1.509591 3.437100 -0.691815
v -1.044350 3.505882 -1.789617
v -1.646633 3.248836 -0.879034
v -1.674552 3.110327 -1.213708
v -1.129045 3.313261 -1.935862
v -1.719557 3.011445 -1.165662
v -0.435020 4.146694 -0.538865
v -0.360931 4.157736 -0.637432
v -0.138307 4.042811 -0.053370
v -0.367301 4.020556 -0.076516
v -0.597888 4.049873 -1.133904
v -1.035225 3.493289 -1.778798
v -1.118216 3.302635 -1.924513
v -1.685501 3.128065 -0.984484
v -1.702022 3.004881 -1.162753
v -1.656968 3.103764 -1.211038
v 0.361183 4.506637 -1.202906
v 0.172016 4.509159 -0.876227
v 0.428512 4.544235 -0.724159
v 0.596282 4.542582 -1.050853
v 0.691142 4.302056 -1.637346
v 0.934286 4.358975 -1.475028
v 0.883608 4.138548 -1.860626
v 1.117093 4.204839 -1.700302
v 1.300263 3.962773 -2.019871
v 1.135753 3.911144 -2.143536
v 1.061291 3.978295 -2.059994
v 1.251757 4.026880 -1.935229
v 1.399248 3.535549 -2.344595
v 1.475856 3.681736 -2.215868
v 0.064166 4.343388 -0.573951
v -0.055981 4.278658 -0.707953
v -0.161147 4.116254 -0.299106
v -0.113012 4.071069 -0.077383
v 0.142253 4.363793 -1.310432
v 0.009843 4.380283 -0.963840
v 0.450925 4.168355 -1.752468
v 0.643362 4.017760 -1.972418
v 0.955139 3.826947 -2.217631
v 0.877339 3.874556 -2.156436
v 1.194529 3.569765 -2.378018
v -0.056345 4.126275 -1.386858
v -0.161048 4.200600 -1.092751
v 0.211523 4.147979 -1.608745
v 0.269125 4.008057 -1.813084
v 0.402083 3.845749 -2.041744
v 0.764805 3.709495 -2.246976
v 0.714969 3.728609 -2.218538
v 0.907428 3.651222 -2.306893
v -0.181777 4.117794 -0.544074
v -0.166371 4.168079 -0.857456
v 1.354265 3.968935 -1.960593
v 1.479876 3.792072 -2.080656
v 1.401237 3.974086 -1.908971
v 1.452796 3.978415 -1.854345
v 1.464389 3.932945 -1.910113
v 1.301958 4.024889 -1.896069
v 1.181885 4.344245 -1.276969
v 1.265175 4.280443 -1.389702
v 1.090140 4.326769 -1.418518
v 0.751981 4.505290 -0.939249
v 0.929236 4.448790 -0.967466
v 0.608187 4.527343 -0.893896
v 0.606757 4.432950 -0.617561
v 0.757994 4.464372 -0.773783
v 0.292476 4.424804 -0.473662
v 0.440131 4.353259 -0.468869
v 0.051422 4.199946 -0.176656
v 0.232717 4.365522 -0.438025
v 0.185278 4.353299 -0.467439
v 0.249259 4.286080 -0.296261
v 0.353150 4.380176 -0.390647
v 0.428126 4.526071 -0.729559
v 0.179863 4.491932 -0.876974
v 0.364538 4.488998 -1.196845
v 0.594156 4.523916 -1.048354
v 0.691698 4.285887 -1.627496
v 0.930933 4.341581 -1.468320
v 0.883123 4.123294 -1.849408
v 1.113131 4.188516 -1.691521
v 1.294121 3.948415 -2.009138
v 1.243082 4.016129 -1.919566
v 1.046322 3.976139 -2.032735
v 1.133189 3.897814 -2.130316
v 1.395078 3.524197 -2.330022
v 1.472180 3.669642 -2.201755
v 0.022273 4.366050 -0.962408
v 0.039830 4.276402 -0.484775
v -0.096989 4.184777 -0.513834
v 0.151515 4.349386 -1.302314
v 0.456048 4.154343 -1.740779
v 0.646599 4.004576 -1.959187
v 0.956800 3.815422 -2.202669
v 0.865302 3.871215 -2.130845
v 1.191925 3.559141 -2.362542
v -0.149467 4.186318 -1.088152
v -0.045392 4.113655 -1.377919
v 0.153165 3.993114 -1.680567
v 0.220425 4.135558 -1.597530
v 0.276257 3.995391 -1.800934
v 0.309330 3.898042 -1.913491
v 0.768779 3.699235 -2.231545
v 0.719442 3.717583 -2.203792
v 0.719442 3.717583 -2.203792
v 0.909710 3.642228 -2.290363
v -0.090151 4.219421 -0.881014
v -0.167907 4.104949 -0.545245
v -0.153078 4.154655 -0.858954
v 1.471075 3.779060 -2.070058
v 1.346160 3.954275 -1.951744
v 1.455528 3.919116 -1.900676
v 1.443409 3.965229 -1.844492
v 1.393710 3.959635 -1.899305
v 1.294982 4.009153 -1.888153
v 1.084542 4.309749 -1.412354
v 1.259683 4.263226 -1.384012
v 1.177001 4.326515 -1.272436
v 1.054480 4.334012 -1.369964
v 0.746997 4.487072 -0.937719
v 0.923734 4.430725 -0.965880
v 0.604326 4.509035 -0.896935
v 0.437806 4.337821 -0.479595
v 0.296320 4.408178 -0.481897
v 0.602430 4.416408 -0.625748
v 0.192559 4.336882 -0.473473
v 0.249727 4.269614 -0.305628
v 0.060450 4.183908 -0.181149
v 0.209216 4.322342 -0.403032
v 1.472180 3.669642 -2.201755
v 1.395078 3.524197 -2.330022
v 1.399248 3.535549 -2.344595
v 1.475856 3.681736 -2.215868
v -0.152898 4.099785 -0.303545
v -0.103994 4.055058 -0.082002
v -0.113012 4.071069 -0.077383
v -0.161147 4.116254 -0.299106
v 1.395078 3.524197 -2.330022
v 1.191925 3.559141 -2.362542
v 1.194529 3.569765 -2.378018
v 1.399248 3.535549 -2.344595
v -0.045392 4.113655 -1.377919
v -0.149467 4.186318 -1.088152
v -0.161048 4.200600 -1.092751
v -0.056345 4.126275 -1.386858
v 0.220425 4.135558 -1.597530
v 0.153165 3.993114 -1.680567
v 0.142957 4.004467 -1.691780
v 0.211523 4.147979 -1.608745
v 0.153165 3.993114 -1.680567
v 0.142957 4.004467 -1.691780
v 0.276257 3.995391 -1.800934
v 0.220425 4.135558 -1.597530
v 0.211523 4.147979 -1.608745
v 0.269125 4.008057 -1.813084
v 0.407205 3.833664 -2.028081
v 0.309330 3.898042 -1.913491
v 0.302630 3.910421 -1.926169
v 0.402083 3.845749 -2.041744
v 0.631706 3.859055 -2.069139
v 0.587386 3.766683 -2.129475
v 0.583419 3.778102 -2.144050
v 0.627511 3.870431 -2.083702
v 0.587386 3.766683 -2.129475
v 0.583419 3.778102 -2.144050
v 0.768779 3.699235 -2.231545
v 0.719442 3.717583 -2.203792
v 0.714969 3.728609 -2.218538
v 0.764805 3.709495 -2.246976
v 0.627511 3.870431 -2.083702
v 0.627511 3.870431 -2.083702
v 0.719442 3.717583 -2.203792
v 0.719442 3.717583 -2.203792
v 0.719442 3.717583 -2.203792
v 0.631706 3.859055 -2.069139
v 0.909710 3.642228 -2.290363
v 0.907428 3.651222 -2.306893
v -0.090151 4.219421 -0.881014
v -0.104492 4.231722 -0.879629
v -0.167907 4.104949 -0.545245
v -0.181777 4.117794 -0.544074
v -0.153078 4.154655 -0.858954
v -0.166371 4.168079 -0.857456
v -0.090151 4.219421 -0.881014
v -0.153078 4.154655 -0.858954
v -0.166371 4.168079 -0.857456
v -0.104492 4.231722 -0.879629
v 1.471075 3.779060 -2.070058
v 1.479876 3.792072 -2.080656
v 1.346160 3.954275 -1.951744
v 1.354265 3.968935 -1.960593
v 1.443409 3.965229 -1.844492
v 1.455528 3.919116 -1.900676
v 1.464389 3.932945 -1.910113
v 1.452796 3.978415 -1.854345
v 1.455528 3.919116 -1.900676
v 1.393710 3.959635 -1.899305
v 1.401237 3.974086 -1.908971
v 1.464389 3.932945 -1.910113
v 1.441095 4.078780 -1.701081
v 1.446557 4.094320 -1.710460
v 1.294982 4.009153 -1.888153
v 1.301958 4.024889 -1.896069
v 1.294982 4.009153 -1.888153
v 1.301958 4.024889 -1.896069
v 1.302356 4.199368 -1.525931
v 1.307562 4.216171 -1.532992
v 1.177001 4.326515 -1.272436
v 1.259683 4.263226 -1.384012
v 1.265175 4.280443 -1.389702
v 1.181885 4.344245 -1.276969
v 1.259683 4.263226 -1.384012
v 1.084542 4.309749 -1.412354
v 1.090140 4.326769 -1.418518
v 1.265175 4.280443 -1.389702
v 1.084542 4.309749 -1.412354
v 1.090140 4.326769 -1.418518
v 0.923734 4.430725 -0.965880
v 0.929236 4.448790 -0.967466
v 0.746997 4.487072 -0.937719
v 0.751981 4.505290 -0.939249
v 0.604326 4.509035 -0.896935
v 0.608187 4.527343 -0.893896
v 0.602430 4.416408 -0.625748
v 0.755365 4.446608 -0.779865
v 0.757994 4.464372 -0.773783
v 0.606757 4.432950 -0.617561
v 0.755365 4.446608 -0.779865
v 0.604326 4.509035 -0.896935
v 0.608187 4.527343 -0.893896
v 0.757994 4.464372 -0.773783
v 0.437806 4.337821 -0.479595
v 0.440131 4.353259 -0.468869
v 0.296320 4.408178 -0.481897
v 0.437806 4.337821 -0.479595
v 0.440131 4.353259 -0.468869
v 0.292476 4.424804 -0.473662
v 0.192559 4.336882 -0.473473
v 0.185278 4.353299 -0.467439
v -0.103994 4.055058 -0.082002
v 0.060450 4.183908 -0.181149
v 0.051422 4.199946 -0.176656
v -0.113012 4.071069 -0.077383
v 0.237411 4.348590 -0.445096
v 0.192559 4.336882 -0.473473
v 0.185278 4.353299 -0.467439
v 0.232717 4.365522 -0.438025
v 0.249727 4.269614 -0.305628
v 0.249259 4.286080 -0.296261
v 0.351665 4.363682 -0.399857
v 0.353150 4.380176 -0.390647
v 0.351665 4.363682 -0.399857
v 0.353150 4.380176 -0.390647
v 0.091177 4.384889 -0.649645
v -0.035808 4.309795 -0.786365
v -0.104492 4.231722 -0.879629
v 0.142957 4.004467 -1.691780
v 1.307562 4.216171 -1.532992
v 0.302630 3.910421 -1.926169
v 0.627511 3.870431 -2.083702
v 1.446557 4.094320 -1.710460
v 0.583419 3.778102 -2.144050
v 0.237411 4.348590 -0.445096
v 0.351665 4.363682 -0.399857
v -0.103994 4.055058 -0.082002
v -0.152898 4.099785 -0.303545
v 0.755365 4.446608 -0.779865
v 1.302356 4.199368 -1.525931
v 1.441095 4.078780 -1.701081
v 0.407205 3.833664 -2.028081
v 0.587386 3.766683 -2.129475
v 0.631706 3.859055 -2.069139
v 1.058876 4.639287 0.222117
v 0.692382 4.611015 0.136156
v 0.627800 4.539442 0.420494
v 0.987274 4.574114 0.487271
v 1.602717 4.468539 0.342699
v 1.520890 4.418335 0.624654
v 1.898645 4.320311 0.406629
v 1.814096 4.281867 0.682298
v 2.209076 4.086322 0.687239
v 2.279408 4.111437 0.488619
v 2.166968 4.173123 0.464407
v 2.104460 4.138111 0.685927
v 2.610332 3.741196 0.554419
v 2.492273 3.826105 0.704944
v 0.400954 4.410345 0.063389
v 0.497287 4.414153 -0.101799
v 0.106719 4.189820 -0.143207
v -0.077771 4.080705 -0.056130
v 1.110661 4.589499 -0.051260
v 0.741741 4.554556 -0.075868
v 1.653293 4.434704 0.050930
v 1.944112 4.297721 0.119869
v 2.303282 4.098198 0.277783
v 2.213655 4.147980 0.238370
v 2.570145 3.834842 0.370536
v 1.154620 4.438394 -0.328628
v 0.834706 4.463075 -0.323053
v 1.444942 4.443030 -0.135881
v 1.675988 4.347436 -0.182065
v 1.957537 4.217199 -0.173279
v 2.287383 4.045497 0.059034
v 2.241769 4.069387 0.027312
v 2.398401 3.968488 0.154277
v 0.328530 4.256702 -0.225416
v 0.618317 4.376433 -0.276971
v 2.170218 4.063443 0.753828
v 2.350258 3.894920 0.779582
v 2.136397 4.043297 0.811703
v 2.101373 4.020478 0.874257
v 2.164240 3.988688 0.855548
v 2.084434 4.113537 0.741187
v 1.418201 4.291316 0.896811
v 1.560227 4.237602 0.922523
v 1.523434 4.333685 0.770751
v 0.939116 4.471267 0.645989
v 1.031457 4.379095 0.781590
v 0.846926 4.518315 0.534157
v 0.603053 4.362828 0.574488
v 0.792901 4.390927 0.681422
v 0.368463 4.402100 0.323556
v 0.422733 4.295534 0.435997
v 0.048079 4.182376 0.109173
v 0.325056 4.353637 0.259353
v 0.339096 4.361837 0.204570
v 0.210342 4.240405 0.285731
v 0.317448 4.324227 0.386002
v 0.635533 4.523898 0.412877
v 0.698270 4.593060 0.137532
v 1.057032 4.620457 0.221061
v 0.987152 4.556633 0.479967
v 1.596203 4.450868 0.340561
v 1.516225 4.401324 0.617733
v 1.890372 4.303434 0.404197
v 1.807158 4.265514 0.675712
v 2.199300 4.071902 0.679794
v 2.088705 4.126501 0.678645
v 2.137012 4.168323 0.457218
v 2.268296 4.096416 0.485442
v 2.597130 3.728106 0.550758
v 2.479782 3.812305 0.701388
v 0.746615 4.537668 -0.068812
v 0.320204 4.332301 0.042884
v 0.317322 4.289644 -0.118756
v 1.108300 4.571650 -0.045361
v 1.646202 4.417423 0.054112
v 1.934845 4.281336 0.122028
v 2.291625 4.083347 0.279469
v 2.186391 4.141741 0.233031
v 2.556497 3.821810 0.368771
v 0.836365 4.445589 -0.315932
v 1.151763 4.421566 -0.320403
v 1.517118 4.331311 -0.257771
v 1.439266 4.426363 -0.128885
v 1.668911 4.330769 -0.176489
v 1.799743 4.258819 -0.207265
v 2.275845 4.031091 0.063357
v 2.231159 4.054296 0.031665
v 2.231159 4.054296 0.031665
v 2.385106 3.955446 0.157775
v 0.656997 4.410209 -0.197199
v 0.336092 4.241362 -0.217269
v 0.626094 4.360796 -0.269619
v 2.339540 3.882476 0.770121
v 2.161615 4.049708 0.744016
v 2.154697 3.975776 0.845476
v 2.091187 4.008207 0.864024
v 2.127178 4.029419 0.802695
v 2.077225 4.098711 0.731819
v 1.518499 4.317739 0.761771
v 1.555796 4.221582 0.913447
v 1.415124 4.274926 0.887822
v 1.465462 4.337864 0.753340
v 0.938906 4.455177 0.635970
v 1.030979 4.363286 0.771162
v 0.851339 4.502972 0.523942
v 0.434397 4.284361 0.426091
v 0.379965 4.387580 0.319532
v 0.611873 4.350514 0.563082
v 0.349623 4.346086 0.204322
v 0.221782 4.227202 0.278393
v 0.057679 4.166147 0.111026
v 0.291473 4.310890 0.233150
v 2.479782 3.812305 0.701388
v 2.597130 3.728106 0.550758
v 2.610332 3.741196 0.554419
v 2.492273 3.826105 0.704944
v 0.116073 4.173376 -0.142169
v -0.068054 4.064526 -0.054311
v -0.077771 4.080705 -0.056130
v 0.106719 4.189820 -0.143207
v 2.597130 3.728106 0.550758
v 2.556497 3.821810 0.368771
v 2.570145 3.834842 0.370536
v 2.610332 3.741196 0.554419
v 1.151763 4.421566 -0.320403
v 0.836365 4.445589 -0.315932
v 0.834706 4.463075 -0.323053
v 1.154620 4.438394 -0.328628
v 1.439266 4.426363 -0.128885
v 1.517118 4.331311 -0.257771
v 1.522533 4.347334 -0.266323
v 1.444942 4.443030 -0.135881
v 1.517118 4.331311 -0.257771
v 1.522533 4.347334 -0.266323
v 1.668911 4.330769 -0.176489
v 1.439266 4.426363 -0.128885
v 1.444942 4.443030 -0.135881
v 1.675988 4.347436 -0.182065
v 1.948305 4.201226 -0.168960
v 1.799743 4.258819 -0.207265
v 1.807489 4.275249 -0.212665
v 1.957537 4.217199 -0.173279
v 2.055218 4.176314 0.032744
v 2.111517 4.116453 -0.053190
v 2.122102 4.131733 -0.056907
v 2.065702 4.191600 0.028800
v 2.111517 4.116453 -0.053190
v 2.122102 4.131733 -0.056907
v 2.275845 4.031091 0.063357
v 2.231159 4.054296 0.031665
v 2.241769 4.069387 0.027312
v 2.287383 4.045497 0.059034
v 2.065702 4.191600 0.028800
v 2.065702 4.191600 0.028800
v 2.231159 4.054296 0.031665
v 2.231159 4.054296 0.031665
v 2.231159 4.054296 0.031665
v 2.055218 4.176314 0.032744
v 2.385106 3.955446 0.157775
v 2.398401 3.968488 0.154277
v 0.656997 4.410209 -0.197199
v 0.649166 4.425102 -0.205915
v 0.336092 4.241362 -0.217269
v 0.328530 4.256702 -0.225416
v 0.626094 4.360796 -0.269619
v 0.618317 4.376433 -0.276971
v 0.656997 4.410209 -0.197199
v 0.626094 4.360796 -0.269619
v 0.618317 4.376433 -0.276971
v 0.649166 4.425102 -0.205915
v 2.339540 3.882476 0.770121
v 2.350258 3.894920 0.779582
v 2.161615 4.049708 0.744016
v 2.170218 4.063443 0.753828
v 2.091187 4.008207 0.864024
v 2.154697 3.975776 0.845476
v 2.164240 3.988688 0.855548
v 2.101373 4.020478 0.874257
v 2.154697 3.975776 0.845476
v 2.127178 4.029419 0.802695
v 2.136397 4.043297 0.811703
v 2.164240 3.988688 0.855548
v 1.938973 4.079684 0.936070
v 1.947096 4.095050 0.943606
v 2.077225 4.098711 0.731819
v 2.084434 4.113537 0.741187
v 2.077225 4.098711 0.731819
v 2.084434 4.113537 0.741187
v 1.711975 4.185596 0.894573
v 1.717646 4.201645 0.902892
v 1.415124 4.274926 0.887822
v 1.555796 4.221582 0.913447
v 1.560227 4.237602 0.922523
v 1.418201 4.291316 0.896811
v 1.555796 4.221582 0.913447
v 1.518499 4.317739 0.761771
v 1.523434 4.333685 0.770751
v 1.560227 4.237602 0.922523
v 1.518499 4.317739 0.761771
v 1.523434 4.333685 0.770751
v 1.030979 4.363286 0.771162
v 1.031457 4.379095 0.781590
v 0.938906 4.455177 0.635970
v 0.939116 4.471267 0.645989
v 0.851339 4.502972 0.523942
v 0.846926 4.518315 0.534157
v 0.611873 4.350514 0.563082
v 0.800475 4.376529 0.671726
v 0.792901 4.390927 0.681422
v 0.603053 4.362828 0.574488
v 0.800475 4.376529 0.671726
v 0.851339 4.502972 0.523942
v 0.846926 4.518315 0.534157
v 0.792901 4.390927 0.681422
v 0.434397 4.284361 0.426091
v 0.422733 4.295534 0.435997
v 0.379965 4.387580 0.319532
v 0.434397 4.284361 0.426091
v 0.422733 4.295534 0.435997
v 0.368463 4.402100 0.323556
v 0.349623 4.346086 0.204322
v 0.339096 4.361837 0.204570
v -0.068054 4.064526 -0.054311
v 0.057679 4.166147 0.111026
v 0.048079 4.182376 0.109173
v -0.077771 4.080705 -0.056130
v 0.335790 4.338322 0.256307
v 0.349623 4.346086 0.204322
v 0.339096 4.361837 0.204570
v 0.325056 4.353637 0.259353
v 0.221782 4.227202 0.278393
v 0.210342 4.240405 0.285731
v 0.328113 4.311472 0.376911
v 0.317448 4.324227 0.386002
v 0.328113 4.311472 0.376911
v 0.317448 4.324227 0.386002
v 0.473931 4.460594 0.081619
v 0.572198 4.457180 -0.093844
v 0.649166 4.425102 -0.205915
v 1.522533 4.347334 -0.266323
v 1.717646 4.201645 0.902892
v 1.807489 4.275249 -0.212665
v 2.065702 4.191600 0.028800
v 1.947096 4.095050 0.943606
v 2.122102 4.131733 -0.056907
v 0.335790 4.338322 0.256307
v 0.328113 4.311472 0.376911
v -0.068054 4.064526 -0.054311
v 0.116073 4.173376 -0.142169
v 0.800475 4.376529 0.671726
v 1.711975 4.185596 0.894573
v 1.938973 4.079684 0.936070
v 1.948305 4.201226 -0.168960
v 2.111517 4.116453 -0.053190
v 2.055218 4.176314 0.032744
v -0.066844 4.308744 1.271644
v -0.100560 4.399194 0.906696
v -0.375829 4.279558 0.899069
v -0.327454 4.201623 1.254680
v 0.022627 3.977619 1.742618
v -0.259277 3.883031 1.725568
v 0.081443 3.746215 1.980578
v -0.197283 3.664858 1.963233
v -0.044082 3.377836 2.260594
v 0.160183 3.431605 2.280820
v 0.136931 3.524495 2.192161
v -0.084658 3.453864 2.181837
v 0.262922 2.983306 2.479355
v 0.071098 3.056535 2.438706
v -0.095701 4.305868 0.557780
v 0.089053 4.324731 0.603508
v 0.036278 4.227541 0.164923
v -0.087715 4.152529 -0.015424
v 0.212834 4.315724 1.231291
v 0.122081 4.385566 0.877994
v 0.316612 4.004337 1.701532
v 0.367364 3.783529 1.939773
v 0.366797 3.464673 2.243208
v 0.366944 3.544233 2.167500
v 0.407123 3.126316 2.425045
v 0.509381 4.231159 1.150029
v 0.397044 4.336445 0.868465
v 0.422475 4.112352 1.465935
v 0.554996 3.974045 1.633130
v 0.657879 3.776703 1.849425
v 0.574062 3.473232 2.154617
v 0.585257 3.515247 2.112566
v 0.532903 3.348987 2.255571
v 0.174338 4.252148 0.366842
v 0.297542 4.300810 0.655675
v -0.115270 3.350309 2.235240
v -0.055094 3.139608 2.351254
v -0.177112 3.326179 2.213079
v -0.243297 3.298698 2.190165
v -0.200616 3.257159 2.232184
v -0.138918 3.422611 2.170097
v -0.526902 3.724576 1.662184
v -0.496733 3.631014 1.780727
v -0.381780 3.767522 1.738684
v -0.475283 4.079278 1.219081
v -0.557812 3.935853 1.308684
v -0.407927 4.174707 1.121227
v -0.500278 4.083395 0.859684
v -0.543167 4.033803 1.069363
v -0.347842 4.242888 0.593476
v -0.418812 4.101654 0.637748
v -0.217139 4.174049 0.175071
v -0.294413 4.224740 0.521567
v -0.239987 4.242157 0.522682
v -0.338576 4.142532 0.387507
v -0.410580 4.168213 0.538209
v -0.363823 4.264901 0.899090
v -0.097171 4.380566 0.906618
v -0.063534 4.291896 1.263609
v -0.317977 4.187111 1.247009
v 0.025256 3.963360 1.730428
v -0.251679 3.870069 1.714029
v 0.083664 3.733220 1.966976
v -0.190864 3.653014 1.949912
v -0.038078 3.368760 2.245085
v -0.081166 3.448935 2.161843
v 0.134720 3.529619 2.161498
v 0.161882 3.421264 2.265040
v 0.264084 2.975440 2.462161
v 0.072516 3.047810 2.421955
v 0.119676 4.366792 0.878834
v -0.090563 4.259147 0.453751
v 0.066024 4.259696 0.395140
v 0.209334 4.298234 1.224912
v 0.314037 3.989281 1.690324
v 0.364902 3.770128 1.926619
v 0.363757 3.453430 2.228262
v 0.364096 3.546858 2.139280
v 0.406377 3.118159 2.407961
v 0.393634 4.317940 0.866186
v 0.503391 4.214171 1.144140
v 0.576875 4.019063 1.463648
v 0.416679 4.096558 1.457206
v 0.550088 3.958970 1.622757
v 0.632209 3.865133 1.710471
v 0.568531 3.461752 2.140595
v 0.580090 3.502873 2.099177
v 0.580090 3.502873 2.099177
v 0.527357 3.339427 2.240174
v 0.230308 4.302687 0.722589
v 0.171525 4.233847 0.370887
v 0.295602 4.282387 0.659600
v -0.047814 3.133118 2.335003
v -0.106771 3.342150 2.220399
v -0.192294 3.250057 2.216702
v -0.235140 3.292411 2.174268
v -0.169534 3.317818 2.197844
v -0.130217 3.412959 2.156296
v -0.372510 3.756117 1.726697
v -0.487209 3.619419 1.769145
v -0.516973 3.712281 1.651730
v -0.384874 3.790838 1.682753
v -0.463507 4.066768 1.211072
v -0.545775 3.923765 1.300425
v -0.394584 4.161736 1.117627
v -0.404057 4.090606 0.642153
v -0.338115 4.227328 0.598193
v -0.484890 4.072409 0.860734
v -0.233920 4.224749 0.527101
v -0.325970 4.129020 0.391730
v -0.213264 4.155933 0.179026
v -0.274180 4.200032 0.470368
v 0.072516 3.047810 2.421955
v 0.264084 2.975440 2.462161
v 0.262922 2.983306 2.479355
v 0.071098 3.056535 2.438706
v 0.040883 4.209492 0.168379
v -0.083779 4.134459 -0.011342
v -0.087715 4.152529 -0.015424
v 0.036278 4.227541 0.164923
v 0.264084 2.975440 2.462161
v 0.406377 3.118159 2.407961
v 0.407123 3.126316 2.425045
v 0.262922 2.983306 2.479355
v 0.503391 4.214171 1.144140
v 0.393634 4.317940 0.866186
v 0.397044 4.336445 0.868465
v 0.509381 4.231159 1.150029
v 0.416679 4.096558 1.457206
v 0.576875 4.019063 1.463648
v 0.584114 4.034698 1.471525
v 0.422475 4.112352 1.465935
v 0.576875 4.019063 1.463648
v 0.584114 4.034698 1.471525
v 0.550088 3.958970 1.622757
v 0.416679 4.096558 1.457206
v 0.422475 4.112352 1.465935
v 0.554996 3.974045 1.633130
v 0.653322 3.763140 1.837002
v 0.632209 3.865133 1.710471
v 0.637221 3.879762 1.721430
v 0.657879 3.776703 1.849425
v 0.503384 3.662501 1.978849
v 0.611063 3.612962 1.988287
v 0.615586 3.625372 2.001869
v 0.508096 3.675001 1.992288
v 0.611063 3.612962 1.988287
v 0.615586 3.625372 2.001869
v 0.568531 3.461752 2.140595
v 0.580090 3.502873 2.099177
v 0.585257 3.515247 2.112566
v 0.574062 3.473232 2.154617
v 0.508096 3.675001 1.992288
v 0.508096 3.675001 1.992288
v 0.580090 3.502873 2.099177
v 0.580090 3.502873 2.099177
v 0.580090 3.502873 2.099177
v 0.503384 3.662501 1.978849
v 0.527357 3.339427 2.240174
v 0.532903 3.348987 2.255571
v 0.230308 4.302687 0.722589
v 0.233617 4.320775 0.718005
v 0.171525 4.233847 0.370887
v 0.174338 4.252148 0.366842
v 0.295602 4.282387 0.659600
v 0.297542 4.300810 0.655675
v 0.230308 4.302687 0.722589
v 0.295602 4.282387 0.659600
v 0.297542 4.300810 0.655675
v 0.233617 4.320775 0.718005
v -0.047814 3.133118 2.335003
v -0.055094 3.139608 2.351254
v -0.106771 3.342150 2.220399
v -0.115270 3.350309 2.235240
v -0.235140 3.292411 2.174268
v -0.192294 3.250057 2.216702
v -0.200616 3.257159 2.232184
v -0.243297 3.298698 2.190165
v -0.192294 3.250057 2.216702
v -0.169534 3.317818 2.197844
v -0.177112 3.326179 2.213079
v -0.200616 3.257159 2.232184
v -0.362619 3.381257 2.077736
v -0.369421 3.391642 2.092038
v -0.130217 3.412959 2.156296
v -0.138918 3.422611 2.170097
v -0.130217 3.412959 2.156296
v -0.138918 3.422611 2.170097
v -0.413575 3.549640 1.894647
v -0.422001 3.561099 1.907167
v -0.516973 3.712281 1.651730
v -0.487209 3.619419 1.769145
v -0.496733 3.631014 1.780727
v -0.526902 3.724576 1.662184
v -0.487209 3.619419 1.769145
v -0.372510 3.756117 1.726697
v -0.381780 3.767522 1.738684
v -0.496733 3.631014 1.780727
v -0.372510 3.756117 1.726697
v -0.381780 3.767522 1.738684
v -0.545775 3.923765 1.300425
v -0.557812 3.935853 1.308684
v -0.463507 4.066768 1.211072
v -0.475283 4.079278 1.219081
v -0.394584 4.161736 1.117627
v -0.407927 4.174707 1.121227
v -0.484890 4.072409 0.860734
v -0.529424 4.020763 1.069073
v -0.543167 4.033803 1.069363
v -0.500278 4.083395 0.859684
v -0.529424 4.020763 1.069073
v -0.394584 4.161736 1.117627
v -0.407927 4.174707 1.121227
v -0.543167 4.033803 1.069363
v -0.404057 4.090606 0.642153
v -0.418812 4.101654 0.637748
v -0.338115 4.227328 0.598193
v -0.404057 4.090606 0.642153
v -0.418812 4.101654 0.637748
v -0.347842 4.242888 0.593476
v -0.233920 4.224749 0.527101
v -0.239987 4.242157 0.522682
v -0.083779 4.134459 -0.011342
v -0.213264 4.155933 0.179026
v -0.217139 4.174049 0.175071
v -0.087715 4.152529 -0.015424
v -0.285718 4.208376 0.525585
v -0.233920 4.224749 0.527101
v -0.239987 4.242157 0.522682
v -0.294413 4.224740 0.521567
v -0.325970 4.129020 0.391730
v -0.338576 4.142532 0.387507
v -0.396664 4.155749 0.541412
v -0.410580 4.168213 0.538209
v -0.396664 4.155749 0.541412
v -0.410580 4.168213 0.538209
v -0.096924 4.329239 0.645135
v 0.099169 4.343374 0.687616
v 0.233617 4.320775 0.718005
v 0.584114 4.034698 1.471525
v -0.422001 3.561099 1.907167
v 0.637221 3.879762 1.721430
v 0.508096 3.675001 1.992288
v -0.369421 3.391642 2.092038
v 0.615586 3.625372 2.001869
v -0.285718 4.208376 0.525585
v -0.396664 4.155749 0.541412
v -0.083779 4.134459 -0.011342
v 0.040883 4.209492 0.168379
v -0.529424 4.020763 1.069073
v -0.413575 3.549640 1.894647
v -0.362619 3.381257 2.077736
v 0.653322 3.763140 1.837002
v 0.611063 3.612962 1.988287
v 0.503384 3.662501 1.978849
v -0.630406 4.693383 -0.827821
v -0.495395 4.617985 -0.547574
v -0.263700 4.633005 -0.651958
v -0.408812 4.707746 -0.917138
v -0.798681 4.633427 -1.288405
v -0.563441 4.663487 -1.375242
v -0.881806 4.556145 -1.550720
v -0.651355 4.593680 -1.630168
v -0.815441 4.470487 -1.942530
v -0.985826 4.442135 -1.892197
v -0.955121 4.475801 -1.791359
v -0.771975 4.503113 -1.859798
v -1.047300 4.190776 -2.229006
v -0.903108 4.290114 -2.200096
v -0.360234 4.414463 -0.362861
v -0.518262 4.380277 -0.350347
v -0.307996 4.158414 -0.118740
v -0.138188 4.080111 -0.059435
v -0.827502 4.583364 -0.747262
v -0.649871 4.519133 -0.495308
v -1.009969 4.531042 -1.194921
v -1.089145 4.463708 -1.453590
v -1.133992 4.376081 -1.813580
v -1.122802 4.397952 -1.723758
v -1.163583 4.212326 -2.095629
v -1.005757 4.390661 -0.682442
v -0.843557 4.386211 -0.464041
v -1.027900 4.470131 -0.966211
v -1.159312 4.399728 -1.121942
v -1.274394 4.320659 -1.344971
v -1.260302 4.273160 -1.713426
v -1.262011 4.279952 -1.662623
v -1.241058 4.246471 -1.849665
v -0.486345 4.207275 -0.214938
v -0.688262 4.312157 -0.359207
v -0.748044 4.467209 -1.952371
v -0.793748 4.354018 -2.123528
v -0.689391 4.464157 -1.960938
v -0.626611 4.460145 -1.971485
v -0.665391 4.434677 -2.012305
v -0.721304 4.496902 -1.877442
v -0.310788 4.627843 -1.460819
v -0.356950 4.603325 -1.580482
v -0.454326 4.635816 -1.463728
v -0.262494 4.664899 -0.981432
v -0.204670 4.635577 -1.127212
v -0.297029 4.664644 -0.856929
v -0.119661 4.531819 -0.746451
v -0.150989 4.598616 -0.917505
v -0.171624 4.476071 -0.463376
v -0.107134 4.425890 -0.576033
v -0.111332 4.216452 -0.197844
v -0.183295 4.416396 -0.415318
v -0.227806 4.409157 -0.397543
v -0.088100 4.323889 -0.375831
v -0.091289 4.426757 -0.475511
v -0.269948 4.619144 -0.657139
v -0.494400 4.604479 -0.556234
v -0.626927 4.677903 -0.830340
v -0.410536 4.691772 -0.917616
v -0.793725 4.618212 -1.287012
v -0.562684 4.647640 -1.372733
v -0.876287 4.541335 -1.547823
v -0.649311 4.578253 -1.626123
v -0.812855 4.456152 -1.935740
v -0.766727 4.490589 -1.848426
v -0.943761 4.467623 -1.768948
v -0.979668 4.428378 -1.886637
v -1.040720 4.178271 -2.221380
v -0.896710 4.277119 -2.193141
v -0.644811 4.507948 -0.505681
v -0.319142 4.340042 -0.316571
v -0.416351 4.261720 -0.249371
v -0.819366 4.570513 -0.752434
v -1.001295 4.517538 -1.195525
v -1.080209 4.450449 -1.452042
v -1.124395 4.363748 -1.809880
v -1.111362 4.389321 -1.704322
v -1.155544 4.200341 -2.088567
v -0.836711 4.374315 -0.472381
v -0.996013 4.379225 -0.688124
v -1.125336 4.353476 -0.983511
v -1.017543 4.458271 -0.969382
v -1.149173 4.387356 -1.123514
v -1.223536 4.331990 -1.213574
v -1.249104 4.261909 -1.710909
v -1.251152 4.268241 -1.660895
v -1.251152 4.268241 -1.660895
v -1.229749 4.235931 -1.845267
v -0.661438 4.363968 -0.414589
v -0.482191 4.197842 -0.227270
v -0.684702 4.302285 -0.371370
v -0.792331 4.340642 -2.114735
v -0.747720 4.452874 -1.945127
v -0.664915 4.420860 -2.004139
v -0.626020 4.446733 -1.962647
v -0.688218 4.449872 -1.953693
v -0.721222 4.481938 -1.871588
v -0.454966 4.620245 -1.459848
v -0.357888 4.587686 -1.576909
v -0.312302 4.612051 -1.458281
v -0.436974 4.629766 -1.415679
v -0.266180 4.649299 -0.980274
v -0.208532 4.620062 -1.125629
v -0.303325 4.649971 -0.858626
v -0.117641 4.415202 -0.581812
v -0.177628 4.464291 -0.472520
v -0.129512 4.519585 -0.749870
v -0.230601 4.397348 -0.408066
v -0.096463 4.312266 -0.383102
v -0.112208 4.204746 -0.208823
v -0.176036 4.372416 -0.390212
v -0.896710 4.277119 -2.193141
v -1.040720 4.178271 -2.221380
v -1.047300 4.190776 -2.229006
v -0.903108 4.290114 -2.200096
v -0.309250 4.146294 -0.129211
v -0.139160 4.068472 -0.070471
v -0.138188 4.080111 -0.059435
v -0.307996 4.158414 -0.118740
v -1.040720 4.178271 -2.221380
v -1.155544 4.200341 -2.088567
v -1.163583 4.212326 -2.095629
v -1.047300 4.190776 -2.229006
v -0.996013 4.379225 -0.688124
v -0.836711 4.374315 -0.472381
v -0.843557 4.386211 -0.464041
v -1.005757 4.390661 -0.682442
v -1.017543 4.458271 -0.969382
v -1.125336 4.353476 -0.983511
v -1.136458 4.364394 -0.979600
v -1.027900 4.470131 -0.966211
v -1.125336 4.353476 -0.983511
v -1.136458 4.364394 -0.979600
v -1.149173 4.387356 -1.123514
v -1.017543 4.458271 -0.969382
v -1.027900 4.470131 -0.966211
v -1.159312 4.399728 -1.121942
v -1.264112 4.308328 -1.344353
v -1.223536 4.331990 -1.213574
v -1.233871 4.344269 -1.212599
v -1.274394 4.320659 -1.344971
v -1.181933 4.351897 -1.515401
v -1.256640 4.285199 -1.527006
v -1.267077 4.297241 -1.528961
v -1.192484 4.363883 -1.517193
v -1.256640 4.285199 -1.527006
v -1.267077 4.297241 -1.528961
v -1.249104 4.261909 -1.710909
v -1.251152 4.268241 -1.660895
v -1.262011 4.279952 -1.662623
v -1.260302 4.273160 -1.713426
v -1.192484 4.363883 -1.517193
v -1.192484 4.363883 -1.517193
v -1.251152 4.268241 -1.660895
v -1.251152 4.268241 -1.660895
v -1.251152 4.268241 -1.660895
v -1.181933 4.351897 -1.515401
v -1.229749 4.235931 -1.845267
v -1.241058 4.246471 -1.849665
v -0.661438 4.363968 -0.414589
v -0.665746 4.372868 -0.401928
v -0.482191 4.197842 -0.227270
v -0.486345 4.207275 -0.214938
v -0.684702 4.302285 -0.371370
v -0.688262 4.312157 -0.359207
v -0.661438 4.363968 -0.414589
v -0.684702 4.302285 -0.371370
v -0.688262 4.312157 -0.359207
v -0.665746 4.372868 -0.401928
v -0.792331 4.340642 -2.114735
v -0.793748 4.354018 -2.123528
v -0.747720 4.452874 -1.945127
v -0.748044 4.467209 -1.952371
v -0.626020 4.446733 -1.962647
v -0.664915 4.420860 -2.004139
v -0.665391 4.434677 -2.012305
v -0.626611 4.460145 -1.971485
v -0.664915 4.420860 -2.004139
v -0.688218 4.449872 -1.953693
v -0.689391 4.464157 -1.960938
v -0.665391 4.434677 -2.012305
v -0.513613 4.511223 -1.877404
v -0.515450 4.526218 -1.882902
v -0.721222 4.481938 -1.871588
v -0.721304 4.496902 -1.877442
v -0.721222 4.481938 -1.871588
v -0.721304 4.496902 -1.877442
v -0.443554 4.566339 -1.681443
v -0.443746 4.581887 -1.685504
v -0.312302 4.612051 -1.458281
v -0.357888 4.587686 -1.576909
v -0.356950 4.603325 -1.580482
v -0.310788 4.627843 -1.460819
v -0.357888 4.587686 -1.576909
v -0.454966 4.620245 -1.459848
v -0.454326 4.635816 -1.463728
v -0.356950 4.603325 -1.580482
v -0.454966 4.620245 -1.459848
v -0.454326 4.635816 -1.463728
v -0.208532 4.620062 -1.125629
v -0.204670 4.635577 -1.127212
v -0.266180 4.649299 -0.980274
v -0.262494 4.664899 -0.981432
v -0.303325 4.649971 -0.858626
v -0.297029 4.664644 -0.856929
v -0.129512 4.519585 -0.749870
v -0.158727 4.585072 -0.921350
v -0.150989 4.598616 -0.917505
v -0.119661 4.531819 -0.746451
v -0.158727 4.585072 -0.921350
v -0.303325 4.649971 -0.858626
v -0.297029 4.664644 -0.856929
v -0.150989 4.598616 -0.917505
v -0.117641 4.415202 -0.581812
v -0.107134 4.425890 -0.576033
v -0.177628 4.464291 -0.472520
v -0.117641 4.415202 -0.581812
v -0.107134 4.425890 -0.576033
v -0.171624 4.476071 -0.463376
v -0.230601 4.397348 -0.408066
v -0.227806 4.409157 -0.397543
v -0.139160 4.068472 -0.070471
v -0.112208 4.204746 -0.208823
v -0.111332 4.216452 -0.197844
v -0.138188 4.080111 -0.059435
v -0.188131 4.404188 -0.424585
v -0.230601 4.397348 -0.408066
v -0.227806 4.409157 -0.397543
v -0.183295 4.416396 -0.415318
v -0.096463 4.312266 -0.383102
v -0.088100 4.323889 -0.375831
v -0.100485 4.414947 -0.481348
v -0.091289 4.426757 -0.475511
v -0.100485 4.414947 -0.481348
v -0.091289 4.426757 -0.475511
v -0.394074 4.465424 -0.409114
v -0.558595 4.422819 -0.394768
v -0.665746 4.372868 -0.401928
v -1.136458 4.364394 -0.979600
v -0.443746 4.581887 -1.685504
v -1.233871 4.344269 -1.212599
v -1.192484 4.363883 -1.517193
v -0.515450 4.526218 -1.882902
v -1.267077 4.297241 -1.528961
v -0.188131 4.404188 -0.424585
v -0.100485 4.414947 -0.481348
v -0.139160 4.068472 -0.070471
v -0.309250 4.146294 -0.129211
v -0.158727 4.585072 -0.921350
v -0.443554 4.566339 -1.681443
v -0.513613 4.511223 -1.877404
v -1.264112 4.308328 -1.344353
v -1.256640 4.285199 -1.527006
v -1.181933 4.351897 -1.515401
v 0.418496 4.633296 0.673623
v 0.233407 4.576061 0.447349
v 0.071654 4.490576 0.597877
v 0.260327 4.553492 0.808632
v 0.725991 4.553573 1.005948
v 0.551604 4.482905 1.146739
v 0.901811 4.467379 1.185977
v 0.726994 4.406032 1.321452
v 0.998481 4.299109 1.510724
v 1.130674 4.342394 1.417523
v 1.063081 4.379298 1.349142
v 0.926576 4.327434 1.460594
v 1.358404 4.087631 1.616190
v 1.203297 4.128122 1.655967
v 0.113093 4.392513 0.265492
v 0.249036 4.419580 0.205802
v 0.055634 4.203794 -0.002548
v -0.084553 4.090973 -0.033281
v 0.584105 4.622186 0.524644
v 0.370086 4.554633 0.336203
v 0.897139 4.556180 0.844657
v 1.065866 4.477724 1.025425
v 1.244860 4.351510 1.294968
v 1.200204 4.383006 1.227710
v 1.405246 4.170279 1.480200
v 0.760784 4.531793 0.369947
v 0.555105 4.513801 0.223371
v 0.852273 4.553493 0.628372
v 1.031147 4.509422 0.707848
v 1.220965 4.439905 0.846052
v 1.343393 4.326050 1.148953
v 1.326256 4.341866 1.107319
v 1.379390 4.271465 1.261810
v 0.222791 4.287692 0.048962
v 0.410812 4.418022 0.151568
v 0.946637 4.271617 1.534855
v 1.070578 4.159363 1.636417
v 0.901572 4.247517 1.555825
v 0.853996 4.220834 1.579212
v 0.906296 4.204824 1.596958
v 0.891965 4.301669 1.486379
v 0.379413 4.350967 1.271909
v 0.463661 4.323526 1.355091
v 0.497457 4.405902 1.241058
v 0.171241 4.455544 0.887257
v 0.179044 4.383842 1.017045
v 0.158836 4.490333 0.772834
v 0.009631 4.338394 0.684824
v 0.074790 4.373557 0.841575
v -0.026286 4.361798 0.415395
v -0.029535 4.276376 0.512696
v -0.096567 4.171328 0.130153
v -0.016956 4.324251 0.354524
v 0.015989 4.336565 0.326301
v -0.084981 4.221061 0.318018
v -0.076135 4.290526 0.431473
v 0.082163 4.480004 0.596729
v 0.238955 4.562682 0.451072
v 0.420450 4.618541 0.672166
v 0.266066 4.540490 0.804017
v 0.725381 4.539282 1.001608
v 0.554271 4.469707 1.140246
v 0.900120 4.453507 1.180631
v 0.727971 4.393036 1.314096
v 0.997819 4.287369 1.501473
v 0.921723 4.317174 1.448633
v 1.048385 4.372714 1.330553
v 1.127309 4.329702 1.410375
v 1.353666 4.076240 1.607739
v 1.199076 4.116256 1.647909
v 0.372214 4.541528 0.343061
v 0.083043 4.324247 0.214969
v 0.161898 4.303564 0.111248
v 0.582408 4.607582 0.527361
v 0.893644 4.541693 0.843436
v 1.061378 4.463759 1.022513
v 1.238880 4.338508 1.290650
v 1.186530 4.375464 1.211560
v 1.399361 4.158739 1.472749
v 0.555276 4.499845 0.228742
v 0.757556 4.517755 0.373915
v 0.969221 4.484652 0.585384
v 0.847820 4.539351 0.630231
v 1.026474 4.495221 0.708141
v 1.132378 4.456806 0.750300
v 1.336197 4.313197 1.146359
v 1.319718 4.328604 1.105166
v 1.319718 4.328604 1.105166
v 1.371286 4.259521 1.257854
v 0.393375 4.442391 0.220164
v 0.225862 4.276001 0.057761
v 0.414442 4.406193 0.159943
v 1.069986 4.149208 1.625456
v 0.947708 4.260736 1.524670
v 0.906788 4.194501 1.586165
v 0.854060 4.210942 1.567991
v 0.901918 4.236381 1.545854
v 0.893850 4.290075 1.477131
v 0.500749 4.393663 1.233130
v 0.467323 4.311279 1.347324
v 0.383935 4.338593 1.264853
v 0.468743 4.403870 1.202813
v 0.177984 4.443828 0.880877
v 0.185771 4.372340 1.010283
v 0.168452 4.479739 0.768495
v -0.016119 4.269821 0.511928
v -0.015217 4.352170 0.418301
v 0.022117 4.330748 0.681780
v 0.024866 4.325566 0.331154
v -0.072592 4.212697 0.318779
v -0.089169 4.159669 0.135902
v -0.019845 4.289277 0.322351
v 1.199076 4.116256 1.647909
v 1.353666 4.076240 1.607739
v 1.358404 4.087631 1.616190
v 1.203297 4.128122 1.655967
v 0.063304 4.192009 0.002563
v -0.077080 4.079391 -0.027492
v -0.084553 4.090973 -0.033281
v 0.055634 4.203794 -0.002548
v 1.353666 4.076240 1.607739
v 1.399361 4.158739 1.472749
v 1.405246 4.170279 1.480200
v 1.358404 4.087631 1.616190
v 0.757556 4.517755 0.373915
v 0.555276 4.499845 0.228742
v 0.555105 4.513801 0.223371
v 0.760784 4.531793 0.369947
v 0.847820 4.539351 0.630231
v 0.969221 4.484652 0.585384
v 0.974322 4.498384 0.582431
v 0.852273 4.553493 0.628372
v 0.969221 4.484652 0.585384
v 0.974322 4.498384 0.582431
v 1.026474 4.495221 0.708141
v 0.847820 4.539351 0.630231
v 0.852273 4.553493 0.628372
v 1.031147 4.509422 0.707848
v 1.215424 4.426095 0.844534
v 1.132378 4.456806 0.750300
v 1.137432 4.470860 0.750426
v 1.220965 4.439905 0.846052
v 1.192407 4.403077 1.022784
v 1.275612 4.369841 0.994928
v 1.281803 4.383213 0.997461
v 1.198643 4.416470 1.025116
v 1.275612 4.369841 0.994928
v 1.281803 4.383213 0.997461
v 1.336197 4.313197 1.146359
v 1.319718 4.328604 1.105166
v 1.326256 4.341866 1.107319
v 1.343393 4.326050 1.148953
v 1.198643 4.416470 1.025116
v 1.198643 4.416470 1.025116
v 1.319718 4.328604 1.105166
v 1.319718 4.328604 1.105166
v 1.319718 4.328604 1.105166
v 1.192407 4.403077 1.022784
v 1.371286 4.259521 1.257854
v 1.379390 4.271465 1.261810
v 0.393375 4.442391 0.220164
v 0.390439 4.453741 0.210886
v 0.225862 4.276001 0.057761
v 0.222791 4.287692 0.048962
v 0.414442 4.406193 0.159943
v 0.410812 4.418022 0.151568
v 0.393375 4.442391 0.220164
v 0.414442 4.406193 0.159943
v 0.410812 4.418022 0.151568
v 0.390439 4.453741 0.210886
v 1.069986 4.149208 1.625456
v 1.070578 4.159363 1.636417
v 0.947708 4.260736 1.524670
v 0.946637 4.271617 1.534855
v 0.854060 4.210942 1.567991
v 0.906788 4.194501 1.586165
v 0.906296 4.204824 1.596958
v 0.853996 4.220834 1.579212
v 0.906788 4.194501 1.586165
v 0.901918 4.236381 1.545854
v 0.901572 4.247517 1.555825
v 0.906296 4.204824 1.596958
v 0.715808 4.243287 1.542009
v 0.715235 4.255548 1.550535
v 0.893850 4.290075 1.477131
v 0.891965 4.301669 1.486379
v 0.893850 4.290075 1.477131
v 0.891965 4.301669 1.486379
v 0.578541 4.302747 1.408742
v 0.575993 4.315213 1.416601
v 0.383935 4.338593 1.264853
v 0.467323 4.311279 1.347324
v 0.463661 4.323526 1.355091
v 0.379413 4.350967 1.271909
v 0.467323 4.311279 1.347324
v 0.500749 4.393663 1.233130
v 0.497457 4.405902 1.241058
v 0.463661 4.323526 1.355091
v 0.500749 4.393663 1.233130
v 0.497457 4.405902 1.241058
v 0.185771 4.372340 1.010283
v 0.179044 4.383842 1.017045
v 0.177984 4.443828 0.880877
v 0.171241 4.455544 0.887257
v 0.168452 4.479739 0.768495
v 0.158836 4.490333 0.772834
v 0.022117 4.330748 0.681780
v 0.086019 4.364012 0.839030
v 0.074790 4.373557 0.841575
v 0.009631 4.338394 0.684824
v 0.086019 4.364012 0.839030
v 0.168452 4.479739 0.768495
v 0.158836 4.490333 0.772834
v 0.074790 4.373557 0.841575
v -0.016119 4.269821 0.511928
v -0.029535 4.276376 0.512696
v -0.015217 4.352170 0.418301
v -0.016119 4.269821 0.511928
v -0.029535 4.276376 0.512696
v -0.026286 4.361798 0.415395
v 0.024866 4.325566 0.331154
v 0.015989 4.336565 0.326301
v -0.077080 4.079391 -0.027492
v -0.089169 4.159669 0.135902
v -0.096567 4.171328 0.130153
v -0.084553 4.090973 -0.033281
v -0.006707 4.313837 0.357692
v 0.024866 4.325566 0.331154
v 0.015989 4.336565 0.326301
v -0.016956 4.324251 0.354524
v -0.072592 4.212697 0.318779
v -0.084981 4.221061 0.318018
v -0.063508 4.282571 0.430766
v -0.076135 4.290526 0.431473
v -0.063508 4.282571 0.430766
v -0.076135 4.290526 0.431473
v 0.143219 4.438472 0.311029
v 0.286134 4.460973 0.245769
v 0.390439 4.453741 0.210886
v 0.974322 4.498384 0.582431
v 0.575993 4.315213 1.416601
v 1.137432 4.470860 0.750426
v 1.198643 4.416470 1.025116
v 0.715235 4.255548 1.550535
v 1.281803 4.383213 0.997461
v -0.006707 4.313837 0.357692
v -0.063508 4.282571 0.430766
v -0.077080 4.079391 -0.027492
v 0.063304 4.192009 0.002563
v 0.086019 4.364012 0.839030
v 0.578541 4.302747 1.408742
v 0.715808 4.243287 1.542009
v 1.215424 4.426095 0.844534
v 1.275612 4.369841 0.994928
v 1.192407 4.403077 1.022784
v -0.383255 3.761561 0.121392
v -0.374252 3.909372 0.129944
v -0.322501 3.890798 0.081289
v -0.278783 3.840063 0.051208
v -0.254834 3.770732 0.047752
v -0.257045 3.701422 0.071855
v -0.284846 3.650666 0.117055
v -0.330776 3.632091 0.171239
v -0.382526 3.650666 0.219894
v -0.426236 3.701422 0.249982
v -0.450205 3.770732 0.253443
v -0.447974 3.840063 0.229335
v -0.420181 3.890798 0.184128
v -0.374252 3.909372 0.129944
v -0.306167 4.035920 0.194613
v -0.216519 4.003759 0.110348
v -0.322501 3.890798 0.081289
v -0.140808 3.915854 0.058225
v -0.278783 3.840063 0.051208
v -0.099322 3.795788 0.052252
v -0.254834 3.770732 0.047752
v -0.103154 3.675722 0.093990
v -0.257045 3.701422 0.071855
v -0.151306 3.587838 0.172290
v -0.284846 3.650666 0.117055
v -0.230858 3.555656 0.266144
v -0.330776 3.632091 0.171239
v -0.320497 3.587838 0.350417
v -0.382526 3.650666 0.219894
v -0.382526 3.650666 0.219894
v -0.320497 3.587838 0.350417
v -0.396216 3.675722 0.402532
v -0.426236 3.701422 0.249982
v -0.437715 3.795788 0.408518
v -0.450205 3.770732 0.253443
v -0.433871 3.915854 0.366767
v -0.447974 3.840063 0.229335
v -0.385710 4.003759 0.288475
v -0.420181 3.890798 0.184128
v -0.197245 4.107296 0.298070
v -0.093733 4.070152 0.200772
v -0.006305 3.968660 0.140602
v 0.041614 3.830020 0.133686
v 0.037171 3.691380 0.181897
v -0.018423 3.589888 0.272303
v -0.110282 3.552739 0.380671
v -0.213806 3.589883 0.477982
v -0.213806 3.589883 0.477982
v -0.301222 3.691380 0.538163
v -0.349129 3.830020 0.545067
v -0.344698 3.968660 0.496868
v -0.289104 4.070152 0.406462
v -0.076669 4.104379 0.412597
v 0.012970 4.072197 0.328324
v 0.088690 3.984313 0.276209
v 0.130176 3.864247 0.270236
v 0.126344 3.744181 0.311974
v 0.078196 3.656281 0.390277
v -0.001360 3.624115 0.484128
v -0.090996 3.656281 0.568405
v -0.090996 3.656281 0.568405
v -0.166719 3.744181 0.620516
v -0.208217 3.864247 0.626502
v -0.204373 3.984313 0.584751
v -0.156221 4.072197 0.506452
v 0.023249 4.027944 0.507502
v 0.074999 4.009369 0.458847
v 0.118710 3.958613 0.428759
v 0.142666 3.889303 0.425311
v 0.140447 3.819973 0.449406
v 0.112654 3.769238 0.494613
v 0.066725 3.750663 0.548797
v 0.014974 3.769238 0.597452
v 0.014974 3.769238 0.597452
v -0.028744 3.819973 0.627533
v -0.052705 3.889303 0.631001
v -0.050482 3.958613 0.606886
v -0.022680 4.009369 0.561686
v 0.075728 3.898474 0.557349
v 0.074999 4.009369 0.458847
v 0.023249 4.027944 0.507502
v 0.118710 3.958613 0.428759
v 0.142666 3.889303 0.425311
v 0.140447 3.819973 0.449406
v 0.112654 3.769238 0.494613
v 0.066725 3.750663 0.548797
v 0.014974 3.769238 0.597452
v -0.028744 3.819973 0.627533
v -0.052705 3.889303 0.631001
v -0.050482 3.958613 0.606886
v -0.022680 4.009369 0.561686
vn -0.3995 0.8435 0.3590
vn -0.3049 -0.0000 0.9524
vn 0.9479 -0.0000 0.3186
vn 0.2344 -0.0000 -0.9721
vn -0.9329 -0.0000 -0.3600
vn 0.3683 0.8558 0.3633
vn 0.2786 -0.0000 0.9604
vn -0.2571 -0.0000 -0.9664
vn -0.3805 0.8239 -0.4201
vn 0.9231 -0.0000 -0.3845
vn -0.9548 -0.0000 0.2973
vn 0.3504 0.8349 -0.4245
vn -0.2301 0.5114 0.8280
vn 0.2345 0.5398 0.8085
vn 0.7808 0.5670 0.2625
vn 0.7582 0.5704 -0.3158
vn 0.2020 0.5072 -0.8378
vn -0.2226 0.5007 -0.8365
vn -0.7929 0.5143 -0.3269
vn -0.8305 0.4956 0.2541
vn -0.1788 0.6447 0.7433
vn 0.2355 0.5721 0.7856
vn 0.7071 0.6716 0.2213
vn 0.6332 0.7250 -0.2709
vn 0.1696 0.6925 -0.7012
vn -0.1851 0.6961 -0.6937
vn -0.5822 0.7606 -0.2872
vn -0.6270 0.7596 0.1729
vn -0.3181 -0.0468 0.9469
vn 0.2909 -0.0461 0.9556
vn 0.9491 -0.0729 0.3064
vn 0.9264 -0.1014 -0.3627
vn 0.2453 -0.1180 -0.9623
vn -0.2689 -0.1182 -0.9559
vn -0.9357 -0.0969 -0.3393
vn -0.9557 -0.0701 0.2859
vn -0.1972 0.8103 0.5519
vn 0.1807 0.8094 0.5587
vn 0.5910 0.7915 0.1559
vn 0.5744 0.7762 -0.2599
vn 0.1616 0.7268 -0.6676
vn -0.1766 0.7289 -0.6615
vn -0.5950 0.7638 -0.2502
vn -0.6111 0.7775 0.1485
vn -0.3183 -0.0401 0.9471
vn 0.2911 -0.0394 0.9559
vn 0.9496 -0.0662 0.3063
vn 0.9269 -0.0947 -0.3632
vn 0.2454 -0.1120 -0.9629
vn -0.2690 -0.1121 -0.9566
vn -0.9362 -0.0905 -0.3397
vn -0.9562 -0.0637 0.2858
vn -0.1742 0.8588 0.4817
vn 0.1598 0.8581 0.4879
vn 0.5226 0.8423 0.1319
vn 0.5076 0.8287 -0.2356
vn 0.1441 0.7862 -0.6010
vn -0.1574 0.7880 -0.5953
vn -0.5277 0.8183 -0.2278
vn -0.5424 0.8306 0.1259
vn -0.3191 0.0818 0.9442
vn 0.2919 0.0825 0.9529
vn 0.9526 0.0264 0.3032
vn 0.9298 -0.0321 -0.3668
vn 0.2459 -0.0850 -0.9656
vn -0.2696 -0.0844 -0.9593
vn -0.9388 -0.0301 -0.3430
vn -0.9589 0.0246 0.2828
vn -0.3135 -0.0976 0.9446
vn 0.2867 -0.0960 0.9532
vn 0.9356 -0.1581 0.3158
vn 0.9130 -0.2240 -0.3410
vn 0.2424 -0.2642 -0.9335
vn -0.2657 -0.2645 -0.9271
vn -0.9232 -0.2143 -0.3190
vn -0.9432 -0.1522 0.2954
vn -0.1737 0.8856 0.4308
vn 0.1593 0.8852 0.4371
vn 0.5210 0.8495 0.0836
vn 0.5061 0.8153 -0.2815
vn 0.1437 0.7524 -0.6429
vn -0.1569 0.7545 -0.6373
vn -0.5261 0.8054 -0.2731
vn -0.5408 0.8375 0.0783
vn -0.3176 0.0744 0.9453
vn 0.2904 0.0751 0.9540
vn 0.9521 0.0210 0.3050
vn 0.9292 -0.0218 -0.3689
vn 0.2449 -0.0532 -0.9681
vn -0.2685 -0.0529 -0.9618
vn -0.9384 -0.0204 -0.3451
vn -0.9585 0.0196 0.2844
vn -0.3132 -0.2634 0.9124
vn 0.2865 -0.2633 0.9212
vn 0.9347 -0.2146 0.2832
vn 0.9122 -0.1665 -0.3745
vn 0.2422 -0.1036 -0.9647
vn -0.2655 -0.1050 -0.9584
vn -0.9224 -0.1605 -0.3512
vn -0.9424 -0.2051 0.2642
vn -0.0354 0.9832 0.1791
vn 0.0325 0.9830 0.1805
vn 0.1063 0.9884 0.1083
vn 0.1030 0.9941 0.0338
vn 0.0302 0.9986 -0.0442
vn -0.0329 0.9985 -0.0428
vn -0.1085 0.9935 0.0348
vn -0.1118 0.9879 0.1074
vn -0.3162 -0.2086 0.9255
vn 0.2892 -0.2087 0.9342
vn 0.9435 -0.1598 0.2902
vn 0.9209 -0.1108 -0.3738
vn 0.2441 -0.0527 -0.9683
vn -0.2676 -0.0539 -0.9620
vn -0.9306 -0.1070 -0.3501
vn -0.9506 -0.1524 0.2705
vn -0.1747 0.8144 0.5534
vn 0.1603 0.8131 0.5597
vn 0.3911 0.9058 0.1628
vn 0.1554 0.9876 -0.0205
vn 0.0036 0.9996 0.0274
vn -0.0039 0.9996 0.0275
vn -0.1635 0.9864 -0.0190
vn -0.4083 0.8990 0.1584
vn -0.3177 -0.1002 0.9429
vn 0.2906 -0.0998 0.9516
vn 0.9479 -0.0991 0.3027
vn 0.9252 -0.0995 -0.3662
vn 0.2450 -0.0895 -0.9654
vn -0.2686 -0.0900 -0.9590
vn -0.9346 -0.0955 -0.3427
vn -0.9546 -0.0949 0.2824
vn -0.2401 0.6588 0.7130
vn 0.2200 0.6572 0.7209
vn 0.7352 0.6358 0.2351
vn 0.7318 0.6171 -0.2893
vn 0.2049 0.5540 -0.8069
vn -0.2240 0.5572 -0.7996
vn -0.7490 0.6031 -0.2743
vn -0.7519 0.6205 0.2227
vn -0.3193 -0.0004 0.9477
vn 0.2920 -0.0004 0.9564
vn 0.9526 -0.0001 0.3042
vn 0.9298 0.0002 -0.3680
vn 0.2460 0.0004 -0.9693
vn -0.2697 0.0004 -0.9629
vn -0.9389 0.0002 -0.3442
vn -0.9589 -0.0001 0.2837
vn -0.5308 0.7852 0.3189
vn -0.1972 0.9724 0.1249
vn -0.4224 0.8564 -0.2968
vn -0.6757 0.7371 0.0124
vn -0.6820 0.5983 0.4207
vn -0.7891 0.5912 0.1669
vn -0.7270 0.5123 0.4572
vn -0.8272 0.5023 0.2519
vn -0.8987 0.3315 0.2871
vn -0.7947 0.3489 0.4967
vn -0.7341 0.4942 0.4657
vn -0.8575 0.4505 0.2485
vn -0.8294 0.2019 0.5210
vn -0.8203 0.2544 0.5122
vn 0.0068 0.9998 -0.0202
vn 0.1349 0.9660 0.2205
vn 0.0514 0.9977 0.0448
vn -0.0046 0.9996 -0.0292
vn -0.2660 0.7711 0.5785
vn 0.0100 0.9291 0.3698
vn -0.4931 0.5987 0.6312
vn -0.5749 0.4923 0.6536
vn -0.6249 0.3566 0.6945
vn -0.5838 0.4605 0.6687
vn -0.7704 0.1990 0.6057
vn -0.1705 0.7261 0.6661
vn -0.0954 0.8710 0.4820
vn -0.2958 0.6339 0.7147
vn -0.3904 0.5864 0.7097
vn -0.4833 0.4888 0.7263
vn -0.5186 0.3629 0.7742
vn -0.5099 0.4134 0.7544
vn -0.5672 0.2413 0.7874
vn 0.1975 0.9362 0.2909
vn 0.1594 0.9389 0.3052
vn -0.9364 0.3176 0.1493
vn -0.9543 0.2039 0.2187
vn -0.9237 0.3573 0.1384
vn -0.9337 0.2957 0.2017
vn -0.9544 0.2544 0.1564
vn -0.9000 0.3943 0.1860
vn -0.7956 0.6049 0.0338
vn -0.8395 0.5393 0.0667
vn -0.8481 0.5227 0.0865
vn -0.7327 0.6650 -0.1446
vn -0.7841 0.6183 -0.0533
vn -0.6040 0.7440 -0.2856
vn -0.4297 0.7275 -0.5349
vn -0.4697 0.7914 -0.3911
vn -0.2044 0.9199 -0.3346
vn -0.3639 0.6532 -0.6640
vn -0.0260 0.9997 -0.0043
vn -0.0831 0.9678 -0.2375
vn -0.0130 0.9935 -0.1132
vn -0.1533 0.9041 -0.3988
vn -0.0243 0.9487 -0.3153
vn 0.4178 -0.8573 0.3007
vn 0.1918 -0.9728 -0.1301
vn 0.5310 -0.7848 -0.3195
vn 0.6807 -0.7325 -0.0084
vn 0.6821 -0.5980 -0.4208
vn 0.7894 -0.5898 -0.1701
vn 0.7269 -0.5125 -0.4571
vn 0.8273 -0.5023 -0.2514
vn 0.8991 -0.3314 -0.2859
vn 0.8582 -0.4502 -0.2467
vn 0.7338 -0.4947 -0.4656
vn 0.7947 -0.3488 -0.4969
vn 0.8294 -0.2012 -0.5211
vn 0.8213 -0.2528 -0.5114
vn -0.0121 -0.9322 -0.3618
vn 0.0085 -0.9999 0.0077
vn -0.1219 -0.9713 -0.2041
vn 0.2658 -0.7706 -0.5793
vn 0.4928 -0.5984 -0.6317
vn 0.5745 -0.4930 -0.6534
vn 0.6245 -0.3567 -0.6948
vn 0.5850 -0.4599 -0.6680
vn 0.7706 -0.1984 -0.6056
vn 0.0935 -0.8712 -0.4820
vn 0.1703 -0.7258 -0.6665
vn 0.2156 -0.6212 -0.7534
vn 0.2952 -0.6334 -0.7153
vn 0.3899 -0.5862 -0.7102
vn 0.4100 -0.5555 -0.7234
vn 0.5181 -0.3639 -0.7740
vn 0.4850 -0.4511 -0.7492
vn -0.7146 0.5967 0.3651
vn -0.3940 -0.8878 0.2378
vn -0.0000 1.0000 -0.0000
vn 0.5659 -0.2411 -0.7884
vn -0.2098 -0.9309 -0.2991
vn -0.2001 -0.9325 -0.3007
vn -0.1389 -0.9574 -0.2532
vn 0.9557 -0.2041 -0.2120
vn 0.9368 -0.3174 -0.1469
vn 0.9545 -0.2540 -0.1560
vn 0.9336 -0.2952 -0.2029
vn 0.9239 -0.3557 -0.1411
vn 0.9006 -0.3940 -0.1837
vn 0.8486 -0.5219 -0.0864
vn 0.8396 -0.5391 -0.0671
vn 0.8047 -0.5929 -0.0299
vn 0.8060 -0.5906 -0.0389
vn 0.7514 -0.6505 0.1109
vn 0.7678 -0.6291 0.1216
vn 0.6045 -0.7427 0.2881
vn 0.3679 -0.6441 0.6706
vn 0.1983 -0.9621 0.1873
vn 0.4304 -0.7256 0.5369
vn 0.0788 -0.9931 0.0873
vn 0.1604 -0.9004 0.4045
vn 0.0385 -0.9938 0.1041
vn 0.1524 -0.9512 0.2683
vn -0.5202 -0.6975 -0.4928
vn -0.4367 -0.8154 -0.3802
vn -0.4387 -0.8148 -0.3791
vn -0.5091 -0.7099 -0.4867
vn 0.9088 0.0699 0.4114
vn 0.9226 0.0235 0.3851
vn 0.9225 0.0259 0.3852
vn 0.9113 0.0623 0.4071
vn 0.1800 -0.7910 0.5848
vn 0.3259 -0.6979 0.6378
vn 0.3172 -0.7025 0.6371
vn 0.1768 -0.7905 0.5864
vn 0.8252 -0.2634 0.4997
vn 0.9347 -0.0964 0.3421
vn 0.9284 -0.0999 0.3579
vn 0.8264 -0.2639 0.4974
vn -0.8250 -0.5456 0.1475
vn -0.8394 -0.5122 0.1819
vn -0.8384 -0.5146 0.1794
vn -0.8238 -0.5481 0.1448
vn 0.8097 -0.3163 0.4943
vn 0.8100 -0.3170 0.4933
vn 0.9061 0.1022 0.4105
vn 0.9329 0.0295 0.3590
vn 0.9315 0.0320 0.3622
vn 0.9051 0.1040 0.4122
vn 0.6589 -0.3451 0.6684
vn 0.8494 -0.0576 0.5246
vn 0.8485 -0.0566 0.5261
vn 0.6581 -0.3453 0.6691
vn -0.7162 -0.6891 -0.1104
vn -0.7102 -0.6943 -0.1168
vn -0.7108 -0.6937 -0.1161
vn -0.7167 -0.6887 -0.1099
vn 0.5768 -0.4610 0.6743
vn 0.5775 -0.4614 0.6735
vn 0.6026 -0.4948 0.6261
vn 0.7590 -0.2289 0.6096
vn 0.7512 -0.2332 0.6175
vn 0.6057 -0.4951 0.6229
vn 0.8303 0.0361 0.5561
vn 0.2746 -0.6703 -0.6894
vn 0.2192 0.9370 -0.2719
vn 0.8303 0.0362 0.5562
vn 0.9184 -0.0299 0.3946
vn 0.8297 0.0365 0.5570
vn 0.5726 -0.5722 0.5871
vn 0.5707 -0.5721 0.5890
vn 0.9653 -0.2443 0.0925
vn 0.9680 -0.2313 0.0971
vn 0.8628 -0.2749 0.4242
vn 0.8615 -0.2820 0.4223
vn 0.8152 -0.2571 0.5190
vn 0.8154 -0.2558 0.5194
vn -0.2117 -0.2430 0.9466
vn -0.2131 -0.2205 0.9518
vn -0.2129 -0.2238 0.9511
vn -0.2115 -0.2465 0.9458
vn -0.2916 -0.4303 -0.8543
vn -0.2815 -0.4347 -0.8555
vn -0.2197 -0.2026 -0.9543
vn -0.2198 -0.2028 -0.9542
vn -0.2591 -0.6213 -0.7395
vn -0.2763 -0.5582 -0.7823
vn -0.2726 -0.5600 -0.7823
vn -0.2639 -0.6194 -0.7394
vn 0.0412 -0.4140 0.9093
vn 0.0566 -0.4014 0.9142
vn 0.0603 -0.4025 0.9134
vn 0.0385 -0.4142 0.9094
vn -0.4109 -0.4120 -0.8133
vn -0.4153 -0.4089 -0.8126
vn -0.2441 -0.2411 -0.9393
vn -0.2457 -0.2400 -0.9391
vn -0.0286 -0.3665 0.9300
vn -0.0183 -0.3692 0.9292
vn -0.2011 -0.0686 -0.9772
vn -0.1989 -0.0703 -0.9775
vn -0.2359 -0.2727 -0.9327
vn -0.2552 -0.2820 -0.9248
vn -0.2546 -0.2825 -0.9249
vn -0.2344 -0.2746 -0.9326
vn -0.2823 -0.5419 0.7916
vn -0.2597 -0.5537 0.7912
vn -0.2613 -0.5528 0.7913
vn -0.2843 -0.5408 0.7917
vn -0.0626 0.0677 -0.9957
vn -0.0607 0.0663 -0.9959
vn 0.0881 -0.0807 -0.9928
vn 0.0896 -0.0819 -0.9926
vn 0.2662 0.1449 -0.9530
vn 0.2736 0.1403 -0.9515
vn 0.3421 -0.0624 -0.9376
vn 0.3510 -0.0767 -0.9332
vn 0.0109 -0.5847 -0.8112
vn -0.0348 -0.4603 -0.8871
vn -0.0315 -0.4672 -0.8836
vn 0.0140 -0.5876 -0.8090
vn -0.8734 -0.3848 0.2985
vn -0.7858 -0.4966 0.3686
vn -0.7922 -0.4897 0.3643
vn -0.8782 -0.3774 0.2938
vn 0.0050 -0.6123 -0.7906
vn 0.0052 -0.6133 -0.7898
vn 0.6384 -0.1540 -0.7542
vn 0.8407 -0.1008 -0.5320
vn 0.8396 -0.0985 -0.5342
vn 0.5921 -0.1609 -0.7897
vn 0.4000 -0.1005 -0.9110
vn 0.4031 -0.0849 -0.9112
vn 0.0186 -0.0094 -0.9998
vn 0.0147 -0.0131 -0.9998
vn 0.0138 -0.0029 -0.9999
vn 0.0186 -0.0096 -0.9998
vn -0.8530 -0.0026 0.5219
vn -0.8830 -0.0002 0.4693
vn -0.8821 -0.0044 0.4710
vn -0.8490 -0.0019 0.5283
vn -0.0213 -0.4762 -0.8791
vn -0.0382 -0.4677 -0.8831
vn -0.1375 -0.5615 -0.8160
vn -0.1373 -0.5564 -0.8195
vn -0.8232 0.0254 0.5672
vn -0.8234 0.0265 0.5668
vn 0.0214 0.9998 0.0005
vn 0.1629 0.9572 0.2392
vn 0.1891 0.9339 0.3033
vn -0.2155 0.6216 0.7531
vn -0.8488 0.5104 0.1381
vn -0.4108 0.5553 0.7231
vn -0.5298 0.4173 0.7384
vn -0.8826 0.4112 0.2279
vn -0.5290 0.4173 0.7389
vn 0.0797 -0.9695 0.2316
vn 0.0194 -0.9512 0.3081
vn -0.0125 -0.9993 0.0346
vn -0.0499 -0.9977 -0.0458
vn 0.4708 -0.7903 0.3921
vn 0.8488 -0.5105 -0.1375
vn 0.8824 -0.4121 -0.2271
vn 0.4831 -0.4886 -0.7266
vn 0.5292 -0.4171 -0.7389
vn 0.5186 -0.4208 -0.7443
vn 0.4697 -0.4748 -0.7443
vn 0.5198 0.6972 0.4937
vn 0.7157 0.1599 0.6798
vn 0.8744 0.2150 0.4350
vn 0.9129 0.3655 0.1819
vn 0.8208 0.5711 -0.0115
vn 0.6229 0.7767 -0.0935
vn 0.3722 0.9272 -0.0420
vn 0.1358 0.9823 0.1290
vn -0.0229 0.9272 0.3738
vn -0.0613 0.7767 0.6269
vn 0.0307 0.5711 0.8203
vn 0.2286 0.3655 0.9023
vn 0.4794 0.2150 0.8509
vn 0.6832 -0.3351 0.6489
vn 0.9313 -0.2489 0.2659
vn 0.9915 -0.0135 -0.1298
vn 0.8475 0.3081 -0.4323
vn 0.5379 0.6296 -0.5606
vn 0.3722 0.9272 -0.0421
vn 0.1458 0.8650 -0.4801
vn -0.2239 0.9511 -0.2126
vn -0.4720 0.8650 0.1703
vn -0.5322 0.6296 0.5660
vn -0.3882 0.3080 0.8686
vn 0.2287 0.3655 0.9023
vn -0.0787 -0.0135 0.9968
vn 0.3134 -0.2489 0.9164
vn 0.5055 -0.7169 0.4801
vn 0.7821 -0.6208 0.0533
vn 0.8492 -0.3584 -0.3879
vn 0.6887 -0.0000 -0.7251
vn 0.3437 0.3584 -0.8680
vn -0.0935 0.6208 -0.7784
vn -0.5055 0.7169 -0.4802
vn -0.7821 0.6208 -0.0533
vn -0.8492 0.3584 0.3879
vn -0.6887 -0.0000 0.7251
vn -0.3437 -0.3584 0.8680
vn 0.0934 -0.6208 0.7784
vn 0.2239 -0.9511 0.2126
vn 0.4720 -0.8650 -0.1703
vn 0.5321 -0.6296 -0.5661
vn 0.3882 -0.3080 -0.8686
vn 0.0786 0.0135 -0.9968
vn -0.3135 0.2489 -0.9164
vn -0.6832 0.3351 -0.6489
vn -0.9313 0.2489 -0.2659
vn -0.9914 0.0136 0.1298
vn -0.8475 -0.3080 0.4323
vn -0.5380 -0.6296 0.5606
vn -0.1458 -0.8650 0.4801
vn -0.1358 -0.9823 -0.1290
vn 0.0229 -0.9272 -0.3738
vn 0.0613 -0.7767 -0.6269
vn -0.0307 -0.5711 -0.8203
vn -0.2286 -0.3655 -0.9023
vn -0.4794 -0.2150 -0.8509
vn -0.7157 -0.1599 -0.6798
vn -0.8744 -0.2150 -0.4350
vn -0.9129 -0.3655 -0.1820
vn -0.8208 -0.5711 0.0115
vn -0.6229 -0.7767 0.0935
vn -0.3722 -0.9272 0.0420
vn -0.5198 -0.6972 -0.4937
vn -0.0308 -0.5711 -0.8203
vn -0.9129 -0.3655 -0.1819
vn -0.3722 -0.9272 0.0421
vn -0.1160 0.9871 -0.1101
vn 0.0416 0.9336 -0.3560
vn 0.0771 0.7872 -0.6119
vn -0.0190 0.5872 -0.8092
vn -0.2211 0.3873 -0.8951
vn -0.4748 0.2409 -0.8465
vn -0.7122 0.1873 -0.6765
vn -0.8698 0.2409 -0.4306
vn -0.9053 0.3873 -0.1747
vn -0.8091 0.5872 0.0226
vn -0.6071 0.7872 0.1085
vn -0.3534 0.9336 0.0599
vn -0.1159 0.9871 -0.1101
vn 0.2429 0.9422 0.2308
vn 0.4894 0.8584 -0.1538
vn 0.5449 0.6294 -0.5540
vn -0.0191 0.5872 -0.8092
vn 0.3945 0.3167 -0.8626
vn -0.2210 0.3872 -0.8951
vn 0.0786 0.0040 -0.9969
vn -0.3182 -0.2250 -0.9209
vn -0.6896 -0.3088 -0.6550
vn -0.9361 -0.2250 -0.2705
vn -0.9916 0.0040 0.1297
vn -0.8412 0.3167 0.4383
vn -0.5253 0.6295 0.5726
vn -0.1284 0.8584 0.4967
vn 0.7945 0.6038 0.0650
vn 0.8563 0.3486 -0.3811
vn 0.3365 -0.3486 -0.8748
vn -0.1058 -0.6038 -0.7901
vn -0.7945 -0.6038 -0.0650
vn -0.8563 -0.3486 0.3811
vn -0.3365 0.3486 0.8748
vn 0.1058 0.6038 0.7901
vn 0.6896 0.3088 0.6550
vn 0.9361 0.2250 0.2704
vn 0.9915 -0.0040 -0.1297
vn 0.8412 -0.3167 -0.4383
vn 0.5253 -0.6294 -0.5726
vn 0.1284 -0.8584 -0.4966
vn -0.2430 -0.9422 -0.2308
vn -0.4894 -0.8584 0.1538
vn -0.5448 -0.6295 0.5540
vn -0.3945 -0.3167 0.8626
vn -0.0785 -0.0040 0.9969
vn 0.3183 0.2249 0.9209
vn 0.7122 -0.1873 0.6765
vn 0.8698 -0.2409 0.4306
vn 0.9053 -0.3873 0.1747
vn 0.8091 -0.5872 -0.0226
vn 0.6071 -0.7872 -0.1085
vn 0.3534 -0.9336 -0.0599
vn 0.1159 -0.9871 0.1101
vn -0.0417 -0.9336 0.3560
vn -0.0416 -0.9336 0.3560
vn -0.0771 -0.7872 0.6119
vn 0.0191 -0.5872 0.8092
vn 0.2211 -0.3873 0.8951
vn 0.4748 -0.2409 0.8465
vn 0.5055 -0.7169 0.4802
vn 0.6071 -0.7872 -0.1084
vn 0.3534 -0.9335 -0.0599
vn 0.1160 -0.9871 0.1101
vn -0.5907 0.7936 -0.1457
vn -0.3307 0.9287 0.1675
vn 0.0082 0.9827 -0.1849
vn -0.3439 0.8617 -0.3731
vn -0.7056 0.6337 -0.3171
vn -0.5021 0.7173 -0.4832
vn -0.7409 0.5563 -0.3763
vn -0.5800 0.6234 -0.5243
vn -0.6096 0.4740 -0.6354
vn -0.7744 0.4116 -0.4804
vn -0.7483 0.5391 -0.3864
vn -0.5786 0.5838 -0.5695
vn -0.7855 0.2775 -0.5531
vn -0.7825 0.3264 -0.5302
vn -0.1337 0.9366 0.3240
vn -0.3117 0.8126 0.4925
vn -0.1796 0.9070 0.3809
vn -0.1288 0.9415 0.3113
vn -0.7453 0.6476 0.1583
vn -0.4858 0.7741 0.4058
vn -0.8412 0.5331 -0.0902
vn -0.8720 0.4497 -0.1932
vn -0.9054 0.3260 -0.2719
vn -0.8841 0.4186 -0.2077
vn -0.8452 0.2386 -0.4783
vn -0.7893 0.5593 0.2534
vn -0.6156 0.7199 0.3206
vn -0.8608 0.4939 0.1224
vn -0.8795 0.4755 0.0198
vn -0.9099 0.4046 -0.0920
vn -0.9465 0.2846 -0.1523
vn -0.9330 0.3343 -0.1332
vn -0.9557 0.1805 -0.2323
vn -0.3527 0.7510 0.5582
vn -0.3788 0.7600 0.5282
vn -0.4910 0.5046 -0.7102
vn -0.5439 0.3862 -0.7450
vn -0.4828 0.5411 -0.6886
vn -0.5356 0.4707 -0.7011
vn -0.4936 0.4486 -0.7451
vn -0.5253 0.5578 -0.6426
vn -0.3821 0.7644 -0.5193
vn -0.4169 0.7066 -0.5718
vn -0.4355 0.6884 -0.5800
vn -0.2046 0.8478 -0.4892
vn -0.2991 0.7953 -0.5273
vn -0.0435 0.9225 -0.3835
vn 0.2480 0.9226 -0.2953
vn 0.0910 0.9575 -0.2736
vn 0.1041 0.9943 0.0240
vn 0.4014 0.8677 -0.2933
vn -0.1589 0.9412 0.2982
vn 0.0453 0.9835 0.1752
vn -0.0522 0.9587 0.2797
vn 0.1830 0.9819 0.0487
vn 0.1398 0.9693 0.2021
vn -0.0132 -0.9833 0.1815
vn 0.3339 -0.9264 -0.1740
vn 0.5912 -0.7932 0.1460
vn 0.3410 -0.8597 0.3803
vn 0.7058 -0.6334 0.3172
vn 0.5050 -0.7153 0.4830
vn 0.7409 -0.5564 0.3762
vn 0.5797 -0.6236 0.5246
vn 0.6086 -0.4743 0.6361
vn 0.5771 -0.5841 0.5707
vn 0.7483 -0.5395 0.3860
vn 0.7745 -0.4116 0.4804
vn 0.7856 -0.2769 0.5534
vn 0.7819 -0.3253 0.5318
vn 0.4781 -0.7784 -0.4068
vn 0.1503 -0.9376 -0.3135
vn 0.3015 -0.8249 -0.4781
vn 0.7459 -0.6469 -0.1585
vn 0.8415 -0.5327 0.0899
vn 0.8719 -0.4503 0.1927
vn 0.9056 -0.3259 0.2714
vn 0.8838 -0.4185 0.2091
vn 0.8450 -0.2382 0.4787
vn 0.6150 -0.7196 -0.3224
vn 0.7896 -0.5587 -0.2537
vn 0.8692 -0.4515 -0.2014
vn 0.8612 -0.4932 -0.1230
vn 0.8797 -0.4752 -0.0203
vn 0.8938 -0.4485 0.0045
vn 0.9463 -0.2854 0.1516
vn 0.9186 -0.3766 0.1196
vn 0.9134 -0.3945 0.1001
vn 0.9562 -0.1798 0.2309
vn 0.3555 -0.7409 -0.5698
vn 0.3604 -0.7446 -0.5618
vn 0.3396 -0.7955 -0.5018
vn 0.5381 -0.3884 0.7480
vn 0.4889 -0.5052 0.7112
vn 0.4932 -0.4482 0.7456
vn 0.5367 -0.4699 0.7008
vn 0.4851 -0.5390 0.6886
vn 0.5233 -0.5583 0.6438
vn 0.4354 -0.6879 0.5807
vn 0.4171 -0.7064 0.5719
vn 0.3795 -0.7566 0.5325
vn 0.3880 -0.7525 0.5322
vn 0.2397 -0.8309 0.5022
vn 0.2318 -0.8178 0.5268
vn 0.0411 -0.9220 0.3850
vn -0.4077 -0.8619 0.3016
vn 0.0380 -0.9959 -0.0817
vn -0.2500 -0.9215 0.2971
vn 0.0975 -0.9691 -0.2265
vn -0.1865 -0.9817 -0.0396
vn 0.0690 -0.9634 -0.2590
vn -0.0541 -0.9936 -0.0991
vn 0.4001 -0.3946 -0.8272
vn 0.3401 -0.5539 -0.7599
vn 0.3385 -0.5532 -0.7612
vn 0.4000 -0.4104 -0.8195
vn -0.1014 -0.2732 0.9566
vn -0.0653 -0.3132 0.9474
vn -0.0658 -0.3114 0.9480
vn -0.0954 -0.2799 0.9553
vn -0.3657 -0.9288 0.0606
vn -0.3822 -0.8930 0.2375
vn -0.3837 -0.8949 0.2279
vn -0.3681 -0.9279 0.0586
vn -0.1590 -0.5842 0.7959
vn -0.0026 -0.4181 0.9084
vn -0.0191 -0.4234 0.9057
vn -0.1567 -0.5843 0.7963
vn -0.3197 -0.3299 -0.8882
vn -0.3615 -0.3034 -0.8816
vn -0.3589 -0.3052 -0.8821
vn -0.3168 -0.3317 -0.8886
vn -0.1509 -0.6281 0.7633
vn -0.1498 -0.6287 0.7631
vn -0.1063 -0.2422 0.9644
vn -0.0385 -0.3043 0.9518
vn -0.0424 -0.3024 0.9522
vn -0.1086 -0.2406 0.9645
vn -0.3579 -0.6583 0.6623
vn -0.2066 -0.4043 0.8910
vn -0.2081 -0.4038 0.8908
vn -0.3588 -0.6583 0.6617
vn -0.0218 -0.4291 -0.9030
vn -0.0130 -0.4340 -0.9008
vn -0.0140 -0.4334 -0.9011
vn -0.0227 -0.4285 -0.9032
vn -0.3719 -0.7465 0.5518
vn -0.3711 -0.7467 0.5520
vn -0.3135 -0.7729 0.5516
vn -0.2886 -0.5615 0.7755
vn -0.2978 -0.5655 0.7691
vn -0.3095 -0.7732 0.5534
vn -0.2567 -0.3196 0.9121
vn -0.7452 -0.0277 0.6662
vn -0.8785 -0.2379 0.4142
vn -0.7457 -0.0832 0.6610
vn -0.0672 -0.3647 0.9287
vn -0.2577 -0.3193 0.9119
vn -0.2748 -0.8278 0.4892
vn -0.2776 -0.8276 0.4879
vn 0.2630 -0.5025 0.8236
vn 0.2576 -0.4925 0.8313
vn -0.0749 -0.5861 0.8068
vn -0.0725 -0.5917 0.8029
vn -0.1815 -0.5803 0.7939
vn -0.1821 -0.5792 0.7946
vn -0.9148 -0.4032 -0.0237
vn -0.9234 -0.3836 -0.0166
vn -0.9221 -0.3866 -0.0177
vn -0.9134 -0.4063 -0.0249
vn 0.7701 -0.1160 -0.6273
vn 0.7752 -0.1226 -0.6196
vn 0.8516 0.1020 -0.5142
vn 0.8515 0.1019 -0.5144
vn 0.7028 -0.3310 -0.6297
vn 0.7276 -0.2574 -0.6359
vn 0.7290 -0.2600 -0.6332
vn 0.7008 -0.3280 -0.6335
vn -0.7717 -0.6202 0.1410
vn -0.7734 -0.6134 0.1601
vn -0.7715 -0.6151 0.1628
vn -0.7728 -0.6194 0.1386
vn 0.6901 -0.0776 -0.7195
vn 0.6879 -0.0740 -0.7220
vn 0.8356 0.0687 -0.5450
vn 0.8348 0.0700 -0.5460
vn -0.8210 -0.5624 0.0981
vn -0.8164 -0.5676 0.1065
vn 0.8578 0.2283 -0.4604
vn 0.8591 0.2262 -0.4591
vn 0.8369 0.0356 -0.5462
vn 0.8247 0.0301 -0.5647
vn 0.8250 0.0294 -0.5643
vn 0.8374 0.0337 -0.5455
vn -0.7465 -0.6260 -0.2253
vn -0.7370 -0.6429 -0.2086
vn -0.7377 -0.6417 -0.2098
vn -0.7472 -0.6248 -0.2265
vn 0.8990 0.3237 -0.2951
vn 0.9000 0.3219 -0.2939
vn 0.9681 0.1445 -0.2048
vn 0.9685 0.1429 -0.2039
vn 0.9534 0.2990 0.0403
vn 0.9552 0.2925 0.0459
vn 0.9956 0.0821 0.0462
vn 0.9965 0.0657 0.0507
vn 0.8514 -0.3497 -0.3908
vn 0.8882 -0.2035 -0.4120
vn 0.8871 -0.2117 -0.4103
vn 0.8508 -0.3538 -0.3885
vn -0.5013 -0.2041 -0.8409
vn -0.5211 -0.3487 -0.7790
vn -0.5202 -0.3395 -0.7836
vn -0.4996 -0.1948 -0.8441
vn 0.8344 -0.3793 -0.3998
vn 0.8339 -0.3806 -0.3997
vn 0.9340 -0.1264 0.3342
vn 0.7838 -0.1834 0.5933
vn 0.7851 -0.1805 0.5924
vn 0.9533 -0.1122 0.2803
vn 0.9953 0.0248 0.0933
vn 0.9941 0.0385 0.1012
vn 0.9409 0.2315 -0.2472
vn 0.9404 0.2281 -0.2521
vn 0.9386 0.2382 -0.2497
vn 0.9410 0.2309 -0.2474
vn -0.7624 0.0923 -0.6405
vn -0.7232 0.1154 -0.6809
vn -0.7240 0.1113 -0.6808
vn -0.7672 0.0903 -0.6350
vn 0.8877 -0.2233 -0.4027
vn 0.8846 -0.2099 -0.4165
vn 0.8043 -0.2883 -0.5196
vn 0.8070 -0.2824 -0.5186
vn -0.7994 0.0998 -0.5924
vn -0.7993 0.1010 -0.5924
vn -0.1483 0.9277 0.3427
vn -0.3188 0.7924 0.5200
vn -0.3666 0.7481 0.5531
vn -0.8689 0.4521 0.2014
vn -0.4820 0.6645 -0.5711
vn -0.8937 0.4486 -0.0054
vn -0.9251 0.3470 -0.1543
vn -0.5615 0.5587 -0.6104
vn -0.9254 0.3467 -0.1534
vn -0.0406 -0.9827 -0.1806
vn -0.1343 -0.9686 -0.2094
vn 0.1182 -0.9382 -0.3253
vn 0.1810 -0.9072 -0.3798
vn -0.0918 -0.9570 0.2751
vn 0.4816 -0.6648 0.5711
vn 0.5608 -0.5597 0.6101
vn 0.9100 -0.4043 0.0919
vn 0.9254 -0.3466 0.1537
vn 0.9275 -0.3460 0.1415
vn -0.1775 0.9310 -0.3188
vn -0.4069 0.9125 0.0431
vn 0.0233 0.9606 0.2768
vn 0.1040 0.9858 -0.1317
vn -0.0298 0.8538 -0.5198
vn 0.1780 0.9193 -0.3510
vn 0.0260 0.8052 -0.5924
vn 0.2058 0.8621 -0.4630
vn 0.3231 0.7576 -0.5671
vn 0.1348 0.7045 -0.6968
vn 0.0357 0.7937 -0.6073
vn 0.2545 0.8359 -0.4863
vn 0.2198 0.6000 -0.7692
vn 0.1918 0.6392 -0.7447
vn -0.4905 0.8299 0.2657
vn -0.6862 0.7194 0.1076
vn -0.5540 0.8003 0.2292
vn -0.4779 0.8364 0.2684
vn -0.4887 0.7606 -0.4273
vn -0.6556 0.7502 -0.0857
vn -0.2699 0.7397 -0.6165
vn -0.1708 0.6951 -0.6983
vn -0.0890 0.6077 -0.7892
vn -0.1564 0.6728 -0.7231
vn 0.1367 0.5609 -0.8165
vn -0.5781 0.6663 -0.4710
vn -0.6095 0.7544 -0.2436
vn -0.4687 0.6561 -0.5914
vn -0.3761 0.6690 -0.6411
vn -0.2706 0.6381 -0.7209
vn -0.2075 0.5504 -0.8087
vn -0.2287 0.5886 -0.7754
vn -0.1197 0.4753 -0.8717
vn -0.7513 0.6565 0.0677
vn -0.7330 0.6791 0.0390
vn 0.4264 0.7735 -0.4689
vn 0.4603 0.6853 -0.5644
vn 0.4033 0.8001 -0.4441
vn 0.4088 0.7513 -0.5181
vn 0.4668 0.7304 -0.4985
vn 0.3440 0.8155 -0.4653
vn 0.2432 0.9408 -0.2361
vn 0.2899 0.9088 -0.3001
vn 0.2943 0.8987 -0.3251
vn 0.2596 0.9649 -0.0397
vn 0.2727 0.9499 -0.1527
vn 0.2013 0.9666 0.1584
vn 0.2131 0.8689 0.4467
vn 0.1367 0.9372 0.3209
vn -0.1427 0.8951 0.4223
vn 0.2692 0.7770 0.5690
vn -0.4754 0.8471 0.2374
vn -0.3012 0.8634 0.4047
vn -0.4263 0.8401 0.3354
vn -0.1384 0.8570 0.4964
vn -0.2936 0.8189 0.4932
vn -0.0216 -0.9591 -0.2824
vn 0.4136 -0.9095 -0.0411
vn 0.1774 -0.9308 0.3195
vn -0.1119 -0.9850 0.1316
vn 0.0297 -0.8536 0.5201
vn -0.1772 -0.9182 0.3543
vn -0.0259 -0.8053 0.5923
vn -0.2061 -0.8622 0.4627
vn -0.3240 -0.7578 0.5664
vn -0.2561 -0.8361 0.4852
vn -0.0353 -0.7939 0.6071
vn -0.1347 -0.7044 0.6969
vn -0.2201 -0.5995 0.7695
vn -0.1938 -0.6385 0.7449
vn 0.6546 -0.7520 0.0771
vn 0.4863 -0.8378 -0.2482
vn 0.6714 -0.7318 -0.1172
vn 0.4890 -0.7601 0.4280
vn 0.2703 -0.7393 0.6168
vn 0.1713 -0.6955 0.6978
vn 0.0895 -0.6075 0.7893
vn 0.1549 -0.6730 0.7233
vn -0.1372 -0.5606 0.8166
vn 0.6110 -0.7536 0.2427
vn 0.5783 -0.6658 0.4714
vn 0.5386 -0.5995 0.5921
vn 0.4692 -0.6554 0.5918
vn 0.3766 -0.6686 0.6412
vn 0.3537 -0.6535 0.6692
vn 0.2082 -0.5510 0.8081
vn 0.0879 0.5299 0.8435
vn 0.2125 0.6824 0.6994
vn 0.1210 -0.4744 0.8720
vn 0.7614 -0.6450 -0.0648
vn 0.7562 -0.6516 -0.0595
vn 0.7014 -0.7084 -0.0791
vn -0.4646 -0.6866 0.5592
vn -0.4280 -0.7737 0.4671
vn -0.4675 -0.7301 0.4984
vn -0.4083 -0.7508 0.5192
vn -0.4029 -0.7988 0.4468
vn -0.3458 -0.8158 0.4637
vn -0.2952 -0.8983 0.3254
vn -0.2900 -0.9086 0.3005
vn -0.2576 -0.9360 0.2398
vn -0.2552 -0.9344 0.2487
vn -0.2629 -0.9614 0.0806
vn -0.2905 -0.9532 0.0840
vn -0.2036 -0.9659 -0.1601
vn -0.2799 -0.7721 -0.5706
vn 0.2426 -0.9197 -0.3087
vn -0.2156 -0.8678 -0.4477
vn 0.3929 -0.8747 -0.2837
vn 0.1286 -0.8580 -0.4972
vn 0.4131 -0.8540 -0.3162
vn 0.2287 -0.8892 -0.3962
vn 0.9625 -0.2703 0.0206
vn 0.9051 -0.4198 -0.0681
vn 0.9056 -0.4183 -0.0698
vn 0.9578 -0.2870 0.0174
vn -0.8838 -0.4627 0.0693
vn -0.8571 -0.5078 0.0867
vn -0.8583 -0.5057 0.0872
vn -0.8796 -0.4701 0.0723
vn -0.0311 -0.7865 -0.6168
vn -0.2070 -0.7920 -0.5743
vn -0.1982 -0.7910 -0.5788
vn -0.0299 -0.7844 -0.6196
vn -0.7042 -0.6988 -0.1258
vn -0.7843 -0.6123 0.0997
vn -0.7861 -0.6126 0.0823
vn -0.7038 -0.6995 -0.1237
vn 0.7770 -0.0066 -0.6294
vn 0.7532 0.0275 -0.6572
vn 0.7550 0.0250 -0.6553
vn 0.7787 -0.0091 -0.6273
vn -0.6643 -0.7340 -0.1411
vn -0.6635 -0.7350 -0.1401
vn -0.8973 -0.4347 0.0768
vn -0.8538 -0.5077 0.1155
vn -0.8559 -0.5048 0.1125
vn -0.8984 -0.4326 0.0753
vn -0.6322 -0.6832 -0.3655
vn -0.8361 -0.5418 -0.0861
vn -0.8367 -0.5405 -0.0877
vn -0.6319 -0.6831 -0.3662
vn 0.9025 -0.1736 -0.3941
vn 0.9040 -0.1809 -0.3873
vn 0.9039 -0.1801 -0.3880
vn 0.9023 -0.1728 -0.3949
vn -0.5198 -0.7350 -0.4354
vn -0.5197 -0.7355 -0.4348
vn -0.4967 -0.7748 -0.3910
vn -0.7305 -0.6388 -0.2415
vn -0.7268 -0.6386 -0.2529
vn -0.4971 -0.7766 -0.3869
vn -0.8851 -0.4548 -0.0986
vn 0.2458 -0.9576 0.1501
vn 0.7331 0.4360 0.5220
vn -0.8851 -0.4549 -0.0986
vn -0.8324 -0.5506 0.0635
vn -0.8853 -0.4541 -0.0997
vn -0.4175 -0.8206 -0.3902
vn -0.4171 -0.8196 -0.3927
vn -0.6060 -0.7400 0.2919
vn -0.6167 -0.7309 0.2922
vn -0.6869 -0.7252 -0.0469
vn -0.6815 -0.7303 -0.0476
vn -0.7099 -0.6892 -0.1454
vn -0.7113 -0.6877 -0.1453
vn -0.2108 -0.1315 -0.9686
vn -0.2232 -0.1130 -0.9682
vn -0.2217 -0.1154 -0.9683
vn -0.2088 -0.1344 -0.9687
vn 0.8525 -0.1556 0.4991
vn 0.8480 -0.1650 0.5036
vn 0.7394 -0.0012 0.6733
vn 0.7395 -0.0013 0.6731
vn 0.8660 -0.3386 0.3681
vn 0.8684 -0.2747 0.4128
vn 0.8667 -0.2782 0.4140
vn 0.8683 -0.3343 0.3663
vn -0.2848 -0.4119 -0.8656
vn -0.3044 -0.4099 -0.8598
vn -0.3060 -0.4126 -0.8580
vn -0.2833 -0.4104 -0.8668
vn 0.9066 -0.0767 0.4150
vn 0.9078 -0.0718 0.4132
vn 0.7680 -0.0208 0.6401
vn 0.7685 -0.0190 0.6395
vn -0.2698 -0.3346 -0.9029
vn -0.2752 -0.3425 -0.8983
vn 0.6717 0.1020 0.7338
vn 0.6712 0.0994 0.7346
vn 0.7748 -0.0515 0.6302
vn 0.7889 -0.0492 0.6125
vn 0.7887 -0.0500 0.6127
vn 0.7745 -0.0542 0.6303
vn 0.0662 -0.3339 -0.9403
vn 0.0563 -0.3563 -0.9327
vn 0.0570 -0.3548 -0.9332
vn 0.0669 -0.3323 -0.9408
vn 0.5157 0.1392 0.8454
vn 0.5152 0.1370 0.8461
vn 0.4816 -0.0679 0.8737
vn 0.4810 -0.0697 0.8740
vn 0.2241 0.0205 0.9744
vn 0.2203 0.0125 0.9753
vn 0.2657 -0.1949 0.9441
vn 0.2643 -0.2119 0.9409
vn 0.6939 -0.4537 0.5591
vn 0.7029 -0.3213 0.6346
vn 0.7022 -0.3291 0.6313
vn 0.6921 -0.4579 0.5579
vn 0.6548 0.1464 -0.7415
vn 0.6129 0.0016 -0.7901
vn 0.6163 0.0113 -0.7874
vn 0.6569 0.1557 -0.7377
vn 0.7015 -0.4741 0.5321
vn 0.7014 -0.4753 0.5312
vn 0.0093 -0.4436 0.8962
vn -0.2724 -0.5213 0.8088
vn -0.2716 -0.5189 0.8106
vn 0.0633 -0.4227 0.9040
vn 0.2304 -0.2598 0.9378
vn 0.2204 -0.2486 0.9432
vn 0.4988 0.0307 0.8662
vn 0.5036 0.0294 0.8634
vn 0.4993 0.0384 0.8656
vn 0.4990 0.0305 0.8661
vn 0.3373 0.4429 -0.8307
vn 0.3840 0.4638 -0.7984
vn 0.3846 0.4598 -0.8004
vn 0.3310 0.4410 -0.8343
vn 0.6973 -0.3418 0.6301
vn 0.7070 -0.3251 0.6281
vn 0.7895 -0.3519 0.5029
vn 0.7885 -0.3473 0.5075
vn 0.2795 0.4473 -0.8496
vn 0.2793 0.4489 -0.8488
vn -0.5114 0.8208 0.2544
vn -0.7111 0.6957 0.1019
vn -0.7506 0.6587 0.0527
vn -0.5387 0.5997 -0.5917
vn 0.2747 0.8863 -0.3728
vn -0.3530 0.6537 -0.6694
vn -0.2085 0.6035 -0.7696
vn 0.3022 0.8180 -0.4895
vn -0.2093 0.6031 -0.7697
vn 0.3075 -0.8626 -0.4016
vn 0.3020 -0.8179 -0.4898
vn 0.4871 -0.8271 -0.2806
vn 0.5535 -0.8011 -0.2277
vn -0.1384 -0.9369 -0.3210
vn -0.2749 -0.8865 0.3723
vn -0.3020 -0.8187 0.4885
vn 0.2707 -0.6378 0.7211
vn 0.2090 -0.6031 0.7698
vn 0.2209 -0.6001 0.7688
vn 0.0963 0.9938 0.0562
vn -0.3128 0.9477 -0.0640
vn -0.3996 0.8229 0.4039
vn 0.0040 0.9255 0.3788
vn 0.3436 0.9323 0.1131
vn 0.2430 0.8978 0.3674
vn 0.4369 0.8902 0.1293
vn 0.3654 0.8646 0.3450
vn 0.5167 0.7619 0.3906
vn 0.5852 0.7932 0.1684
vn 0.4558 0.8805 0.1304
vn 0.4069 0.8331 0.3746
vn 0.6963 0.6913 0.1930
vn 0.6584 0.7292 0.1866
vn -0.5349 0.8379 -0.1086
vn -0.4334 0.8246 -0.3636
vn -0.5168 0.8358 -0.1854
vn -0.5343 0.8400 -0.0943
vn 0.1235 0.9426 -0.3103
vn -0.2478 0.8928 -0.3762
vn 0.3740 0.9122 -0.1674
vn 0.4893 0.8647 -0.1130
vn 0.6141 0.7840 -0.0906
vn 0.5205 0.8462 -0.1136
vn 0.7197 0.6881 0.0925
vn 0.1500 0.8886 -0.4334
vn -0.0861 0.9234 -0.3741
vn 0.2993 0.8800 -0.3687
vn 0.3736 0.8800 -0.2932
vn 0.4869 0.8431 -0.2281
vn 0.6028 0.7664 -0.2220
vn 0.5590 0.7994 -0.2203
vn 0.7017 0.6886 -0.1828
vn -0.4074 0.7927 -0.4535
vn -0.3782 0.8160 -0.4370
vn 0.4559 0.7256 0.5154
vn 0.5696 0.6579 0.4927
vn 0.4211 0.7504 0.5095
vn 0.4995 0.7215 0.4795
vn 0.5029 0.6824 0.5305
vn 0.4195 0.7855 0.4549
vn 0.1535 0.8726 0.4637
vn 0.2333 0.8462 0.4791
vn 0.2595 0.8418 0.4733
vn -0.0282 0.8428 0.5375
vn 0.0837 0.8530 0.5152
vn -0.2324 0.8110 0.5368
vn -0.4827 0.6460 0.5913
vn -0.4004 0.7606 0.5110
vn -0.5789 0.7695 0.2698
vn -0.5645 0.5156 0.6446
vn -0.5063 0.8569 -0.0967
vn -0.6088 0.7856 0.1107
vn -0.5808 0.8135 -0.0287
vn -0.6408 0.7146 0.2808
vn -0.6820 0.7204 0.1263
vn 0.4051 -0.8205 -0.4033
vn 0.3127 -0.9472 0.0715
vn -0.0970 -0.9937 -0.0561
vn -0.0066 -0.9226 -0.3858
vn -0.3439 -0.9322 -0.1131
vn -0.2460 -0.8977 -0.3655
vn -0.4368 -0.8902 -0.1292
vn -0.3652 -0.8645 -0.3453
vn -0.5162 -0.7617 -0.3917
vn -0.4064 -0.8325 -0.3765
vn -0.4554 -0.8807 -0.1302
vn -0.5852 -0.7933 -0.1683
vn -0.6969 -0.6907 -0.1931
vn -0.6593 -0.7280 -0.1881
vn 0.2558 -0.8921 0.3726
vn 0.5184 -0.8484 0.1068
vn 0.4395 -0.8299 0.3435
vn -0.1241 -0.9423 0.3109
vn -0.3742 -0.9120 0.1679
vn -0.4886 -0.8651 0.1133
vn -0.6140 -0.7840 0.0911
vn -0.5211 -0.8461 0.1123
vn -0.7200 -0.6877 -0.0928
vn 0.0873 -0.9227 0.3755
vn -0.1504 -0.8883 0.4339
vn -0.2862 -0.8455 0.4507
vn -0.2997 -0.8796 0.3695
vn -0.3737 -0.8798 0.2938
vn -0.4095 -0.8666 0.2853
vn -0.6019 -0.7670 0.2224
vn -0.8072 0.4147 -0.4201
vn -0.6865 0.6718 0.2783
vn -0.7017 -0.6882 0.1844
vn 0.4062 -0.7853 0.4672
vn 0.4006 -0.7914 0.4616
vn 0.4100 -0.8254 0.3882
vn -0.5660 -0.6567 -0.4984
vn -0.4546 -0.7250 -0.5173
vn -0.5032 -0.6817 -0.5311
vn -0.5005 -0.7215 -0.4785
vn -0.4236 -0.7500 -0.5080
vn -0.4184 -0.7849 -0.4571
vn -0.2602 -0.8412 -0.4739
vn -0.2336 -0.8462 -0.4790
vn -0.1622 -0.8653 -0.4743
vn -0.1701 -0.8666 -0.4692
vn -0.0114 -0.8486 -0.5288
vn -0.0248 -0.8346 -0.5504
vn 0.2332 -0.8093 -0.5391
vn 0.5618 -0.5078 -0.6531
vn 0.5089 -0.8464 -0.1572
vn 0.4826 -0.6441 -0.5935
vn 0.5271 -0.8498 0.0006
vn 0.6385 -0.7128 -0.2902
vn 0.5608 -0.8278 0.0173
vn 0.5813 -0.7929 -0.1829
vn 0.3337 -0.5087 0.7937
vn 0.4208 -0.6117 0.6698
vn 0.4224 -0.6100 0.6704
vn 0.3380 -0.5219 0.7832
vn -0.2784 -0.2182 -0.9353
vn -0.2790 -0.2715 -0.9211
vn -0.2803 -0.2691 -0.9214
vn -0.2785 -0.2274 -0.9331
vn 0.6877 -0.5748 -0.4434
vn 0.5920 -0.5445 -0.5942
vn 0.5989 -0.5448 -0.5870
vn 0.6903 -0.5725 -0.4424
vn -0.0020 -0.4380 -0.8990
vn -0.2516 -0.3909 -0.8853
vn -0.2359 -0.3868 -0.8915
vn -0.0037 -0.4392 -0.8984
vn 0.8396 -0.0551 0.5404
vn 0.8526 -0.0101 0.5224
vn 0.8518 -0.0133 0.5237
vn 0.8386 -0.0583 0.5416
vn 0.0307 -0.4771 -0.8783
vn 0.0303 -0.4781 -0.8778
vn -0.2943 -0.1902 -0.9366
vn -0.3049 -0.2788 -0.9107
vn -0.3034 -0.2751 -0.9123
vn -0.2937 -0.1880 -0.9372
vn 0.2427 -0.3832 -0.8912
vn -0.1055 -0.2659 -0.9582
vn -0.1048 -0.2646 -0.9587
vn 0.2438 -0.3825 -0.8912
vn 0.6863 -0.3014 0.6619
vn 0.6815 -0.3104 0.6627
vn 0.6821 -0.3094 0.6626
vn 0.6869 -0.3004 0.6618
vn 0.3524 -0.4436 -0.8240
vn 0.3519 -0.4442 -0.8239
vn 0.3245 -0.4977 -0.8043
vn 0.0884 -0.3463 -0.9339
vn 0.1002 -0.3442 -0.9335
vn 0.3209 -0.5003 -0.8042
vn -0.1234 -0.1692 -0.9778
vn -0.1709 -0.9809 -0.0928
vn 0.7159 0.3259 0.6175
vn -0.2429 -0.3119 -0.9185
vn -0.1227 -0.1683 -0.9781
vn 0.3562 -0.5617 -0.7468
vn 0.3584 -0.5602 -0.7468
vn -0.3537 -0.6040 -0.7142
vn -0.3587 -0.5931 -0.7208
vn -0.0659 -0.4859 -0.8715
vn -0.0627 -0.4918 -0.8684
vn 0.0129 -0.4219 -0.9066
vn 0.0123 -0.4204 -0.9072
vn 0.8566 0.1697 -0.4872
vn 0.8493 0.1904 -0.4924
vn 0.8504 0.1874 -0.4917
vn 0.8578 0.1664 -0.4863
vn -0.1667 -0.4906 0.8553
vn -0.1709 -0.4992 0.8494
vn -0.3897 -0.3595 0.8479
vn -0.3897 -0.3600 0.8477
vn -0.0117 -0.6328 0.7742
vn -0.0623 -0.5844 0.8091
vn -0.0634 -0.5876 0.8067
vn -0.0097 -0.6288 0.7775
vn 0.7798 -0.0979 -0.6183
vn 0.7678 -0.0925 -0.6339
vn 0.7663 -0.0946 -0.6355
vn 0.7814 -0.0966 -0.6165
vn -0.0828 -0.4102 0.9082
vn -0.0817 -0.4057 0.9103
vn -0.3462 -0.3766 0.8593
vn -0.3457 -0.3748 0.8602
vn 0.8076 -0.0207 -0.5894
vn 0.8029 -0.0274 -0.5955
vn -0.4840 -0.2602 0.8355
vn -0.4845 -0.2627 0.8344
vn -0.3302 -0.4048 0.8527
vn -0.3096 -0.4025 0.8615
vn -0.3096 -0.4032 0.8611
vn -0.3300 -0.4073 0.8516
vn 0.9509 -0.0989 -0.2934
vn 0.9441 -0.1189 -0.3075
vn 0.9446 -0.1175 -0.3066
vn 0.9513 -0.0975 -0.2924
vn -0.6442 -0.2118 0.7349
vn -0.6447 -0.2138 0.7339
vn -0.6499 -0.4030 0.6444
vn -0.6498 -0.4047 0.6434
vn -0.8405 -0.2784 0.4648
vn -0.8414 -0.2851 0.4591
vn -0.7657 -0.4826 0.4253
vn -0.7604 -0.4974 0.4176
vn -0.2278 -0.7419 0.6306
vn -0.3157 -0.6392 0.7012
vn -0.3117 -0.6455 0.6973
vn -0.2268 -0.7448 0.6275
vn 0.8810 0.1476 0.4496
vn 0.9354 0.0348 0.3518
vn 0.9326 0.0423 0.3584
vn 0.8768 0.1546 0.4554
vn -0.1969 -0.7564 0.6238
vn -0.1960 -0.7572 0.6231
vn -0.7652 -0.6361 0.0990
vn -0.7622 -0.6139 -0.2053
vn -0.7642 -0.6122 -0.2032
vn -0.7584 -0.6325 0.1573
vn -0.7611 -0.5324 0.3704
vn -0.7709 -0.5209 0.3665
vn -0.6524 -0.3139 0.6898
vn -0.6478 -0.3162 0.6930
vn -0.6526 -0.3072 0.6926
vn -0.6523 -0.3142 0.6898
vn 0.8162 0.5286 0.2332
vn 0.7975 0.5284 0.2911
vn 0.8003 0.5249 0.2897
vn 0.8179 0.5293 0.2258
vn -0.3104 -0.6556 0.6884
vn -0.3077 -0.6423 0.7019
vn -0.1600 -0.6582 0.7357
vn -0.1654 -0.6548 0.7375
vn 0.8142 0.5529 0.1771
vn 0.8135 0.5538 0.1775
vn -0.5297 0.8376 -0.1334
vn -0.4324 0.8104 -0.3953
vn -0.3935 0.7983 -0.4560
vn 0.2856 0.8458 -0.4506
vn 0.2997 0.8470 0.4390
vn 0.4098 0.8667 -0.2845
vn 0.5578 0.8066 -0.1954
vn 0.4281 0.8046 0.4115
vn 0.5577 0.8065 -0.1963
vn 0.6077 -0.7873 -0.1040
vn 0.6814 -0.7224 -0.1175
vn 0.5472 -0.8307 0.1025
vn 0.5153 -0.8368 0.1850
vn 0.4000 -0.7599 -0.5125
vn -0.2992 -0.8470 -0.4394
vn -0.4270 -0.8051 -0.4118
vn -0.4871 -0.8430 0.2283
vn -0.5580 -0.8063 0.1962
vn -0.5536 -0.8064 0.2077
vn -0.1751 0.8888 0.4235
vn -0.1879 0.9822 0.0051
vn -0.6335 0.7737 0.0080
vn -0.4956 0.7701 0.4017
vn -0.1389 0.7528 0.6434
vn -0.4034 0.6846 0.6071
vn -0.1173 0.6852 0.7189
vn -0.3378 0.6271 0.7018
vn -0.3157 0.4805 0.8182
vn -0.0910 0.5464 0.8326
vn -0.1108 0.6709 0.7332
vn -0.3472 0.5796 0.7372
vn -0.0623 0.4160 0.9072
vn -0.0744 0.4629 0.8833
vn -0.2009 0.9487 -0.2442
vn 0.0719 0.9722 -0.2227
vn -0.1232 0.9608 -0.2483
vn -0.2145 0.9470 -0.2392
vn 0.1837 0.9238 0.3360
vn 0.1331 0.9905 -0.0350
vn 0.1360 0.7949 0.5913
vn 0.1298 0.7071 0.6951
vn 0.1616 0.5937 0.7883
vn 0.1433 0.6818 0.7174
vn 0.0397 0.4316 0.9012
vn 0.3157 0.8966 0.3105
vn 0.1786 0.9763 0.1224
vn 0.3048 0.8337 0.4604
vn 0.2583 0.7958 0.5478
vn 0.2397 0.7158 0.6559
vn 0.2834 0.6123 0.7381
vn 0.2625 0.6541 0.7094
vn 0.2907 0.5043 0.8131
vn 0.1692 0.9577 -0.2327
vn 0.1597 0.9678 -0.1944
vn -0.4462 0.4320 0.7838
vn -0.3779 0.3445 0.8594
vn -0.4559 0.4656 0.7585
vn -0.3980 0.4255 0.8127
vn -0.4386 0.3754 0.8166
vn -0.4109 0.5122 0.7542
vn -0.5184 0.6609 0.5427
vn -0.5029 0.6116 0.6107
vn -0.4883 0.6021 0.6317
vn -0.6414 0.6624 0.3870
vn -0.5860 0.6482 0.4864
vn -0.7018 0.6863 0.1908
vn -0.8079 0.5844 -0.0759
vn -0.7241 0.6895 0.0150
vn -0.5580 0.8036 -0.2074
vn -0.8639 0.4709 -0.1785
vn -0.2058 0.9561 -0.2088
vn -0.4216 0.8654 -0.2709
vn -0.2866 0.9184 -0.2729
vn -0.5796 0.7658 -0.2786
vn -0.4497 0.8198 -0.3546
vn 0.6343 -0.7730 -0.0020
vn 0.1808 -0.9835 -0.0031
vn 0.1748 -0.8886 -0.4241
vn 0.5008 -0.7650 -0.4049
vn 0.1387 -0.7527 -0.6436
vn 0.4007 -0.6843 -0.6093
vn 0.1173 -0.6853 -0.7188
vn 0.3383 -0.6270 -0.7017
vn 0.3169 -0.4801 -0.8180
vn 0.3491 -0.5787 -0.7370
vn 0.1108 -0.6713 -0.7329
vn 0.0908 -0.5464 -0.8326
vn 0.0621 -0.4154 -0.9075
vn 0.0753 -0.4612 -0.8841
vn -0.1273 -0.9910 0.0416
vn 0.1990 -0.9538 0.2252
vn -0.0505 -0.9739 0.2212
vn -0.1845 -0.9235 -0.3363
vn -0.1365 -0.7948 -0.5913
vn -0.1297 -0.7077 -0.6945
vn -0.1621 -0.5938 -0.7881
vn -0.1422 -0.6812 -0.7182
vn -0.0395 -0.4311 -0.9015
vn -0.1797 -0.9763 -0.1207
vn -0.3162 -0.8964 -0.3106
vn -0.3824 -0.8251 -0.4159
vn -0.3057 -0.8334 -0.4604
vn -0.2589 -0.7957 -0.5476
vn -0.2646 -0.7719 -0.5781
vn -0.2833 -0.6132 -0.7374
vn -0.0289 0.9960 0.0846
vn -0.2602 0.6733 -0.6920
vn -0.2923 -0.5043 -0.8126
vn -0.1836 -0.9538 0.2377
vn -0.1793 -0.9567 0.2291
vn -0.1023 -0.9729 0.2075
vn 0.3843 -0.3430 -0.8572
vn 0.4484 -0.4312 -0.7830
vn 0.4386 -0.3747 -0.8168
vn 0.3966 -0.4254 -0.8134
vn 0.4533 -0.4648 -0.7606
vn 0.4131 -0.5113 -0.7536
vn 0.4886 -0.6012 -0.6323
vn 0.5027 -0.6115 -0.6111
vn 0.5243 -0.6492 -0.5511
vn 0.5172 -0.6496 -0.5572
vn 0.6214 -0.6597 -0.4228
vn 0.6350 -0.6377 -0.4360
vn 0.7039 -0.6843 -0.1902
vn 0.8698 -0.4608 0.1764
vn 0.4420 -0.8847 0.1482
vn 0.8096 -0.5821 0.0759
vn 0.3011 -0.9313 0.2049
vn 0.5875 -0.7612 0.2747
vn 0.2931 -0.9236 0.2471
vn 0.4813 -0.8473 0.2246
vn -0.5545 -0.7568 0.3459
vn -0.3949 -0.8453 0.3600
vn -0.3952 -0.8442 0.3621
vn -0.5412 -0.7680 0.3425
vn 0.8172 0.0982 -0.5679
vn 0.8119 0.0454 -0.5821
vn 0.8114 0.0477 -0.5825
vn 0.8164 0.0895 -0.5705
vn 0.7251 -0.6078 0.3238
vn 0.8302 -0.5176 0.2070
vn 0.8258 -0.5214 0.2150
vn 0.7247 -0.6066 0.3271
vn 0.9067 -0.1876 -0.3779
vn 0.8058 -0.0823 -0.5864
vn 0.8160 -0.0811 -0.5724
vn 0.9057 -0.1884 -0.3797
vn -0.2249 -0.4035 0.8869
vn -0.2108 -0.3603 0.9087
vn -0.2118 -0.3634 0.9072
vn -0.2259 -0.4064 0.8853
vn 0.9039 -0.2379 -0.3554
vn 0.9034 -0.2389 -0.3560
vn 0.8090 0.1292 -0.5735
vn 0.7950 0.0427 -0.6051
vn 0.7964 0.0462 -0.6030
vn 0.8094 0.1313 -0.5724
vn 0.9697 -0.2030 -0.1360
vn 0.9016 0.0141 -0.4323
vn 0.9022 0.0155 -0.4310
vn 0.9699 -0.2028 -0.1350
vn -0.3497 -0.6230 0.6997
vn -0.3507 -0.6303 0.6927
vn -0.3506 -0.6294 0.6935
vn -0.3496 -0.6221 0.7006
vn 0.9518 -0.3042 -0.0378
vn 0.9517 -0.3047 -0.0385
vn 0.9329 -0.3522 -0.0756
vn 0.9541 -0.1175 -0.2753
vn 0.9572 -0.1188 -0.2641
vn 0.9319 -0.3537 -0.0797
vn 0.8993 0.1140 -0.4222
vn -0.0121 -0.9993 0.0358
vn 0.3263 0.7524 -0.5722
vn 0.8993 0.1141 -0.4221
vn 0.8274 -0.0025 -0.5615
vn 0.8996 0.1147 -0.4213
vn 0.8991 -0.4345 -0.0526
vn 0.8997 -0.4337 -0.0502
vn 0.6461 -0.2964 -0.7034
vn 0.6489 -0.2833 -0.7062
vn 0.8676 -0.2230 -0.4445
vn 0.8666 -0.2301 -0.4427
vn 0.9159 -0.1752 -0.3613
vn 0.9161 -0.1735 -0.3615
vn 0.7052 0.0537 0.7070
vn 0.7044 0.0761 0.7057
vn 0.7046 0.0728 0.7059
vn 0.7052 0.0502 0.7072
vn -0.7766 -0.6240 -0.0870
vn -0.7710 -0.6298 -0.0951
vn -0.8618 -0.4417 -0.2494
vn -0.8618 -0.4418 -0.2493
vn -0.6289 -0.7774 -0.0129
vn -0.6851 -0.7276 -0.0345
vn -0.6828 -0.7297 -0.0368
vn -0.6318 -0.7751 -0.0092
vn 0.8444 -0.1437 0.5160
vn 0.8541 -0.1315 0.5032
vn 0.8556 -0.1330 0.5003
vn 0.8428 -0.1434 0.5188
vn -0.8111 -0.5842 0.0292
vn -0.8136 -0.5806 0.0323
vn -0.8556 -0.4720 -0.2125
vn -0.8568 -0.4704 -0.2111
vn 0.8144 -0.0860 0.5739
vn 0.8197 -0.0897 0.5657
vn -0.8960 -0.3214 -0.3065
vn -0.8947 -0.3234 -0.3080
vn -0.8402 -0.5006 -0.2085
vn -0.8423 -0.5057 -0.1864
vn -0.8417 -0.5065 -0.1870
vn -0.8389 -0.5025 -0.2092
vn 0.5962 -0.2688 0.7565
vn 0.6102 -0.2821 0.7403
vn 0.6092 -0.2812 0.7415
vn 0.5952 -0.2678 0.7577
vn -0.8613 -0.2097 -0.4628
vn -0.8602 -0.2113 -0.4642
vn -0.7489 -0.3648 -0.5532
vn -0.7477 -0.3659 -0.5541
vn -0.6623 -0.1541 -0.7332
vn -0.6563 -0.1587 -0.7376
vn -0.5693 -0.3551 -0.7415
vn -0.5584 -0.3681 -0.7434
vn -0.5478 -0.7875 -0.2824
vn -0.6577 -0.6862 -0.3107
vn -0.6517 -0.6921 -0.3101
vn -0.5435 -0.7902 -0.2832
vn -0.1582 -0.2026 0.9664
vn -0.0317 -0.2981 0.9540
vn -0.0404 -0.2918 0.9556
vn -0.1660 -0.1964 0.9664
vn -0.5290 -0.8076 -0.2608
vn -0.5278 -0.8085 -0.2602
vn -0.2410 -0.4184 -0.8757
vn 0.0401 -0.3233 -0.9454
vn 0.0374 -0.3218 -0.9461
vn -0.2940 -0.4307 -0.8533
vn -0.5092 -0.3892 -0.7677
vn -0.5106 -0.3744 -0.7740
vn -0.8062 -0.2915 -0.5148
vn -0.8075 -0.2954 -0.5106
vn -0.8101 -0.2853 -0.5122
vn -0.8061 -0.2919 -0.5147
vn -0.0359 0.2232 0.9741
vn -0.0959 0.2134 0.9722
vn -0.0932 0.2098 0.9733
vn -0.0286 0.2251 0.9739
vn -0.6410 -0.7002 -0.3143
vn -0.6554 -0.6913 -0.3042
vn -0.6364 -0.7532 -0.1661
vn -0.6406 -0.7489 -0.1695
vn 0.0119 0.2603 0.9655
vn 0.0114 0.2608 0.9653
vn -0.1761 0.9532 -0.2460
vn 0.1041 0.9665 -0.2346
vn 0.1752 0.9599 -0.2190
vn 0.3822 0.8254 0.4155
vn -0.4442 0.6048 0.6610
vn 0.2639 0.7717 0.5786
vn 0.2378 0.6552 0.7171
vn -0.3704 0.5385 0.7569
vn 0.2387 0.6553 0.7167
vn 0.4153 -0.8684 0.2711
vn 0.4415 -0.8238 0.3556
vn 0.2096 -0.9437 0.2560
vn 0.1231 -0.9613 0.2466
vn 0.7252 -0.6883 -0.0156
vn 0.4447 -0.6049 -0.6606
vn 0.3711 -0.5391 -0.7561
vn -0.2401 -0.7156 -0.6559
vn -0.2386 -0.6550 -0.7170
vn -0.2479 -0.6590 -0.7101
vn -0.2163 0.9636 0.1570
vn -0.0543 0.8429 0.5353
vn 0.3851 0.8673 0.3154
vn 0.1026 0.9941 0.0360
vn -0.3082 0.9474 -0.0868
vn -0.0441 0.9869 -0.1550
vn -0.3432 0.9217 -0.1810
vn -0.1282 0.9601 -0.2487
vn -0.1628 0.8922 -0.4212
vn -0.3822 0.8569 -0.3458
vn -0.3516 0.9147 -0.1991
vn -0.1237 0.9438 -0.3064
vn -0.4092 0.7793 -0.4747
vn -0.3990 0.8094 -0.4310
vn 0.0668 0.7041 0.7070
vn -0.1887 0.6193 0.7621
vn -0.0031 0.6792 0.7340
vn 0.0770 0.7107 0.6993
vn -0.5057 0.8003 0.3221
vn -0.3238 0.6971 0.6398
vn -0.5393 0.8413 0.0371
vn -0.5569 0.8249 -0.0969
vn -0.5980 0.7679 -0.2297
vn -0.5723 0.8102 -0.1264
vn -0.5003 0.7462 -0.4391
vn -0.6059 0.7124 0.3540
vn -0.4254 0.7418 0.5184
vn -0.6437 0.7393 0.1977
vn -0.6299 0.7705 0.0974
vn -0.6400 0.7674 -0.0379
vn -0.6893 0.7079 -0.1537
vn -0.6684 0.7355 -0.1110
vn -0.7025 0.6567 -0.2743
vn -0.2674 0.5629 0.7821
vn -0.2770 0.5929 0.7562
vn -0.0224 0.8924 -0.4507
vn -0.0945 0.8320 -0.5467
vn -0.0110 0.9106 -0.4132
vn -0.0757 0.8811 -0.4668
vn -0.0304 0.8607 -0.5082
vn -0.0594 0.9260 -0.3728
vn 0.0892 0.9857 -0.1432
vn 0.0586 0.9733 -0.2220
vn 0.0393 0.9697 -0.2410
vn 0.2616 0.9640 -0.0471
vn 0.1750 0.9771 -0.1212
vn 0.3901 0.9146 0.1069
vn 0.6158 0.7529 0.2320
vn 0.4811 0.8429 0.2410
vn 0.3998 0.7569 0.5169
vn 0.7327 0.6394 0.2333
vn 0.0549 0.7286 0.6828
vn 0.2914 0.7182 0.6319
vn 0.1611 0.7024 0.6933
vn 0.4567 0.7028 0.5455
vn 0.3608 0.6548 0.6642
vn -0.3884 -0.8643 -0.3195
vn 0.0601 -0.8400 -0.5392
vn 0.2168 -0.9636 -0.1565
vn -0.1069 -0.9938 -0.0293
vn 0.3084 -0.9473 0.0870
vn 0.0474 -0.9866 0.1563
vn 0.3431 -0.9217 0.1808
vn 0.1277 -0.9601 0.2488
vn 0.1616 -0.8923 0.4215
vn 0.1218 -0.9439 0.3071
vn 0.3516 -0.9149 0.1986
vn 0.3823 -0.8569 0.3458
vn 0.4093 -0.7788 0.4753
vn 0.3981 -0.8088 0.4329
vn 0.3160 -0.6968 -0.6439
vn -0.0561 -0.7162 -0.6957
vn 0.1707 -0.6302 -0.7575
vn 0.5065 -0.7999 -0.3218
vn 0.5398 -0.8410 -0.0371
vn 0.5567 -0.8251 0.0961
vn 0.5984 -0.7676 0.2294
vn 0.5716 -0.8105 0.1276
vn 0.5002 -0.7460 0.4397
vn 0.4256 -0.7407 -0.5199
vn 0.6064 -0.7120 -0.3539
vn 0.6923 -0.6792 -0.2439
vn 0.6445 -0.7386 -0.1978
vn 0.6304 -0.7701 -0.0976
vn 0.6426 -0.7637 -0.0612
vn 0.6892 -0.7083 0.1527
vn 0.8737 0.4800 -0.0786
vn 0.7352 0.6680 0.1146
vn 0.7037 -0.6557 0.2735
vn 0.2772 -0.5515 -0.7867
vn 0.2775 -0.5597 -0.7809
vn 0.2220 -0.6143 -0.7572
vn 0.0877 -0.8324 0.5472
vn 0.0196 -0.8922 0.4512
vn 0.0298 -0.8605 0.5086
vn 0.0769 -0.8809 0.4671
vn 0.0138 -0.9099 0.4146
vn 0.0570 -0.9259 0.3733
vn -0.0395 -0.9695 0.2418
vn -0.0583 -0.9732 0.2223
vn -0.0937 -0.9830 0.1579
vn -0.0848 -0.9833 0.1609
vn -0.2298 -0.9706 0.0724
vn -0.2413 -0.9654 0.0985
vn -0.3926 -0.9136 -0.1058
vn -0.7392 -0.6350 -0.2244
vn -0.2550 -0.7998 -0.5433
vn -0.6179 -0.7518 -0.2303
vn -0.1432 -0.7507 -0.6449
vn -0.4628 -0.7044 -0.5382
vn -0.1551 -0.7214 -0.6749
vn -0.3293 -0.7508 -0.5726
vn 0.5171 -0.1931 -0.8339
vn 0.3900 -0.3217 -0.8628
vn 0.3890 -0.3196 -0.8640
vn 0.5092 -0.2089 -0.8349
vn -0.5121 -0.5322 0.6741
vn -0.4898 -0.5780 0.6527
vn -0.4898 -0.5761 0.6544
vn -0.5085 -0.5398 0.6709
vn -0.6389 -0.6192 -0.4565
vn -0.7042 -0.6480 -0.2902
vn -0.7028 -0.6453 -0.2996
vn -0.6404 -0.6160 -0.4588
vn -0.6053 -0.7014 0.3763
vn -0.4542 -0.6765 0.5797
vn -0.4696 -0.6728 0.5717
vn -0.6035 -0.7025 0.3771
vn -0.0747 0.2010 -0.9767
vn -0.1056 0.2389 -0.9653
vn -0.1035 0.2362 -0.9662
vn -0.0724 0.1981 -0.9775
vn -0.6010 -0.7286 0.3287
vn -0.6003 -0.7292 0.3285
vn -0.5093 -0.5076 0.6949
vn -0.4648 -0.5839 0.6656
vn -0.4678 -0.5808 0.6662
vn -0.5107 -0.5055 0.6954
vn -0.7573 -0.6241 0.1923
vn -0.6236 -0.5684 0.5368
vn -0.6248 -0.5670 0.5367
vn -0.7580 -0.6234 0.1916
vn 0.1613 -0.0065 -0.9869
vn 0.1666 -0.0152 -0.9859
vn 0.1663 -0.0144 -0.9860
vn 0.1610 -0.0059 -0.9869
vn -0.7590 -0.6490 0.0523
vn -0.7586 -0.6494 0.0525
vn -0.7156 -0.6968 0.0495
vn -0.7052 -0.6178 0.3480
vn -0.7122 -0.6147 0.3390
vn -0.7128 -0.6995 0.0517
vn -0.6480 -0.4850 0.5873
vn 0.8813 0.1123 -0.4590
vn 0.7269 0.5219 -0.4465
vn -0.5013 -0.6118 0.6118
vn -0.6488 -0.4841 0.5871
vn -0.6774 -0.7352 -0.0243
vn -0.6791 -0.7336 -0.0256
vn -0.2175 -0.8318 0.5107
vn -0.2218 -0.8241 0.5212
vn -0.5359 -0.7439 0.3994
vn -0.5342 -0.7482 0.3935
vn -0.6234 -0.6872 0.3730
vn -0.6238 -0.6861 0.3743
vn -0.9255 0.0843 -0.3693
vn -0.9294 0.1019 -0.3548
vn -0.9288 0.0993 -0.3570
vn -0.9249 0.0817 -0.3714
vn 0.8614 -0.2032 -0.4655
vn 0.8612 -0.2139 -0.4612
vn 0.9629 -0.1032 -0.2495
vn 0.9628 -0.1033 -0.2497
vn 0.7345 -0.3487 -0.5821
vn 0.7820 -0.2969 -0.5479
vn 0.7815 -0.3008 -0.5466
vn 0.7351 -0.3441 -0.5842
vn -0.9265 -0.2168 -0.3077
vn -0.9325 -0.2177 -0.2882
vn -0.9323 -0.2209 -0.2864
vn -0.9263 -0.2148 -0.3095
vn 0.8356 -0.1029 -0.5395
vn 0.8356 -0.0977 -0.5406
vn 0.9490 -0.1121 -0.2947
vn 0.9491 -0.1102 -0.2950
vn -0.9365 -0.1322 -0.3248
vn -0.9370 -0.1412 -0.3195
vn 0.9897 -0.0230 -0.1412
vn 0.9897 -0.0258 -0.1410
vn 0.9401 -0.1392 -0.3113
vn 0.9341 -0.1319 -0.3319
vn 0.9340 -0.1327 -0.3318
vn 0.9396 -0.1420 -0.3115
vn -0.7776 -0.0971 -0.6212
vn -0.7804 -0.1212 -0.6134
vn -0.7802 -0.1196 -0.6140
vn -0.7774 -0.0954 -0.6218
vn 0.9982 -0.0249 0.0539
vn 0.9982 -0.0270 0.0542
vn 0.9704 -0.2347 0.0568
vn 0.9700 -0.2365 0.0570
vn 0.9207 -0.1924 0.3395
vn 0.9182 -0.2006 0.3416
vn 0.8865 -0.3911 0.2473
vn 0.8806 -0.4065 0.2435
vn 0.7754 -0.5182 -0.3609
vn 0.8621 -0.4067 -0.3022
vn 0.8577 -0.4140 -0.3050
vn 0.7727 -0.5222 -0.3609
vn -0.2114 0.3663 -0.9062
vn -0.2965 0.2343 -0.9259
vn -0.2911 0.2431 -0.9253
vn -0.2055 0.3747 -0.9041
vn 0.7544 -0.5312 -0.3855
vn 0.7536 -0.5320 -0.3861
vn 0.6651 -0.6402 0.3843
vn 0.4235 -0.7165 0.5543
vn 0.4262 -0.7142 0.5552
vn 0.7054 -0.6174 0.3482
vn 0.8516 -0.4549 0.2607
vn 0.8521 -0.4461 0.2737
vn 0.9890 -0.1366 0.0574
vn 0.9892 -0.1369 0.0518
vn 0.9899 -0.1290 0.0582
vn 0.9890 -0.1365 0.0575
vn -0.4170 0.6502 -0.6351
vn -0.3611 0.6669 -0.6518
vn -0.3630 0.6632 -0.6545
vn -0.4238 0.6487 -0.6321
vn 0.8519 -0.4265 -0.3041
vn 0.8582 -0.4091 -0.3100
vn 0.7987 -0.3994 -0.4501
vn 0.8026 -0.3962 -0.4459
vn -0.4641 0.6550 -0.5964
vn -0.4635 0.6560 -0.5957
vn 0.0445 0.6963 0.7163
vn -0.2110 0.5958 0.7749
vn -0.2788 0.5685 0.7740
vn -0.6919 0.6794 0.2443
vn -0.0124 0.9675 -0.2526
vn -0.6422 0.7641 0.0604
vn -0.6499 0.7502 -0.1218
vn -0.1022 0.9308 -0.3508
vn -0.6506 0.7497 -0.1213
vn -0.2852 -0.7177 -0.6352
vn -0.3530 -0.6540 -0.6691
vn -0.0804 -0.6981 -0.7115
vn 0.0039 -0.6803 -0.7329
vn -0.4822 -0.8427 -0.2397
vn 0.0119 -0.9675 0.2525
vn 0.1014 -0.9313 0.3500
vn 0.6403 -0.7672 0.0379
vn 0.6505 -0.7497 0.1216
vn 0.6568 -0.7457 0.1119
vn -0.1322 0.9865 0.0965
vn -0.3772 0.8937 -0.2430
vn -0.6980 0.7114 0.0826
vn -0.3821 0.8735 0.3015
vn 0.0409 0.9563 0.2896
vn -0.1815 0.8822 0.4345
vn 0.1128 0.9268 0.3583
vn -0.0657 0.8696 0.4894
vn 0.0454 0.7859 0.6167
vn 0.2242 0.8491 0.4783
vn 0.1287 0.9199 0.3704
vn -0.0447 0.8416 0.5382
vn 0.3158 0.7624 0.5649
vn 0.2827 0.7948 0.5370
vn -0.5075 0.7577 -0.4102
vn -0.2754 0.7850 -0.5549
vn -0.4478 0.7661 -0.4611
vn -0.5157 0.7585 -0.3984
vn 0.1130 0.9768 -0.1818
vn -0.1332 0.8804 -0.4552
vn 0.2328 0.9690 0.0821
vn 0.3006 0.9337 0.1947
vn 0.4004 0.8701 0.2874
vn 0.3289 0.9200 0.2129
vn 0.3937 0.7727 0.4979
vn 0.2157 0.9399 -0.2648
vn -0.0120 0.9338 -0.3576
vn 0.2974 0.9467 -0.1240
vn 0.3120 0.9499 -0.0190
vn 0.3699 0.9236 0.1009
vn 0.4716 0.8643 0.1750
vn 0.4301 0.8902 0.1502
vn 0.5405 0.7982 0.2659
vn -0.1965 0.7664 -0.6116
vn -0.1872 0.7920 -0.5812
vn -0.0695 0.7289 0.6811
vn 0.0458 0.6810 0.7309
vn -0.0978 0.7488 0.6555
vn -0.0131 0.7348 0.6781
vn -0.0332 0.6915 0.7216
vn -0.0735 0.7886 0.6105
vn -0.3042 0.8348 0.4589
vn -0.2455 0.8189 0.5188
vn -0.2206 0.8189 0.5299
vn -0.4860 0.7716 0.4105
vn -0.3861 0.8001 0.4590
vn -0.6415 0.7106 0.2888
vn -0.8422 0.5064 0.1849
vn -0.7503 0.6392 0.1685
vn -0.7518 0.6461 -0.1316
vn -0.9151 0.3608 0.1799
vn -0.4950 0.7795 -0.3838
vn -0.6851 0.6736 -0.2773
vn -0.5863 0.7191 -0.3730
vn -0.7974 0.5820 -0.1592
vn -0.7407 0.5972 -0.3079
vn 0.7015 -0.7083 -0.0788
vn 0.3727 -0.8939 0.2489
vn 0.1315 -0.9866 -0.0968
vn 0.3836 -0.8704 -0.3087
vn -0.0412 -0.9562 -0.2897
vn 0.1780 -0.8828 -0.4347
vn -0.1126 -0.9268 -0.3582
vn 0.0661 -0.8695 -0.4895
vn -0.0445 -0.7855 -0.6172
vn 0.0460 -0.8409 -0.5393
vn -0.1284 -0.9201 -0.3701
vn -0.2243 -0.8491 -0.4783
vn -0.3162 -0.7619 -0.5653
vn -0.2828 -0.7936 -0.5387
vn 0.1416 -0.8782 0.4570
vn 0.4973 -0.7704 0.3990
vn 0.2929 -0.7874 0.5425
vn -0.1139 -0.9767 0.1819
vn -0.2333 -0.9689 -0.0819
vn -0.3001 -0.9340 -0.1941
vn -0.4007 -0.8701 -0.2869
vn -0.3286 -0.9198 -0.2144
vn -0.3938 -0.7723 -0.4984
vn 0.0120 -0.9331 0.3595
vn -0.2163 -0.9397 0.2649
vn -0.3411 -0.9190 0.1976
vn -0.2982 -0.9464 0.1244
vn -0.3124 -0.9498 0.0195
vn -0.3380 -0.9411 -0.0087
vn -0.4711 -0.8647 -0.1743
vn -0.3299 0.7012 -0.6321
vn -0.6706 0.7069 -0.2250
vn -0.5415 -0.7980 -0.2646
vn 0.1863 -0.7606 0.6219
vn 0.1862 -0.7670 0.6141
vn 0.2427 -0.7916 0.5607
vn -0.0398 -0.6788 -0.7332
vn 0.0715 -0.7278 -0.6820
vn 0.0334 -0.6911 -0.7220
vn 0.0117 -0.7350 -0.6780
vn 0.0947 -0.7489 -0.6559
vn 0.0753 -0.7876 -0.6115
vn 0.2203 -0.8184 -0.5307
vn 0.2451 -0.8189 -0.5190
vn 0.3022 -0.8278 -0.4727
vn 0.2933 -0.8307 -0.4732
vn 0.4505 -0.7840 -0.4270
vn 0.4501 -0.7699 -0.4524
vn 0.6432 -0.7086 -0.2903
vn 0.9166 -0.3526 -0.1884
vn 0.6440 -0.7433 0.1810
vn 0.8431 -0.5043 -0.1867
vn 0.5666 -0.7598 0.3188
vn 0.8010 -0.5796 0.1503
vn 0.5797 -0.7349 0.3520
vn 0.7070 -0.6775 0.2030
vn -0.1111 -0.5320 0.8394
vn 0.0485 -0.6081 0.7924
vn 0.0491 -0.6062 0.7938
vn -0.0994 -0.5436 0.8334
vn 0.3662 -0.1616 -0.9164
vn 0.3667 -0.2157 -0.9050
vn 0.3656 -0.2136 -0.9059
vn 0.3662 -0.1704 -0.9148
vn 0.9052 -0.4214 0.0554
vn 0.9124 -0.3904 -0.1230
vn 0.9137 -0.3904 -0.1131
vn 0.9062 -0.4188 0.0577
vn 0.6023 -0.3414 -0.7215
vn 0.3885 -0.3328 -0.8593
vn 0.4039 -0.3254 -0.8550
vn 0.6008 -0.3426 -0.7222
vn 0.3573 0.0139 0.9339
vn 0.3703 0.0618 0.9269
vn 0.3694 0.0583 0.9275
vn 0.3564 0.0106 0.9343
vn 0.6229 -0.3774 -0.6853
vn 0.6224 -0.3786 -0.6851
vn 0.3494 -0.1363 -0.9270
vn 0.3415 -0.2274 -0.9120
vn 0.3430 -0.2234 -0.9124
vn 0.3499 -0.1335 -0.9272
vn 0.7817 -0.2524 -0.5703
vn 0.5245 -0.1814 -0.8318
vn 0.5252 -0.1800 -0.8317
vn 0.7824 -0.2518 -0.5696
vn 0.2084 -0.2631 0.9420
vn 0.2057 -0.2727 0.9399
vn 0.2059 -0.2719 0.9400
vn 0.2088 -0.2618 0.9423
vn 0.8399 -0.3026 -0.4507
vn 0.8395 -0.3033 -0.4509
vn 0.8157 -0.3622 -0.4511
vn 0.6782 -0.2344 -0.6965
vn 0.6871 -0.2305 -0.6890
vn 0.8132 -0.3653 -0.4532
vn 0.5051 -0.0864 -0.8588
vn -0.0413 -0.9947 0.0938
vn -0.4509 0.6057 0.6556
vn 0.5049 -0.0866 -0.8588
vn 0.4009 -0.2504 -0.8812
vn 0.5057 -0.0853 -0.8585
vn 0.8184 -0.4262 -0.3856
vn 0.8199 -0.4244 -0.3843
vn 0.2452 -0.5745 -0.7809
vn 0.2432 -0.5640 -0.7891
vn 0.5442 -0.4007 -0.7371
vn 0.5460 -0.4067 -0.7324
vn 0.6157 -0.3226 -0.7189
vn 0.6154 -0.3212 -0.7198
vn 0.9331 0.3403 0.1163
vn 0.9266 0.3604 0.1075
vn 0.9276 0.3572 0.1089
vn 0.9340 0.3373 0.1176
vn -0.5462 -0.5925 0.5921
vn -0.5446 -0.6013 0.5846
vn -0.7415 -0.4954 0.4526
vn -0.7413 -0.4954 0.4528
vn -0.3511 -0.7020 0.6196
vn -0.4201 -0.6653 0.6172
vn -0.4191 -0.6683 0.6146
vn -0.3522 -0.6984 0.6230
vn 0.9963 0.0788 -0.0335
vn 0.9950 0.0843 -0.0529
vn 0.9951 0.0817 -0.0556
vn 0.9963 0.0803 -0.0310
vn -0.5250 -0.5071 0.6836
vn -0.5261 -0.5025 0.6861
vn -0.7106 -0.5071 0.4877
vn -0.7111 -0.5054 0.4887
vn 0.9877 0.1562 0.0060
vn 0.9888 0.1490 -0.0020
vn -0.8263 -0.4103 0.3859
vn -0.8257 -0.4127 0.3847
vn -0.6892 -0.5319 0.4920
vn -0.6785 -0.5273 0.5114
vn -0.6783 -0.5279 0.5111
vn -0.6880 -0.5340 0.4914
vn 0.9414 0.0707 0.3299
vn 0.9479 0.0513 0.3145
vn 0.9475 0.0526 0.3155
vn 0.9409 0.0721 0.3310
vn -0.9027 -0.3760 0.2093
vn -0.9021 -0.3781 0.2082
vn -0.8201 -0.5561 0.1344
vn -0.8193 -0.5576 0.1336
vn -0.8879 -0.4431 -0.1241
vn -0.8841 -0.4492 -0.1291
vn -0.7694 -0.6292 -0.1100
vn -0.7583 -0.6420 -0.1130
vn -0.4190 -0.8263 0.3763
vn -0.5475 -0.7455 0.3802
vn -0.5409 -0.7507 0.3794
vn -0.4155 -0.8290 0.3744
vn 0.4076 0.2283 0.8841
vn 0.5275 0.1354 0.8387
vn 0.5201 0.1416 0.8423
vn 0.3997 0.2340 0.8863
vn -0.3875 -0.8357 0.3892
vn -0.3863 -0.8362 0.3892
vn -0.5507 -0.7476 -0.3712
vn -0.3745 -0.6944 -0.6144
vn -0.3775 -0.6933 -0.6139
vn -0.5802 -0.7488 -0.3203
vn -0.7249 -0.6720 -0.1511
vn -0.7325 -0.6617 -0.1601
vn -0.8647 -0.4730 0.1690
vn -0.8627 -0.4748 0.1743
vn -0.8678 -0.4666 0.1710
vn -0.8645 -0.4732 0.1691
vn 0.4156 0.6158 0.6693
vn 0.3672 0.6069 0.7048
vn 0.3710 0.6040 0.7054
vn 0.4211 0.6175 0.6644
vn -0.5325 -0.7597 0.3731
vn -0.5410 -0.7474 0.3856
vn -0.4412 -0.7448 0.5005
vn -0.4471 -0.7425 0.4987
vn 0.4426 0.6451 0.6229
vn 0.4417 0.6458 0.6228
vn -0.4887 0.7607 -0.4271
vn -0.2535 0.7743 -0.5798
vn -0.1851 0.7741 -0.6054
vn 0.3406 0.9192 -0.1978
vn -0.1697 0.8333 0.5261
vn 0.3379 0.9411 0.0094
vn 0.4133 0.8947 0.1696
vn -0.0445 0.8131 0.5805
vn 0.4138 0.8946 0.1687
vn 0.6807 -0.6760 0.2821
vn 0.7353 -0.6001 0.3148
vn 0.5195 -0.7483 0.4126
vn 0.4469 -0.7672 0.4600
vn 0.7507 -0.6384 -0.1700
vn 0.1702 -0.8332 -0.5261
vn 0.0456 -0.8133 -0.5800
vn -0.3703 -0.9234 -0.1008
vn -0.4139 -0.8945 -0.1690
vn -0.4172 -0.8951 -0.1571
vn -0.7087 -0.2114 -0.6731
vn -0.6684 0.3875 -0.6349
vn -0.4591 0.3124 -0.8316
vn -0.2823 0.1072 -0.9533
vn -0.1855 -0.1731 -0.9673
vn -0.1944 -0.4535 -0.8698
vn -0.3069 -0.6587 -0.6870
vn -0.4926 -0.7338 -0.4679
vn -0.7019 -0.6587 -0.2711
vn -0.8786 -0.4535 -0.1495
vn -0.9755 -0.1731 -0.1355
vn -0.9666 0.1072 -0.2329
vn -0.8542 0.3124 -0.4157
vn -0.4506 0.7834 -0.4280
vn -0.1233 0.6660 -0.7357
vn 0.1532 0.3450 -0.9260
vn -0.1855 -0.1732 -0.9673
vn 0.3047 -0.0934 -0.9479
vn 0.2907 -0.5318 -0.7954
vn -0.3068 -0.6587 -0.6870
vn 0.1149 -0.8527 -0.5095
vn -0.1756 -0.9702 -0.1668
vn -0.5029 -0.8528 0.1409
vn -0.8787 -0.4535 -0.1495
vn -0.7794 -0.5319 0.3312
vn -0.9309 -0.0934 0.3531
vn -0.9666 0.1072 -0.2330
vn -0.9169 0.3450 0.2006
vn -0.8541 0.3124 -0.4158
vn -0.7411 0.6660 -0.0853
vn -0.1533 0.9774 -0.1456
vn 0.2116 0.8465 -0.4886
vn 0.5198 0.4887 -0.7007
vn 0.6731 -0.4887 -0.5551
vn 0.4771 -0.8465 -0.2365
vn 0.1533 -0.9774 0.1456
vn -0.2116 -0.8465 0.4886
vn -0.5198 -0.4887 0.7007
vn -0.6731 0.4887 0.5551
vn -0.4770 0.8465 0.2365
vn 0.1756 0.9702 0.1668
vn 0.5029 0.8527 -0.1410
vn 0.7794 0.5318 -0.3312
vn 0.9309 0.0934 -0.3530
vn 0.9169 -0.3450 -0.2007
vn 0.7411 -0.6660 0.0853
vn 0.4506 -0.7834 0.4280
vn 0.1233 -0.6660 0.7357
vn -0.1532 -0.3450 0.9260
vn -0.3047 0.0934 0.9479
vn -0.2906 0.5319 0.7954
vn -0.1149 0.8528 0.5095
vn 0.4926 0.7338 0.4679
vn 0.7019 0.6587 0.2711
vn 0.8787 0.4535 0.1494
vn 0.9755 0.1731 0.1355
vn 0.9666 -0.1072 0.2330
vn 0.8541 -0.3124 0.4157
vn 0.6684 -0.3875 0.6349
vn 0.4591 -0.3124 0.8316
vn 0.2824 -0.1072 0.9533
vn 0.1855 0.1731 0.9673
vn 0.1944 0.4535 0.8698
vn 0.3069 0.6587 0.6870
vn 0.7087 0.2114 0.6731
vn 0.8787 0.4535 0.1495
vn 0.8542 -0.3124 0.4157
vn 0.2823 -0.1072 0.9533
vn 0.1945 0.4535 0.8698
vt 0.835836 0.584617
vt 0.866420 0.563541
vt 0.874085 0.596351
vt 0.848177 0.595701
vt 0.052261 0.886203
vt 0.052021 0.867453
vt 0.092405 0.868212
vt 0.092646 0.886963
vt 0.113156 0.655382
vt 0.127797 0.652877
vt 0.117298 0.698831
vt 0.102656 0.701336
vt 0.291631 0.852503
vt 0.308332 0.851461
vt 0.295353 0.890953
vt 0.278652 0.891996
vt 0.278652 0.774948
vt 0.295353 0.773905
vt 0.310222 0.805556
vt 0.293521 0.806598
vt 0.974735 0.370545
vt 0.975022 0.395681
vt 0.939656 0.383961
vt 0.955573 0.359131
vt 0.000241 0.886963
vt 0.000000 0.868212
vt 0.892158 0.576433
vt 0.891682 0.589379
vt 0.102656 0.613262
vt 0.117298 0.610757
vt 0.518325 0.768970
vt 0.517458 0.753717
vt 0.569648 0.752155
vt 0.570515 0.767408
vt 0.962440 0.413208
vt 0.939656 0.414362
vt 0.044718 0.823956
vt 0.065632 0.821787
vt 0.018163 0.824344
vt 0.216321 0.876852
vt 0.165925 0.872024
vt 0.190327 0.829249
vt 0.216053 0.831713
vt 0.134329 0.841972
vt 0.174199 0.813908
vt 0.138333 0.794152
vt 0.176243 0.789497
vt 0.337859 0.813005
vt 0.336894 0.836439
vt 0.603779 0.735533
vt 0.557641 0.697830
vt 0.575190 0.691366
vt 0.529717 0.698898
vt 0.517458 0.689487
vt 0.524650 0.678409
vt 0.534028 0.685984
vt 0.024499 0.813479
vt 0.042286 0.812990
vt 0.198133 0.816978
vt 0.216321 0.818721
vt 0.186547 0.806658
vt 0.187666 0.790338
vt 0.188764 0.771917
vt 0.196270 0.778626
vt 0.552689 0.685881
vt 0.565027 0.680562
vt 0.055988 0.813479
vt 0.042331 0.763252
vt 0.058817 0.763840
vt 0.020930 0.763840
vt 0.762726 0.297906
vt 0.746761 0.293041
vt 0.743517 0.250967
vt 0.762726 0.256819
vt 0.731428 0.295341
vt 0.725069 0.253734
vt 0.943892 0.560152
vt 0.930513 0.555875
vt 0.930100 0.509382
vt 0.946198 0.514528
vt 0.914762 0.555252
vt 0.911149 0.508632
vt 0.903659 0.560152
vt 0.897790 0.514528
vt 0.531343 0.647707
vt 0.553796 0.647582
vt 0.520059 0.638592
vt 0.523978 0.635314
vt 0.533510 0.643013
vt 0.975953 0.886462
vt 0.956587 0.888027
vt 0.959396 0.883826
vt 0.975755 0.882503
vt 0.943383 0.870451
vt 0.948242 0.868979
vt 0.943156 0.851784
vt 0.948051 0.853210
vt 0.958566 0.839541
vt 0.961068 0.842869
vt 0.975953 0.837686
vt 0.975755 0.841302
vt 0.568640 0.641183
vt 0.552476 0.642908
vt 0.565016 0.637502
vt 0.938511 0.065735
vt 0.924584 0.065238
vt 0.924522 -0.000000
vt 0.941817 0.000617
vt 0.906507 0.065735
vt 0.902072 0.000617
vt 0.869834 0.964815
vt 0.853647 0.959744
vt 0.849732 0.904770
vt 0.869834 0.911068
vt 0.838046 0.961958
vt 0.830358 0.907520
vt 0.943384 0.629533
vt 0.929787 0.625186
vt 0.929072 0.564327
vt 0.945959 0.569725
vt 0.913778 0.624553
vt 0.909192 0.563541
vt 0.902493 0.629533
vt 0.895177 0.569725
vt 0.530230 0.592533
vt 0.553783 0.592402
vt 0.518392 0.582972
vt 0.521945 0.580395
vt 0.532195 0.588675
vt 0.976222 0.051167
vt 0.955906 0.052809
vt 0.958249 0.049026
vt 0.975842 0.047604
vt 0.942055 0.034371
vt 0.946255 0.033059
vt 0.941817 0.014789
vt 0.946049 0.016102
vt 0.957982 0.001946
vt 0.960048 0.004981
vt 0.976222 -0.000000
vt 0.975842 0.003296
vt 0.569356 0.585690
vt 0.552591 0.588561
vt 0.566076 0.582749
vt 0.272393 0.771917
vt 0.257417 0.771382
vt 0.256417 0.742123
vt 0.271403 0.742975
vt 0.237976 0.771917
vt 0.236986 0.742975
vt 0.943374 0.270672
vt 0.926077 0.264877
vt 0.923119 0.242383
vt 0.940318 0.247298
vt 0.909256 0.266928
vt 0.906377 0.245145
vt 0.821236 0.868496
vt 0.806613 0.863821
vt 0.806022 0.838918
vt 0.820637 0.843348
vt 0.789398 0.863141
vt 0.788799 0.837993
vt 0.777262 0.868496
vt 0.776636 0.842532
vt 0.533268 0.564516
vt 0.553641 0.565312
vt 0.257114 0.698551
vt 0.277464 0.699709
vt 0.230727 0.699709
vt 0.920017 0.202927
vt 0.943374 0.209600
vt 0.897282 0.206677
vt 0.808530 0.796600
vt 0.828377 0.802616
vt 0.785141 0.795343
vt 0.768625 0.801507
vt 0.858001 0.559391
vt 0.837721 0.559320
vt 0.830462 0.524723
vt 0.858001 0.524819
vt 0.979636 0.564172
vt 0.966748 0.576901
vt 0.964339 0.572329
vt 0.975500 0.561306
vt 0.407523 0.899952
vt 0.431645 0.898804
vt 0.428874 0.903290
vt 0.407985 0.904285
vt 0.447809 0.920938
vt 0.442871 0.922458
vt 0.447809 0.943893
vt 0.442871 0.942335
vt 0.428449 0.958324
vt 0.426107 0.954832
vt 0.406786 0.959907
vt 0.407347 0.956203
vt 0.978272 0.517872
vt 0.983376 0.536738
vt 0.978739 0.537550
vt 0.974319 0.521212
vt 0.324018 0.948756
vt 0.306395 0.947754
vt 0.305921 0.933318
vt 0.323525 0.933167
vt 0.283545 0.948756
vt 0.283053 0.933167
vt 0.564683 0.944772
vt 0.544133 0.940284
vt 0.541528 0.924705
vt 0.562406 0.932330
vt 0.524690 0.944772
vt 0.521821 0.926661
vt 0.547050 0.290855
vt 0.551940 0.273575
vt 0.573657 0.272292
vt 0.567909 0.289642
vt 0.552652 0.253305
vt 0.573511 0.252091
vt 0.547050 0.239104
vt 0.565043 0.238122
vt 0.962628 0.559639
vt 0.962628 0.535710
vt 0.308417 0.892193
vt 0.331331 0.891996
vt 0.278652 0.891996
vt 0.543108 0.887141
vt 0.570284 0.897065
vt 0.517458 0.889686
vt 0.612776 0.270861
vt 0.605294 0.293443
vt 0.612586 0.244567
vt 0.601564 0.226384
vt 0.801760 0.562217
vt 0.778446 0.560541
vt 0.771415 0.524723
vt 0.801760 0.526905
vt 0.766558 0.884279
vt 0.787046 0.868496
vt 0.788789 0.877247
vt 0.773484 0.889038
vt 0.813618 0.868496
vt 0.808640 0.877247
vt 0.828377 0.894203
vt 0.819665 0.896451
vt 0.825324 0.919966
vt 0.817384 0.915697
vt 0.802200 0.935129
vt 0.800110 0.927025
vt 0.778263 0.935749
vt 0.782228 0.927488
vt 0.765364 0.915335
vt 0.772592 0.912238
vt 0.940871 0.816381
vt 0.923754 0.816528
vt 0.926178 0.762028
vt 0.948265 0.761838
vt 0.901518 0.816381
vt 0.897489 0.761838
vt 0.948160 0.508632
vt 0.927029 0.504098
vt 0.921936 0.456702
vt 0.949201 0.462552
vt 0.908314 0.508632
vt 0.897790 0.462552
vt 0.134329 0.937080
vt 0.140847 0.920546
vt 0.191201 0.920255
vt 0.182792 0.941588
vt 0.141796 0.900926
vt 0.192426 0.894941
vt 0.134329 0.886907
vt 0.182792 0.876852
vt 0.403378 0.974506
vt 0.380784 0.972042
vt 0.374227 0.926535
vt 0.403378 0.929715
vt 0.844662 0.707038
vt 0.830357 0.694679
vt 0.836501 0.689940
vt 0.848126 0.700380
vt 0.725052 0.871034
vt 0.750664 0.871034
vt 0.745760 0.876964
vt 0.724750 0.876930
vt 0.764890 0.895811
vt 0.758077 0.897188
vt 0.761946 0.920644
vt 0.756311 0.917434
vt 0.739658 0.935259
vt 0.738410 0.929322
vt 0.716586 0.935856
vt 0.719499 0.929779
vt 0.704154 0.916180
vt 0.708787 0.913718
vt 0.874666 0.706056
vt 0.872530 0.700993
vt 0.892157 0.268098
vt 0.874231 0.267744
vt 0.875194 0.203498
vt 0.897282 0.203934
vt 0.850950 0.268098
vt 0.846507 0.203934
vt 0.050881 0.947176
vt 0.029504 0.941413
vt 0.024540 0.886963
vt 0.050881 0.894064
vt 0.009588 0.945100
vt -0.000000 0.891507
vt 0.894319 0.523341
vt 0.876879 0.517292
vt 0.876300 0.457788
vt 0.897790 0.465241
vt 0.856289 0.516411
vt 0.850930 0.456702
vt 0.841705 0.523341
vt 0.832959 0.465241
vt 0.844681 0.651774
vt 0.874752 0.652529
vt 0.830357 0.638909
vt 0.835525 0.633370
vt 0.847866 0.644454
vt 0.848992 0.198351
vt 0.873708 0.197975
vt 0.646619 0.299064
vt 0.621935 0.283508
vt 0.627360 0.279206
vt 0.648627 0.292608
vt 0.612776 0.260201
vt 0.619469 0.259126
vt 0.626005 0.237263
vt 0.630867 0.239364
vt 0.646619 0.226384
vt 0.648627 0.229991
vt 0.895177 0.644436
vt 0.873773 0.645104
vt 0.891371 0.638132
vt 0.892738 0.198351
vt 0.872947 0.138131
vt 0.891977 0.138507
vt 0.848231 0.138507
vt 0.491074 0.954976
vt 0.469267 0.946206
vt 0.469267 0.898804
vt 0.491074 0.907574
vt 0.447809 0.947581
vt 0.447809 0.900179
vt 0.610193 0.950087
vt 0.592058 0.942663
vt 0.592058 0.889269
vt 0.610193 0.896694
vt 0.570284 0.940534
vt 0.570284 0.887141
vt 0.341029 0.044095
vt 0.343296 -0.000000
vt 0.381731 0.000673
vt 0.377170 0.043295
vt 0.344374 0.118563
vt 0.382303 0.116213
vt 0.347955 0.161437
vt 0.384805 0.158138
vt 0.379929 0.213769
vt 0.353174 0.217378
vt 0.351633 0.200859
vt 0.381220 0.199036
vt 0.363754 0.274029
vt 0.382378 0.259089
vt 0.565381 0.825118
vt 0.584191 0.809785
vt 0.601311 0.858858
vt 0.597399 0.887141
vt 0.308607 0.047329
vt 0.318497 0.004375
vt 0.309234 0.120627
vt 0.313175 0.162498
vt 0.327783 0.216873
vt 0.324138 0.203305
vt 0.339792 0.261778
vt 0.990800 0.201154
vt 0.974357 0.164325
vt 0.990800 0.138131
vt 0.650368 0.261242
vt 0.681458 0.258695
vt 0.681458 0.299294
vt 0.293230 0.091940
vt 0.279551 0.053924
vt 0.283865 0.122759
vt 0.280691 0.162115
vt 0.304098 0.213180
vt 0.300903 0.206119
vt 0.314687 0.231511
vt 0.607184 0.831722
vt 0.606597 0.795848
vt 0.389892 0.211360
vt 0.393284 0.240573
vt 0.398560 0.209270
vt 0.407920 0.207239
vt 0.404847 0.215758
vt 0.389302 0.198732
vt 0.422449 0.114501
vt 0.422957 0.134236
vt 0.402628 0.122883
vt 0.401233 0.044939
vt 0.417753 0.062446
vt 0.389139 0.029833
vt 0.407113 0.008198
vt 0.412893 0.031619
vt 0.378820 0.773799
vt 0.362562 0.752420
vt 0.382868 0.752420
vt 0.974913 0.455114
vt 0.960484 0.436022
vt 0.974913 0.414362
vt 0.572813 0.875513
vt 0.546163 0.845060
vt 0.551971 0.840742
vt 0.549540 0.865524
vt 0.533390 0.854049
vt 0.331408 0.274029
vt 0.368583 0.276476
vt 0.366778 0.320256
vt 0.331643 0.316578
vt 0.357223 0.393660
vt 0.320179 0.388408
vt 0.350227 0.435693
vt 0.314218 0.429565
vt 0.314792 0.484690
vt 0.314630 0.469143
vt 0.343987 0.471349
vt 0.340666 0.490328
vt 0.326235 0.544660
vt 0.308584 0.528709
vt 0.337859 0.775745
vt 0.365870 0.773905
vt 0.358641 0.816841
vt 0.337859 0.819537
vt 0.392617 0.282374
vt 0.398398 0.325678
vt 0.391798 0.398171
vt 0.384576 0.439155
vt 0.365662 0.491624
vt 0.371241 0.476146
vt 0.350850 0.534472
vt 0.970657 0.908184
vt 0.987639 0.933991
vt 0.970657 0.970143
vt 0.129764 0.391614
vt 0.102656 0.372762
vt 0.128261 0.333772
vt 0.114551 0.436940
vt 0.102656 0.420197
vt 0.410083 0.370683
vt 0.417125 0.401824
vt 0.420950 0.420164
vt 0.389679 0.489453
vt 0.393444 0.482822
vt 0.276145 0.275052
vt 0.377743 0.506524
vt 0.118105 0.509386
vt 0.129265 0.528869
vt 0.102656 0.528869
vt 0.109945 0.466282
vt 0.120930 0.463779
vt 0.125411 0.501685
vt 0.299896 0.509657
vt 0.305431 0.481515
vt 0.290323 0.484362
vt 0.287940 0.475585
vt 0.296878 0.478615
vt 0.306945 0.469273
vt 0.299746 0.393153
vt 0.278652 0.402722
vt 0.280798 0.383294
vt 0.300407 0.385839
vt 0.308083 0.315903
vt 0.290263 0.331864
vt 0.321599 0.302329
vt 0.944018 0.420974
vt 0.960484 0.414362
vt 0.960484 0.452271
vt 0.939656 0.450552
vt 0.102247 0.879721
vt 0.092646 0.854167
vt 0.102247 0.846434
vt 0.387812 0.836832
vt 0.370412 0.847010
vt 0.382298 0.823520
vt 0.985763 0.554024
vt 0.990956 0.576653
vt 0.988571 0.576901
vt 0.983376 0.554153
vt 0.650282 0.252762
vt 0.648627 0.227310
vt 0.650282 0.226384
vt 0.062317 0.946297
vt 0.066895 0.963711
vt 0.064485 0.963902
vt 0.608919 0.764477
vt 0.608918 0.745340
vt 0.611069 0.745962
vt 0.613872 0.625461
vt 0.615661 0.648691
vt 0.613872 0.649630
vt 0.422871 0.440741
vt 0.420950 0.406057
vt 0.422871 0.404934
vt 0.420950 0.440741
vt 0.422637 0.481238
vt 0.420950 0.481389
vt 0.092971 0.946477
vt 0.092971 0.967929
vt 0.090545 0.967955
vt 0.090549 0.946297
vt 0.422740 0.321171
vt 0.420950 0.274920
vt 0.422740 0.274029
vt 0.420950 0.321171
vt 0.422662 0.370254
vt 0.420949 0.370434
vt 0.613872 0.596442
vt 0.613872 0.564516
vt 0.615392 0.564880
vt 0.277844 0.894105
vt 0.275668 0.920782
vt 0.273755 0.921393
vt 0.272485 0.957743
vt 0.270338 0.937372
vt 0.272262 0.936852
vt 0.274476 0.957452
vt 0.022760 0.947440
vt 0.022760 0.961601
vt 0.020460 0.961313
vt 0.020452 0.947176
vt 0.275841 0.985204
vt 0.277844 0.985122
vt 0.604767 0.688803
vt 0.603779 0.681294
vt 0.605731 0.681177
vt 0.606690 0.688824
vt 0.611069 0.656012
vt 0.830253 0.822079
vt 0.830253 0.848391
vt 0.828378 0.822745
vt 0.605892 0.709210
vt 0.607783 0.709533
vt 0.702430 0.926202
vt 0.701979 0.898725
vt 0.704111 0.898573
vt 0.704111 0.926554
vt 0.062317 0.983616
vt 0.132316 0.704575
vt 0.134316 0.733811
vt 0.132316 0.734426
vt 0.213212 0.907960
vt 0.213212 0.877395
vt 0.215487 0.876852
vt 0.215523 0.907465
vt 0.899920 0.694801
vt 0.899945 0.705648
vt 0.897594 0.705399
vt 0.897594 0.694701
vt 0.987476 0.532670
vt 0.985075 0.532535
vt 0.988018 0.503329
vt 0.985652 0.502880
vt 0.988351 0.776456
vt 0.989611 0.785792
vt 0.987239 0.786140
vt 0.986003 0.776908
vt 0.212489 0.967214
vt 0.213289 0.958554
vt 0.215716 0.958526
vt 0.214903 0.967337
vt 0.984515 0.753900
vt 0.982089 0.754007
vt 0.990956 0.491638
vt 0.988629 0.490982
vt 0.212489 0.945500
vt 0.214885 0.945231
vt 0.986835 0.722848
vt 0.984416 0.722622
vt 0.612981 0.933233
vt 0.615586 0.951920
vt 0.613180 0.952221
vt 0.610558 0.933356
vt 0.102374 0.967491
vt 0.102374 0.947393
vt 0.104749 0.947133
vt 0.104760 0.967257
vt 0.989611 0.696092
vt 0.987205 0.695773
vt 0.615044 0.883165
vt 0.612645 0.882964
vt 0.613479 0.870229
vt 0.611075 0.869992
vt 0.615586 0.858516
vt 0.613324 0.857701
vt 0.537981 0.972898
vt 0.541067 0.998962
vt 0.538668 0.999110
vt 0.535650 0.972851
vt 0.946329 0.558119
vt 0.946198 0.532453
vt 0.948544 0.532365
vt 0.948544 0.558195
vt 0.541067 0.945247
vt 0.538755 0.944771
vt 0.014003 0.948109
vt 0.014358 0.967414
vt 0.012340 0.967252
vt 0.012340 0.947176
vt 0.034196 0.960478
vt 0.034076 0.948430
vt 0.036136 0.947176
vt 0.036136 0.959251
vt 0.993860 0.433690
vt 0.997246 0.407117
vt 0.999403 0.406795
vt 0.996024 0.433386
vt 0.495016 0.878436
vt 0.494016 0.871599
vt 0.495918 0.871218
vt 0.496906 0.878416
vt 0.993860 0.380130
vt 0.996263 0.379828
vt 0.995068 0.359545
vt 0.997429 0.359131
vt 0.494016 0.894161
vt 0.495753 0.894967
vt 0.517458 0.811762
vt 0.545893 0.787363
vt 0.560502 0.815665
vt 0.536084 0.840156
vt 0.573476 0.779071
vt 0.580907 0.800373
vt 0.607184 0.768970
vt 0.595702 0.792217
vt 0.278652 0.102891
vt 0.416953 0.154195
vt 0.278652 0.140984
vt 0.302272 0.179879
vt 0.418380 0.186913
vt 0.292417 0.187591
vt 0.377964 0.816812
vt 0.384550 0.819067
vt 0.398933 0.824586
vt 0.399789 0.788954
vt 0.351216 0.860934
vt 0.928054 0.292811
vt 0.922708 0.298957
vt 0.922708 0.274501
vt 0.337859 0.840067
vt 0.113362 0.436940
vt 0.298085 0.302161
vt 0.306468 0.278925
vt 0.282847 0.422977
vt 0.278652 0.455050
vt 0.417274 0.440839
vt 0.403523 0.465064
vt 0.394098 0.456837
vt 0.846507 0.277057
vt 0.853767 0.295567
vt 0.846507 0.298991
vt 0.783026 0.271567
vt 0.786973 0.290706
vt 0.778891 0.292971
vt 0.770809 0.289609
vt 0.764893 0.281520
vt 0.762726 0.270872
vt 0.764893 0.260517
vt 0.770808 0.253231
vt 0.778890 0.250967
vt 0.786973 0.254327
vt 0.865161 0.268097
vt 0.864536 0.277731
vt 0.860366 0.287786
vt 0.883527 0.341509
vt 0.889744 0.336432
vt 0.908572 0.350338
vt 0.897804 0.359131
vt 0.722184 0.789499
vt 0.732945 0.787747
vt 0.738860 0.802409
vt 0.720223 0.805445
vt 0.834379 0.278281
vt 0.841629 0.283186
vt 0.827278 0.297077
vt 0.814719 0.288580
vt 0.830193 0.269175
vt 0.807468 0.272807
vt 0.830193 0.258309
vt 0.807469 0.253987
vt 0.834379 0.248594
vt 0.814718 0.237159
vt 0.841629 0.242633
vt 0.827276 0.226837
vt 0.115959 0.763539
vt 0.126861 0.763252
vt 0.131123 0.782128
vt 0.112240 0.782626
vt 0.106596 0.763252
vt 0.096025 0.782127
vt 0.895882 0.316521
vt 0.894160 0.307022
vt 0.916219 0.299400
vt 0.919205 0.315852
vt 0.894266 0.327285
vt 0.916405 0.334495
vt 0.755484 0.800999
vt 0.762954 0.823381
vt 0.743761 0.825006
vt 0.722238 0.828513
vt 0.704560 0.809295
vt 0.704154 0.832959
vt 0.796234 0.291173
vt 0.787863 0.272962
vt 0.787862 0.251228
vt 0.796234 0.231797
vt 0.787457 0.936643
vt 0.803980 0.935749
vt 0.807903 0.960085
vt 0.788823 0.961120
vt 0.133172 0.806557
vt 0.111368 0.807129
vt 0.092646 0.806554
vt 0.938494 0.299400
vt 0.941941 0.318397
vt 0.938708 0.339925
vt 0.929664 0.358216
vt 0.762954 0.848075
vt 0.746332 0.849483
vt 0.727693 0.852520
vt 0.712032 0.856370
vt 0.943156 0.883998
vt 0.933104 0.902954
vt 0.920088 0.898641
vt 0.928793 0.882223
vt 0.943156 0.862184
vt 0.928793 0.863335
vt 0.933104 0.843359
vt 0.920088 0.847031
vt 0.803981 0.983627
vt 0.787457 0.984522
vt 0.132462 0.829988
vt 0.113578 0.830484
vt 0.097364 0.829986
vt 0.884664 0.382640
vt 0.892771 0.362769
vt 0.913343 0.370543
vt 0.906323 0.387751
vt 0.883527 0.403878
vt 0.905339 0.406143
vt 0.889670 0.420793
vt 0.910657 0.420793
vt 0.755484 0.868467
vt 0.745887 0.869280
vt 0.735126 0.871034
vt 0.905008 0.908184
vt 0.894494 0.893059
vt 0.903200 0.887549
vt 0.908227 0.878069
vt 0.908227 0.867165
vt 0.903200 0.857750
vt 0.905009 0.837686
vt 0.894494 0.852356
vt 0.129179 0.846147
vt 0.118279 0.846434
vt 0.924519 0.359131
vt 0.939656 0.376339
vt 0.933201 0.382927
vt 0.929148 0.392862
vt 0.928581 0.403482
vt 0.931652 0.411939
vt 0.352286 0.948038
vt 0.354737 0.968526
vt 0.344991 0.965369
vt 0.364481 0.966055
vt 0.371614 0.958621
vt 0.374227 0.948214
vt 0.371616 0.937627
vt 0.364483 0.929689
vt 0.354738 0.926535
vt 0.344995 0.929004
vt 0.337859 0.936438
vt 0.915352 0.835974
vt 0.905439 0.820632
vt 0.915352 0.816528
vt 0.897489 0.827697
vt 0.337859 0.957434
vt 0.406435 0.618150
vt 0.422036 0.612786
vt 0.420823 0.622583
vt 0.417084 0.631506
vt 0.411815 0.637163
vt 0.406435 0.638040
vt 0.876984 0.544440
vt 0.881059 0.555028
vt 0.873373 0.559915
vt 0.865687 0.560111
vt 0.860060 0.555567
vt 0.858001 0.547498
vt 0.860059 0.538069
vt 0.865687 0.529803
vt 0.873373 0.524920
vt 0.881059 0.524723
vt 0.835336 0.872106
vt 0.834002 0.862325
vt 0.854212 0.855335
vt 0.856525 0.872276
vt 0.834004 0.881689
vt 0.854213 0.888877
vt 0.830358 0.888506
vt 0.847901 0.900683
vt 0.339772 0.882593
vt 0.337859 0.877121
vt 0.355371 0.864589
vt 0.358684 0.874066
vt 0.340472 0.891527
vt 0.359897 0.889542
vt 0.339771 0.901529
vt 0.358684 0.906867
vt 0.337859 0.909919
vt 0.355371 0.921399
vt 0.943941 0.741032
vt 0.950890 0.745621
vt 0.939124 0.761838
vt 0.927089 0.753892
vt 0.939126 0.732668
vt 0.918750 0.739403
vt 0.937737 0.722765
vt 0.916343 0.722253
vt 0.940144 0.713982
vt 0.920511 0.707038
vt 0.830358 0.854966
vt 0.847902 0.842588
vt 0.875508 0.852406
vt 0.878178 0.871968
vt 0.875511 0.891135
vt 0.868222 0.904770
vt 0.377380 0.860934
vt 0.381206 0.871880
vt 0.382607 0.889749
vt 0.381205 0.909753
vt 0.377377 0.926535
vt 0.915167 0.908184
vt 0.932450 0.909882
vt 0.932460 0.928675
vt 0.912503 0.926717
vt 0.909897 0.761139
vt 0.900270 0.744408
vt 0.897489 0.724606
vt 0.902303 0.707038
vt 0.868221 0.837686
vt 0.892185 0.854322
vt 0.894494 0.871264
vt 0.892185 0.887863
vt 0.897282 0.160681
vt 0.904528 0.143008
vt 0.922487 0.147277
vt 0.916214 0.162583
vt 0.897283 0.180729
vt 0.916213 0.179944
vt 0.401301 0.876615
vt 0.402514 0.892091
vt 0.401300 0.909415
vt 0.741994 0.935856
vt 0.759367 0.936854
vt 0.759367 0.959046
vt 0.744323 0.958184
vt 0.929072 0.950866
vt 0.911787 0.949169
vt 0.894494 0.928678
vt 0.896190 0.950866
vt 0.252347 0.894104
vt 0.270338 0.897354
vt 0.270338 0.917210
vt 0.254756 0.914396
vt 0.232580 0.897529
vt 0.237638 0.917363
vt 0.216334 0.906711
vt 0.223568 0.925315
vt 0.216321 0.936121
vt 0.236739 0.942230
vt 0.232554 0.948469
vt 0.933354 0.138131
vt 0.947214 0.152232
vt 0.940939 0.157515
vt 0.937318 0.166350
vt 0.937317 0.176375
vt 0.922489 0.194713
vt 0.940940 0.184900
vt 0.933356 0.202927
vt 0.947214 0.189643
vt 0.752280 0.979168
vt 0.743594 0.978671
vt 0.923190 0.970504
vt 0.913212 0.969523
vt 0.904205 0.970504
vt 0.263742 0.937550
vt 0.254746 0.935926
vt 0.244862 0.937639
vt 0.883527 0.435805
vt 0.897130 0.420793
vt 0.900502 0.427506
vt 0.649104 0.956868
vt 0.635103 0.943411
vt 0.641378 0.938128
vt 0.631484 0.952247
vt 0.631484 0.962272
vt 0.635108 0.970796
vt 0.641383 0.975538
vt 0.648627 0.975226
vt 0.235144 0.629227
vt 0.230727 0.616795
vt 0.240752 0.616795
vt 0.891288 0.453316
vt 0.884543 0.456049
vt 0.897129 0.446283
vt 0.900502 0.436836
vt 0.075572 0.118380
vt 0.066684 0.071281
vt 0.096843 0.068498
vt 0.103861 0.114322
vt 0.077065 0.191610
vt 0.108162 0.186267
vt 0.074849 0.232329
vt 0.105828 0.226359
vt 0.093560 0.279479
vt 0.071039 0.285010
vt 0.072165 0.269454
vt 0.096810 0.265410
vt 0.787457 0.988792
vt 0.765364 0.951512
vt 0.787457 0.935749
vt 0.975953 0.837686
vt 0.987193 0.878539
vt 0.975953 0.902900
vt 0.049982 0.036651
vt 0.030106 0.046305
vt 0.016587 -0.000000
vt 0.745915 0.576471
vt 0.768625 0.563541
vt 0.728548 0.627476
vt 0.040584 0.121675
vt 0.038567 0.075288
vt 0.040744 0.194224
vt 0.039729 0.234188
vt 0.045457 0.285115
vt 0.044027 0.272408
vt 0.040943 0.324453
vt 0.057433 0.333772
vt -0.000000 0.125565
vt 0.004222 0.084846
vt 0.020756 0.165009
vt 0.008784 0.195049
vt 0.001124 0.232844
vt 0.017215 0.280721
vt 0.015043 0.274104
vt 0.023649 0.297397
vt 0.008763 0.025712
vt 0.006754 0.059605
vt 0.143357 0.942407
vt 0.153585 0.941587
vt 0.155294 0.961362
vt 0.143357 0.974061
vt 0.713961 0.290796
vt 0.720079 0.298213
vt 0.713812 0.298213
vt 0.102178 0.264096
vt 0.100480 0.275929
vt 0.134329 0.179388
vt 0.133575 0.198576
vt 0.120951 0.190125
vt 0.723534 0.721982
vt 0.746551 0.727826
vt 0.762788 0.745001
vt 0.736647 0.711324
vt 0.733004 0.682197
vt 0.762709 0.687622
vt 0.761605 0.714940
vt 0.748206 0.646078
vt 0.765459 0.657372
vt 0.828566 0.983909
vt 0.822699 0.938340
vt 0.828566 0.938770
vt 0.812972 0.956502
vt 0.807903 0.935749
vt 0.145005 0.365522
vt 0.174652 0.368836
vt 0.166491 0.415207
vt 0.138463 0.410694
vt 0.165300 0.487256
vt 0.134329 0.481553
vt 0.167532 0.527181
vt 0.136632 0.520853
vt 0.148997 0.572914
vt 0.145509 0.558231
vt 0.170010 0.560784
vt 0.171327 0.578671
vt 0.948265 0.761838
vt 0.968546 0.774234
vt 0.948265 0.830438
vt 0.987530 0.063523
vt 0.976222 0.039295
vt 0.987530 0.000000
vt 0.202148 0.372734
vt 0.195429 0.322567
vt 0.216587 0.320440
vt 0.200784 0.418559
vt 0.201190 0.489990
vt 0.202314 0.529141
vt 0.196489 0.578907
vt 0.198207 0.564227
vt 0.201051 0.616795
vt 0.967965 0.827196
vt 0.236616 0.381738
vt 0.241005 0.421975
vt 0.241152 0.470253
vt 0.220599 0.461074
vt 0.232872 0.490655
vt 0.241152 0.507661
vt 0.224439 0.574492
vt 0.226661 0.568111
vt 0.226661 0.568111
vt 0.217939 0.590551
vt 0.222811 0.361046
vt 0.230750 0.322007
vt 0.233528 0.356687
vt 0.257565 0.608015
vt 0.266560 0.580434
vt 0.275081 0.585033
vt 0.262675 0.629151
vt 0.251994 0.580847
vt 0.250639 0.571842
vt 0.258776 0.576233
vt 0.267946 0.569814
vt 0.274925 0.571164
vt 0.259239 0.502608
vt 0.241152 0.506134
vt 0.241152 0.491000
vt 0.259153 0.496841
vt 0.701975 0.875359
vt 0.689264 0.944100
vt 0.676658 0.938626
vt 0.995007 0.136284
vt 0.987826 0.088494
vt 0.995007 0.065735
vt 0.132310 0.607561
vt 0.124277 0.595167
vt 0.132310 0.565677
vt 0.103473 0.539082
vt 0.120761 0.528869
vt 0.104864 0.568942
vt 0.160554 0.333372
vt 0.175942 0.328394
vt 0.673850 0.959180
vt 0.665413 0.988485
vt 0.664030 0.949957
vt 0.830016 0.795343
vt 0.830224 0.822079
vt 0.828377 0.822079
vt 0.702075 0.858293
vt 0.702075 0.832602
vt 0.703933 0.833187
vt 0.996455 0.325089
vt 0.993198 0.297345
vt 0.995576 0.297322
vt 0.998850 0.325040
vt 0.127797 0.702074
vt 0.131721 0.678186
vt 0.134086 0.678540
vt 0.130172 0.702545
vt 0.989611 0.754490
vt 0.995660 0.722904
vt 0.998059 0.723127
vt 0.991916 0.755253
vt 0.088232 0.946490
vt 0.088232 0.968925
vt 0.085801 0.968926
vt 0.085813 0.946297
vt 0.276145 0.487479
vt 0.276145 0.445378
vt 0.278444 0.444730
vt 0.278437 0.487067
vt 0.514894 0.860291
vt 0.513861 0.829970
vt 0.516267 0.829804
vt 0.517259 0.860168
vt 0.515037 0.898031
vt 0.513861 0.879374
vt 0.516185 0.878942
vt 0.517387 0.897837
vt 0.513861 0.878941
vt 0.516215 0.878889
vt 0.016638 0.947341
vt 0.016638 0.962228
vt 0.014369 0.962042
vt 0.014359 0.947176
vt 0.513861 0.925558
vt 0.516202 0.925561
vt 0.129005 0.618710
vt 0.127797 0.611263
vt 0.130060 0.610757
vt 0.131262 0.618319
vt 0.083610 0.946297
vt 0.085801 0.971485
vt 0.083610 0.972034
vt 0.278548 0.275052
vt 0.278548 0.299516
vt 0.278548 0.299516
vt 0.704145 0.926554
vt 0.704145 0.952291
vt 0.701979 0.927148
vt 0.130252 0.639493
vt 0.132502 0.639390
vt 0.989611 0.695996
vt 0.991797 0.695773
vt 0.993198 0.353152
vt 0.995328 0.353830
vt 0.496413 0.837668
vt 0.496413 0.871218
vt 0.494016 0.870975
vt 0.494038 0.837385
vt 0.907047 0.694701
vt 0.907041 0.704773
vt 0.904664 0.705033
vt 0.904664 0.695087
vt 0.991625 0.792123
vt 0.997084 0.813205
vt 0.995623 0.814217
vt 0.989611 0.792783
vt 0.994486 0.766528
vt 0.992460 0.766885
vt 0.991759 0.349423
vt 0.993198 0.358561
vt 0.991161 0.359131
vt 0.989709 0.350087
vt 0.945959 0.587342
vt 0.946748 0.577902
vt 0.949090 0.577897
vt 0.948280 0.587520
vt 0.985378 0.327002
vt 0.983577 0.327396
vt 0.997084 0.755253
vt 0.995115 0.755422
vt 0.945959 0.563713
vt 0.948222 0.563541
vt 0.993198 0.297322
vt 0.991358 0.297378
vt 0.843439 0.278553
vt 0.845666 0.297265
vt 0.843887 0.297905
vt 0.841628 0.279018
vt 0.104791 0.969414
vt 0.104760 0.947536
vt 0.106918 0.947133
vt 0.106918 0.968981
vt 0.134242 0.563755
vt 0.134315 0.594215
vt 0.132311 0.594898
vt 0.132311 0.564468
vt 0.845666 0.226837
vt 0.843668 0.227012
vt 0.944984 0.221811
vt 0.947030 0.245288
vt 0.945426 0.245787
vt 0.943374 0.222241
vt 0.947030 0.202927
vt 0.964464 0.905946
vt 0.962588 0.888938
vt 0.964464 0.888027
vt 0.997309 0.095583
vt 1.000000 0.123539
vt 0.997846 0.123711
vt 0.995006 0.095722
vt 0.892068 0.930468
vt 0.892001 0.904880
vt 0.894416 0.904770
vt 0.894416 0.930535
vt 1.000000 0.066024
vt 0.997678 0.065735
vt 0.955864 0.569868
vt 0.955864 0.586515
vt 0.953641 0.585584
vt 0.954019 0.568297
vt 0.025174 0.964106
vt 0.025004 0.947935
vt 0.026887 0.947176
vt 0.026887 0.963704
vt 0.513861 0.829804
vt 0.515280 0.801210
vt 0.516849 0.801687
vt 0.615432 0.596442
vt 0.615432 0.625462
vt 0.613872 0.625145
vt 0.094925 0.962538
vt 0.095227 0.969423
vt 0.093289 0.969206
vt 0.092971 0.961976
vt 0.278033 0.389709
vt 0.276171 0.358771
vt 0.278370 0.358614
vt 0.513861 0.770297
vt 0.276145 0.338420
vt 0.278370 0.338046
vt 0.095227 0.947609
vt 0.093441 0.946297
vt 0.704154 0.666395
vt 0.722441 0.637221
vt 0.032697 0.055187
vt 0.054164 0.045322
vt 0.017357 0.063766
vt 0.987639 0.908184
vt 0.995575 0.936056
vt 0.987639 0.974967
vt 0.745090 0.632189
vt -0.000000 0.174425
vt 0.768625 0.787746
vt 0.733722 0.778123
vt 0.128298 0.218746
vt 0.000552 0.212373
vt 0.022740 0.249912
vt 0.096827 0.685963
vt 0.102576 0.690202
vt 0.096827 0.698074
vt 0.541067 0.975637
vt 0.541067 0.944771
vt 0.550451 0.959713
vt 0.125969 0.250050
vt 0.009216 0.256733
vt 0.170066 0.327454
vt 0.173773 0.321828
vt 0.663768 0.942654
vt 0.673850 0.938128
vt 0.193321 0.292135
vt 0.216768 0.275052
vt 0.223356 0.295925
vt 0.113322 0.610757
vt 0.102656 0.596798
vt 0.108895 0.926737
vt 0.128512 0.939410
vt 0.108895 0.986699
vt 0.701975 0.949621
vt 0.274535 0.535857
vt 0.246723 0.523382
vt 0.277306 0.502729
vt 0.244834 0.549411
vt 0.240723 0.527715
vt 0.232609 0.551024
vt 0.219041 0.544385
vt 0.472733 0.070056
vt 0.482614 0.025443
vt 0.518206 0.027707
vt 0.506317 0.070747
vt 0.472424 0.144709
vt 0.507036 0.143992
vt 0.476000 0.187532
vt 0.509290 0.185860
vt 0.506078 0.240931
vt 0.481858 0.243361
vt 0.480127 0.226875
vt 0.506930 0.226346
vt 0.499752 0.299400
vt 0.513636 0.285634
vt 0.662557 0.706872
vt 0.680067 0.690132
vt 0.699755 0.743866
vt 0.697909 0.773366
vt 0.663280 0.615477
vt 0.667746 0.656501
vt 0.641037 0.666395
vt 0.630501 0.628286
vt 0.444177 0.144871
vt 0.447351 0.071463
vt 0.447673 0.186753
vt 0.461216 0.241514
vt 0.457837 0.227849
vt 0.477022 0.286259
vt 0.703677 0.609246
vt 0.700770 0.642626
vt 0.683304 0.584690
vt 0.664340 0.569534
vt 0.695431 0.563541
vt 0.424240 0.184349
vt 0.444358 0.236336
vt 0.441603 0.229151
vt 0.382868 0.772212
vt 0.390205 0.752420
vt 0.397056 0.772212
vt 0.454146 0.255035
vt 0.704154 0.712956
vt 0.701641 0.672759
vt 0.515898 0.238884
vt 0.522331 0.267787
vt 0.524451 0.237108
vt 0.533705 0.235415
vt 0.531346 0.243723
vt 0.514931 0.226326
vt 0.547050 0.143666
vt 0.547050 0.163388
vt 0.527124 0.151351
vt 0.531166 0.073121
vt 0.546781 0.091211
vt 0.521045 0.057465
vt 0.546770 0.035740
vt 0.546774 0.059850
vt 0.529976 0.000000
vt 0.546041 0.013570
vt 0.673273 0.759958
vt 0.645564 0.725608
vt 0.650846 0.721592
vt 0.936964 0.836094
vt 0.929837 0.816528
vt 0.943345 0.816528
vt 0.155294 0.972899
vt 0.155294 0.941587
vt 0.167545 0.960024
vt 0.087590 0.676476
vt 0.061962 0.655877
vt 0.072638 0.618481
vt 0.096827 0.638955
vt 0.564400 0.335116
vt 0.595917 0.342384
vt 0.590325 0.410965
vt 0.557938 0.401416
vt 0.582921 0.451914
vt 0.551888 0.441344
vt 0.549676 0.496880
vt 0.550300 0.481218
vt 0.575802 0.486985
vt 0.572013 0.505653
vt 0.547604 0.564516
vt 0.536462 0.544080
vt 0.035628 0.646676
vt 0.034569 0.708850
vt 0.014021 0.705996
vt 0.040154 0.606452
vt 0.830357 0.713731
vt 0.859478 0.707038
vt 0.849301 0.764510
vt 0.615696 0.422646
vt 0.608630 0.462200
vt 0.590702 0.511960
vt 0.595990 0.497282
vt 0.902072 0.106333
vt 0.918311 0.090530
vt 0.941086 0.132625
vt 0.570547 0.556609
vt 0.002348 0.633752
vt -0.000000 0.600989
vt 0.897489 0.708610
vt 0.889943 0.746041
vt 0.871521 0.738998
vt 0.878446 0.761266
vt 0.884109 0.775355
vt 0.939234 0.073140
vt 0.914881 0.075384
vt 0.938802 0.065735
vt 0.941086 0.093800
vt 0.013157 0.659401
vt -0.000000 0.703368
vt 0.001962 0.663121
vt 0.530877 0.523171
vt 0.540610 0.493241
vt 0.524985 0.495776
vt 0.523667 0.486442
vt 0.532326 0.489916
vt 0.542729 0.480979
vt 0.537937 0.404982
vt 0.517458 0.413103
vt 0.519152 0.394551
vt 0.538463 0.397969
vt 0.540030 0.334088
vt 0.523373 0.348208
vt 0.551109 0.322961
vt 0.555313 0.299400
vt 0.969041 0.123025
vt 0.952399 0.133973
vt 0.941086 0.098347
vt 0.966923 0.093173
vt 0.068512 0.708872
vt 0.053150 0.710552
vt 0.978787 0.806268
vt 0.969922 0.835918
vt 0.969923 0.797895
vt 0.202147 0.963664
vt 0.205312 0.989180
vt 0.202900 0.989438
vt 0.199736 0.963872
vt 0.991828 0.228991
vt 0.987197 0.201667
vt 0.989513 0.201154
vt 0.994111 0.228456
vt 0.129265 0.528125
vt 0.131743 0.504386
vt 0.133998 0.504793
vt 0.131560 0.528649
vt 0.959028 0.651077
vt 0.960045 0.613454
vt 0.962329 0.612880
vt 0.961355 0.651094
vt 0.830235 0.848391
vt 0.830235 0.870158
vt 0.828460 0.870657
vt 0.828377 0.848695
vt 0.946111 0.694344
vt 0.948394 0.694701
vt 0.994154 0.523497
vt 0.990956 0.491216
vt 0.993183 0.490982
vt 0.996291 0.523394
vt 0.990956 0.562353
vt 0.994823 0.543003
vt 0.996945 0.542987
vt 0.277014 0.816301
vt 0.277875 0.834931
vt 0.275670 0.835297
vt 0.025004 0.947176
vt 0.025004 0.961717
vt 0.022760 0.961995
vt 0.022769 0.947475
vt 0.275679 0.862781
vt 0.277875 0.862610
vt 0.130115 0.444870
vt 0.129265 0.437393
vt 0.131389 0.436940
vt 0.132215 0.444532
vt 0.704062 0.805130
vt 0.704107 0.832603
vt 0.702075 0.832603
vt 0.422945 0.515952
vt 0.422945 0.543496
vt 0.420950 0.516127
vt 0.130625 0.465684
vt 0.132697 0.465635
vt 0.946111 0.589318
vt 0.948260 0.588190
vt 0.989526 0.258105
vt 0.991947 0.258285
vt 0.987197 0.293402
vt 0.989622 0.293505
vt 0.897594 0.694701
vt 0.897594 0.705567
vt 0.895177 0.705668
vt 0.895180 0.694948
vt 0.205312 0.945754
vt 0.202944 0.945231
vt 0.985561 0.461039
vt 0.986798 0.490982
vt 0.984657 0.490749
vt 0.983376 0.460548
vt 0.278417 0.882274
vt 0.278093 0.889273
vt 0.275670 0.889126
vt 0.275995 0.882164
vt 0.607184 0.881440
vt 0.607987 0.872032
vt 0.610401 0.872029
vt 0.609584 0.881618
vt 0.278062 0.862793
vt 0.275670 0.862781
vt 0.986798 0.449982
vt 0.984643 0.449272
vt 0.607184 0.857881
vt 0.609556 0.857701
vt 0.996377 0.235239
vt 0.999139 0.263094
vt 0.996973 0.262968
vt 0.994111 0.234934
vt 0.402818 0.844974
vt 0.406506 0.860833
vt 0.404168 0.860934
vt 0.400448 0.844947
vt 0.097430 0.968093
vt 0.097409 0.946582
vt 0.099728 0.946297
vt 0.099728 0.967773
vt 0.999139 0.201459
vt 0.996833 0.201154
vt 0.402213 0.801270
vt 0.399789 0.801207
vt 0.402971 0.777354
vt 0.400550 0.777222
vt 0.406506 0.758460
vt 0.404142 0.758048
vt 0.984973 0.810724
vt 0.982089 0.786847
vt 0.984299 0.786140
vt 0.987011 0.809911
vt 0.012340 0.948255
vt 0.012340 0.968093
vt 0.010341 0.967316
vt 0.010595 0.947176
vt 0.982089 0.837321
vt 0.132316 0.734426
vt 0.134213 0.761292
vt 0.132316 0.762109
vt 0.010340 0.948779
vt 0.010340 0.968498
vt 0.008342 0.967635
vt 0.008708 0.947176
vt 0.955864 0.584999
vt 0.956029 0.568921
vt 0.958238 0.568297
vt 0.958238 0.584696
vt 0.331331 0.969645
vt 0.334731 0.941304
vt 0.337148 0.941467
vt 0.333747 0.969811
vt 0.674843 0.945170
vt 0.673850 0.939030
vt 0.675618 0.938128
vt 0.676597 0.944586
vt 0.331331 0.912134
vt 0.333415 0.911444
vt 0.830343 0.948497
vt 0.828714 0.927694
vt 0.830343 0.926560
vt 0.336364 0.891996
vt 0.673850 0.959466
vt 0.675464 0.959678
vt 0.615696 0.688032
vt 0.657169 0.696737
vt 0.635346 0.720473
vt 0.676292 0.679826
vt 0.690656 0.669223
vt 0.704154 0.577034
vt 0.540702 0.183099
vt 0.422957 0.163158
vt 0.426664 0.145334
vt 0.440918 0.203271
vt 0.542025 0.215744
vt 0.434309 0.210288
vt 0.058344 0.714338
vt 0.054020 0.719937
vt 0.943156 0.888027
vt 0.956403 0.888027
vt 0.948883 0.907492
vt 0.969922 0.790687
vt 0.031207 0.749470
vt 0.006437 0.763252
vt 0.003891 0.733805
vt 0.949391 0.069475
vt 0.969041 0.065735
vt 0.521829 0.432881
vt 0.517458 0.464084
vt 0.881385 0.793204
vt 0.846534 0.801046
vt 0.872730 0.818873
vt 0.860821 0.814188
vt 0.840594 0.837686
vt 0.866387 0.837686
vt 0.210637 0.043390
vt 0.205125 -0.000000
vt 0.239408 0.003355
vt 0.242836 0.045124
vt 0.211955 0.117794
vt 0.246825 0.118063
vt 0.210904 0.160890
vt 0.245370 0.160115
vt 0.234065 0.215429
vt 0.209007 0.217203
vt 0.209567 0.200573
vt 0.237059 0.200778
vt 0.201361 0.275052
vt 0.224332 0.261213
vt 0.471169 0.731133
vt 0.482800 0.747730
vt 0.433378 0.768996
vt 0.406786 0.766010
vt 0.174499 0.044656
vt 0.176445 0.002904
vt 0.174007 0.117675
vt 0.173976 0.159770
vt 0.182106 0.215110
vt 0.180077 0.201300
vt 0.181854 0.261106
vt 0.135137 0.049769
vt 0.141712 0.011628
vt 0.154458 0.088242
vt 0.142291 0.118418
vt 0.135143 0.157545
vt 0.153757 0.210090
vt 0.151237 0.202827
vt 0.161594 0.229141
vt 0.458043 0.770297
vt 0.492104 0.764927
vt 0.242306 0.213755
vt 0.237829 0.243388
vt 0.249462 0.212308
vt 0.257142 0.210971
vt 0.252907 0.219299
vt 0.243542 0.201075
vt 0.278652 0.119340
vt 0.278022 0.139058
vt 0.262511 0.126226
vt 0.260395 0.048609
vt 0.273112 0.067274
vt 0.500589 0.656080
vt 0.490631 0.678021
vt 0.466315 0.661367
vt 0.479540 0.640988
vt 0.460924 0.700558
vt 0.450540 0.685536
vt 0.421608 0.740344
vt 0.454615 0.710387
vt 0.457946 0.716510
vt 0.434119 0.712256
vt 0.447558 0.695380
vt 0.197041 0.655064
vt 0.165423 0.672995
vt 0.153347 0.638949
vt 0.183477 0.622775
vt 0.108895 0.846434
vt 0.133172 0.863992
vt 0.108895 0.926737
vt 0.513861 0.837385
vt 0.484721 0.837385
vt 0.503792 0.770297
vt 0.869834 0.904770
vt 0.892001 0.926697
vt 0.869834 0.960918
vt 0.031810 0.484920
vt 0.003338 0.490240
vt -0.000000 0.449299
vt 0.016791 0.543066
vt 0.012997 0.528168
vt 0.035446 0.521121
vt 0.037381 0.540389
vt 0.192426 0.876852
vt 0.213212 0.884931
vt 0.192426 0.945231
vt 0.987197 0.270274
vt 0.974357 0.248447
vt 0.987197 0.201154
vt 0.150933 0.692029
vt 0.197641 0.721799
vt 0.188113 0.739479
vt 0.037954 0.333772
vt 0.064746 0.333839
vt 0.061759 0.369192
vt 0.028629 0.371751
vt 0.062784 0.438102
vt 0.028370 0.442643
vt 0.065014 0.479240
vt 0.061384 0.535113
vt 0.062455 0.518633
vt 0.068888 0.583097
vt 0.054507 0.600989
vt 0.098584 0.338865
vt 0.102101 0.372244
vt 0.102450 0.417878
vt 0.081734 0.408973
vt 0.094110 0.436656
vt 0.102656 0.453443
vt 0.088766 0.528069
vt 0.090661 0.520683
vt 0.083409 0.548091
vt 0.155494 0.717056
vt 0.134329 0.713995
vt 0.183282 0.750022
vt 0.155214 0.728626
vt 0.380102 0.731466
vt 0.389018 0.701373
vt 0.397754 0.704934
vt 0.385573 0.752420
vt 0.374139 0.704045
vt 0.372690 0.694720
vt 0.381034 0.698119
vt 0.390471 0.689187
vt 0.397639 0.689380
vt 0.381958 0.613931
vt 0.363254 0.622022
vt 0.363503 0.603750
vt 0.381959 0.607020
vt 0.377043 0.544660
vt 0.362562 0.558579
vt 0.198032 0.630843
vt 0.228142 0.680391
vt 0.212942 0.688700
vt 0.225523 0.651751
vt 0.208419 0.703840
vt 0.230727 0.711985
vt 0.229778 0.742293
vt 0.216533 0.707001
vt 0.945648 0.267395
vt 0.946749 0.289868
vt 0.944513 0.290405
vt 0.943374 0.267816
vt 0.989518 0.426174
vt 0.993860 0.454581
vt 0.991467 0.454932
vt 0.987142 0.426535
vt 0.400568 0.756530
vt 0.404153 0.730792
vt 0.406568 0.730843
vt 0.402975 0.756809
vt 0.959274 0.201716
vt 0.959906 0.164030
vt 0.962286 0.163590
vt 0.961679 0.201870
vt 0.953641 0.569063
vt 0.953585 0.587868
vt 0.951479 0.587177
vt 0.951479 0.568297
vt 0.947214 0.244424
vt 0.949567 0.244916
vt 0.131313 0.959240
vt 0.128512 0.926952
vt 0.130864 0.926737
vt 0.133610 0.959147
vt 0.128512 0.997782
vt 0.131488 0.978777
vt 0.133774 0.978768
vt 0.130726 0.997940
vt 0.957012 0.052965
vt 0.957016 0.065609
vt 0.954602 0.065456
vt 0.954602 0.052809
vt 0.399484 0.752484
vt 0.399473 0.772451
vt 0.397056 0.772509
vt 0.397056 0.752420
vt 0.403448 0.945282
vt 0.404563 0.939038
vt 0.406752 0.938712
vt 0.405648 0.945103
vt 0.403448 0.911522
vt 0.704154 0.871033
vt 0.704154 0.898573
vt 0.701979 0.871300
vt 0.400568 0.698629
vt 0.402890 0.698019
vt 0.960751 0.904056
vt 0.958431 0.888739
vt 0.960751 0.888027
vt 0.958238 0.568297
vt 0.960249 0.586258
vt 0.958238 0.587042
vt 0.947214 0.139139
vt 0.949382 0.138131
vt 0.992139 0.396312
vt 0.989751 0.396017
vt 0.993860 0.359356
vt 0.991454 0.359131
vt 0.650257 0.278622
vt 0.650257 0.290195
vt 0.648669 0.290632
vt 0.648627 0.279232
vt 0.946749 0.245787
vt 0.944789 0.245914
vt 0.277611 0.784719
vt 0.278511 0.816095
vt 0.276628 0.816301
vt 0.275670 0.784616
vt 0.278041 0.328550
vt 0.278220 0.337993
vt 0.276283 0.338046
vt 0.276145 0.328705
vt 0.943345 0.835511
vt 0.944139 0.828001
vt 0.946501 0.828351
vt 0.945691 0.836032
vt 0.278548 0.305401
vt 0.276384 0.305240
vt 0.278511 0.772251
vt 0.276601 0.771917
vt 0.943345 0.816528
vt 0.945640 0.816886
vt 0.278249 0.275548
vt 0.276145 0.275052
vt 0.969307 0.229168
vt 0.974357 0.247388
vt 0.972360 0.247565
vt 0.967256 0.229188
vt 0.099728 0.968729
vt 0.099728 0.946297
vt 0.101911 0.946625
vt 0.101880 0.969067
vt 0.422926 0.481389
vt 0.422926 0.515785
vt 0.421027 0.515952
vt 0.420950 0.481528
vt 0.964506 0.179424
vt 0.962286 0.179312
vt 0.968895 0.156956
vt 0.966689 0.156776
vt 0.974357 0.138713
vt 0.972066 0.138131
vt 0.552862 0.971422
vt 0.555934 0.996611
vt 0.553526 0.996783
vt 0.550451 0.971702
vt 0.650117 0.278622
vt 0.648627 0.252913
vt 0.650117 0.252762
vt 0.956403 0.888027
vt 0.958431 0.907095
vt 0.956403 0.908104
vt 0.555934 0.944846
vt 0.553535 0.944771
vt 0.931908 0.435808
vt 0.939597 0.451657
vt 0.937203 0.451827
vt 0.929534 0.435341
vt 0.939597 0.421603
vt 0.937383 0.420793
vt 0.491074 0.973793
vt 0.494519 0.946615
vt 0.496750 0.947148
vt 0.493312 0.974328
vt 0.215253 0.924033
vt 0.216253 0.930407
vt 0.214201 0.930113
vt 0.213211 0.923394
vt 0.491074 0.917627
vt 0.493471 0.917236
vt 0.492575 0.899433
vt 0.494918 0.898803
vt 0.216253 0.909314
vt 0.214377 0.907960
vt 0.510362 0.709900
vt 0.480983 0.725815
vt 0.513731 0.734418
vt 0.492278 0.743649
vt 0.517458 0.761865
vt 0.497372 0.754726
vt 0.062317 0.965965
vt 0.055484 0.973491
vt 0.055484 0.946297
vt 0.499057 0.639288
vt 0.517458 0.656178
vt 0.134329 0.098429
vt 0.272022 0.158527
vt 0.134329 0.136332
vt 0.157722 0.176586
vt 0.270344 0.191311
vt 0.144493 0.183763
vt 0.214023 0.700311
vt 0.226658 0.690909
vt 0.230727 0.771917
vt 0.205542 0.761723
vt 0.207360 0.616795
vt 0.223517 0.627142
vt 0.400568 0.545409
vt 0.400568 0.610319
vt 0.397347 0.649783
vt 0.368742 0.641492
vt 0.366522 0.672342
vt 0.102656 0.473923
vt 0.095734 0.500904
vt 0.082118 0.494756
vt 0.697453 0.374262
vt 0.707543 0.326941
vt 0.740508 0.333741
vt 0.728520 0.379244
vt 0.700422 0.445787
vt 0.732023 0.450263
vt 0.706712 0.485052
vt 0.736866 0.488810
vt 0.738249 0.537276
vt 0.716363 0.535700
vt 0.713515 0.520745
vt 0.737882 0.524439
vt 0.420736 0.895841
vt 0.453070 0.849690
vt 0.471365 0.867901
vt 0.444776 0.898803
vt 0.691124 0.065107
vt 0.675405 0.080427
vt 0.652892 0.027277
vt 0.652279 -0.000000
vt 0.694434 0.159925
vt 0.689495 0.113689
vt 0.714768 0.104738
vt 0.725069 0.149304
vt 0.690673 0.221678
vt 0.721733 0.210461
vt 0.441520 0.794334
vt 0.453159 0.770296
vt 0.484721 0.791456
vt 0.471553 0.816197
vt 0.458527 0.839801
vt 0.431489 0.833127
vt 0.433992 0.823447
vt 0.412107 0.870509
vt 0.654877 0.167215
vt 0.657829 0.127914
vt 0.673563 0.199642
vt 0.660802 0.226984
vt 0.685465 0.253195
vt 0.650368 0.258695
vt 0.406786 0.818809
vt 0.406837 0.813006
vt 0.406795 0.836238
vt 0.650368 0.058087
vt 0.655191 0.098017
vt 0.747469 0.536109
vt 0.757007 0.559961
vt 0.460853 0.896252
vt 0.077463 0.960418
vt 0.083610 0.966663
vt 0.077463 0.969809
vt 0.745522 0.524958
vt 0.770336 0.452390
vt 0.771415 0.470858
vt 0.751679 0.458353
vt 0.752893 0.382095
vt 0.768660 0.400348
vt 0.743067 0.365367
vt 0.769954 0.339699
vt 0.768846 0.367153
vt 0.754808 0.299400
vt 0.771415 0.312131
vt 0.987193 0.875519
vt 0.989864 0.829894
vt 0.995309 0.830751
vt 0.661206 0.962888
vt 0.663768 0.979904
vt 0.649104 0.979161
vt 0.649104 0.938128
vt 0.453305 0.402179
vt 0.485893 0.395406
vt 0.495965 0.441665
vt 0.464963 0.446740
vt 0.494073 0.512445
vt 0.462234 0.517129
vt 0.488605 0.551391
vt 0.578909 0.111055
vt 0.550035 0.119628
vt 0.547050 0.080499
vt 0.563079 0.169756
vt 0.559400 0.155618
vt 0.582200 0.146036
vt 0.583950 0.164654
vt 0.600218 0.226384
vt 0.577549 0.216360
vt 0.881947 0.051832
vt 0.902072 0.061476
vt 0.873469 0.113253
vt 0.858441 0.110587
vt 0.881358 0.007743
vt 0.517458 0.434854
vt 0.576597 0.004046
vt 0.609934 0.000000
vt 0.610527 0.064083
vt 0.575850 0.070430
vt 0.612395 0.103501
vt 0.608167 0.158098
vt 0.609414 0.141992
vt 0.615011 0.206672
vt 0.704154 0.935856
vt 0.723777 0.963787
vt 0.704154 0.985712
vt 0.846507 -0.000000
vt 0.650274 0.003128
vt 0.650369 0.045241
vt 0.629703 0.036754
vt 0.641937 0.062314
vt 0.650369 0.078133
vt 0.635688 0.150851
vt 0.637667 0.143581
vt 0.630061 0.170960
vt 0.861152 0.063408
vt 0.854509 0.037318
vt 0.846507 0.107243
vt 0.851571 0.066808
vt 0.440335 0.625637
vt 0.449059 0.602120
vt 0.458135 0.603215
vt 0.446440 0.639288
vt 0.077463 0.969353
vt 0.071173 0.966290
vt 0.077463 0.960234
vt 0.450656 0.591198
vt 0.458124 0.589709
vt 0.442715 0.525164
vt 0.422957 0.537800
vt 0.423721 0.519539
vt 0.442897 0.518340
vt 0.440778 0.449540
vt 0.425132 0.467789
vt 0.450907 0.433300
vt 0.423710 0.380878
vt 0.439373 0.368408
vt 0.424672 0.408120
vt 0.179768 0.941587
vt 0.187469 0.977681
vt 0.179768 0.986391
vt 0.422957 0.348893
vt 0.425649 0.321683
vt 0.436840 0.354252
vt 0.514583 0.966147
vt 0.517106 0.991943
vt 0.514695 0.992162
vt 0.512161 0.966264
vt 0.104033 0.917793
vt 0.108895 0.946998
vt 0.107157 0.947133
vt 0.102374 0.917895
vt 0.949201 0.567677
vt 0.959387 0.543299
vt 0.961530 0.543785
vt 0.951219 0.568297
vt 0.510373 0.898264
vt 0.511738 0.859334
vt 0.513861 0.859365
vt 0.512554 0.898827
vt 0.002140 0.947690
vt 0.002140 0.969621
vt -0.000000 0.969301
vt 0.000069 0.947176
vt 0.496999 0.943248
vt 0.499146 0.944110
vt 0.978466 0.297957
vt 0.971346 0.272841
vt 0.973596 0.272932
vt 0.980660 0.298287
vt 0.980444 0.332190
vt 0.981384 0.312270
vt 0.983577 0.312690
vt 0.982579 0.332843
vt 0.018898 0.947365
vt 0.018908 0.962191
vt 0.016638 0.961993
vt 0.016638 0.947176
vt 0.971346 0.358281
vt 0.973434 0.359131
vt 0.958426 0.483879
vt 0.956852 0.476479
vt 0.959099 0.476078
vt 0.960719 0.483587
vt 0.949201 0.456702
vt 0.004300 0.947844
vt 0.002140 0.968939
vt 0.002140 0.947176
vt 0.960281 0.504496
vt 0.962628 0.504479
vt 0.496999 0.838208
vt 0.499068 0.837385
vt 0.104999 0.887219
vt 0.102823 0.886971
vt 0.108895 0.846651
vt 0.106767 0.846434
vt 0.902301 0.694799
vt 0.902301 0.705297
vt 0.899955 0.705004
vt 0.899945 0.694701
vt 0.517106 0.944468
vt 0.514821 0.944110
vt 0.703927 0.773759
vt 0.703872 0.805130
vt 0.702075 0.805034
vt 0.702075 0.773366
vt 0.998779 0.637633
vt 0.999460 0.646733
vt 0.997143 0.646710
vt 0.996491 0.637693
vt 0.088231 0.969548
vt 0.088769 0.960316
vt 0.090545 0.959871
vt 0.090030 0.969291
vt 0.996817 0.614403
vt 0.994407 0.614289
vt 0.904664 0.695044
vt 0.904664 0.705154
vt 0.902323 0.704975
vt 0.902301 0.694701
vt 0.088231 0.946842
vt 0.090158 0.946297
vt 0.999460 0.588637
vt 0.997082 0.588190
vt 0.189892 0.982462
vt 0.192342 0.998095
vt 0.189932 0.998296
vt 0.187469 0.982506
vt 0.095227 0.969779
vt 0.095256 0.946408
vt 0.097409 0.946297
vt 0.097409 0.969665
vt 0.422948 0.370526
vt 0.422948 0.404934
vt 0.421026 0.404854
vt 0.420950 0.370434
vt 0.192342 0.941588
vt 0.615586 0.857701
vt 0.607184 0.811849
vt 0.609441 0.811928
vt 0.611724 0.788270
vt 0.609476 0.788122
vt 0.615586 0.769437
vt 0.613237 0.768970
vt 0.566859 0.969439
vt 0.569951 0.992552
vt 0.567540 0.992836
vt 0.564489 0.969879
vt 0.403448 0.969461
vt 0.403448 0.945444
vt 0.405872 0.945283
vt 0.405822 0.969275
vt 0.569951 0.944771
vt 0.892001 0.930535
vt 0.894412 0.954638
vt 0.892001 0.954929
vt 0.716180 0.273460
vt 0.724342 0.290619
vt 0.721992 0.290796
vt 0.713812 0.272928
vt 0.724342 0.259614
vt 0.722106 0.258695
vt 0.765214 0.936318
vt 0.761709 0.962424
vt 0.759367 0.961963
vt 0.762870 0.935856
vt 0.946742 0.515675
vt 0.946198 0.508943
vt 0.948452 0.508632
vt 0.949008 0.515729
vt 0.765214 0.989950
vt 0.762869 0.990502
vt 0.949213 0.588095
vt 0.949201 0.569121
vt 0.951479 0.568297
vt 0.951479 0.587329
vt 0.946198 0.531492
vt 0.948272 0.532365
vt 0.724913 0.299606
vt 0.679723 0.090619
vt 0.697045 0.075028
vt 0.666123 0.101624
vt 0.995309 0.902900
vt 0.962329 0.609083
vt 0.978093 0.599007
vt 0.978093 0.669981
vt 0.978092 0.588190
vt 0.517458 0.953416
vt 0.529745 0.944771
vt 0.529745 0.971507
vt 0.652824 0.209556
vt 0.766479 0.488795
vt 0.651620 0.242206
vt 0.421246 0.798547
vt 0.406786 0.776702
vt 0.079163 0.946297
vt 0.941941 0.272675
vt 0.941941 0.299310
vt 0.928765 0.288933
vt 0.769880 0.518740
vt 0.406848 0.797732
vt 0.444755 0.359420
vt 0.438960 0.360425
vt 0.425807 0.365702
vt 0.456544 0.348042
vt 0.426404 0.299400
vt 0.450950 0.315954
vt 0.847421 0.138131
vt 0.425251 0.435567
vt 0.458092 0.555328
vt 0.428202 0.555550
vt 0.425305 0.585168
vt 0.650203 0.097564
vt 0.076028 0.946297
vt 0.496999 0.957909
vt 0.512161 0.944110
vt 0.512161 0.966785
vt 0.642969 0.124117
vt 0.629380 0.118361
vt 0.725069 0.062998
vt 0.733654 0.023516
vt 0.762029 0.026456
vt 0.751819 0.064537
vt 0.727051 0.125929
vt 0.754328 0.126573
vt 0.731968 0.161305
vt 0.758032 0.161242
vt 0.758500 0.206136
vt 0.739573 0.207202
vt 0.737326 0.193650
vt 0.758377 0.194245
vt 0.759298 0.250967
vt 0.987531 -0.000000
vt 0.996593 0.039229
vt 0.987531 0.059093
vt 0.248742 0.665146
vt 0.261276 0.648872
vt 0.277512 0.677151
vt 0.277952 0.698551
vt 0.802925 0.602298
vt 0.798597 0.565522
vt 0.820989 0.563541
vt 0.830358 0.601687
vt 0.802285 0.664562
vt 0.830357 0.665007
vt 0.799832 0.700001
vt 0.826755 0.701212
vt 0.822671 0.734449
vt 0.820960 0.748376
vt 0.801375 0.746409
vt 0.800991 0.734829
vt 0.793150 0.784050
vt 0.803655 0.795343
vt 0.768812 0.605302
vt 0.770885 0.572251
vt 0.786213 0.638941
vt 0.776108 0.664362
vt 0.768725 0.697272
vt 0.778628 0.741512
vt 0.777303 0.735398
vt 0.782279 0.757411
vt 0.974060 0.503092
vt 0.962629 0.517872
vt 0.962628 0.480250
vt 0.982928 0.480302
vt 0.766419 0.204517
vt 0.774051 0.227339
vt 0.768477 0.241285
vt 0.773322 0.203108
vt 0.780803 0.201768
vt 0.779489 0.208374
vt 0.764918 0.194275
vt 0.787117 0.126437
vt 0.787862 0.142903
vt 0.771079 0.132776
vt 0.772588 0.066277
vt 0.785942 0.081569
vt 0.764214 0.052636
vt 0.786911 0.032041
vt 0.786104 0.053973
vt 0.773845 -0.000000
vt 0.787862 0.011032
vt 0.929534 0.453741
vt 0.924922 0.423045
vt 0.929534 0.420793
vt 0.941817 0.065638
vt 0.941817 0.052809
vt 0.954602 0.056717
vt 0.916818 0.437443
vt 0.268194 0.798203
vt 0.236703 0.797937
vt 0.238924 0.771917
vt 0.268668 0.772698
vt 0.969922 0.761838
vt 0.950890 0.755539
vt 0.969922 0.695773
vt 0.301031 0.644943
vt 0.278652 0.644211
vt 0.281506 0.582517
vt 0.304247 0.680866
vt 0.281690 0.679323
vt 0.293155 0.725406
vt 0.289921 0.712410
vt 0.307653 0.711337
vt 0.309466 0.727554
vt 0.723777 0.935856
vt 0.741994 0.949142
vt 0.723777 0.978266
vt 0.494016 0.895766
vt 0.484721 0.875835
vt 0.494016 0.837385
vt 0.216321 0.806814
vt 0.240678 0.845382
vt 0.225323 0.854645
vt 0.310272 0.544660
vt 0.332394 0.546927
vt 0.328574 0.583250
vt 0.301368 0.582164
vt 0.329149 0.644999
vt 0.331298 0.680098
vt 0.329023 0.725967
vt 0.329694 0.712436
vt 0.336638 0.762987
vt 0.325655 0.773906
vt 0.360444 0.553689
vt 0.362562 0.586501
vt 0.362545 0.627886
vt 0.345096 0.619735
vt 0.355311 0.645107
vt 0.362500 0.660026
vt 0.351790 0.721390
vt 0.353260 0.715439
vt 0.347776 0.736883
vt 0.922708 0.296175
vt 0.904028 0.296175
vt 0.919290 0.274501
vt 0.216321 0.860998
vt 0.961943 0.270612
vt 0.971346 0.252131
vt 0.971346 0.299310
vt 0.199736 0.945231
vt 0.199736 0.979925
vt 0.192426 0.952191
vt 0.243067 0.475507
vt 0.254202 0.451936
vt 0.260403 0.454253
vt 0.244118 0.491001
vt 0.242453 0.454832
vt 0.242614 0.447606
vt 0.248536 0.449819
vt 0.256645 0.441608
vt 0.262029 0.441214
vt 0.257926 0.377874
vt 0.243222 0.386749
vt 0.244889 0.370249
vt 0.258500 0.371670
vt 0.258024 0.311889
vt 0.246215 0.326086
vt 0.276145 0.311686
vt 0.264803 0.299747
vt 0.264942 0.275052
vt 0.916818 0.450035
vt 0.900502 0.450035
vt 0.902555 0.420793
vt 0.881059 0.524723
vt 0.897004 0.542470
vt 0.881059 0.558528
vt 0.266642 0.827856
vt 0.256472 0.837050
vt 0.269696 0.852137
vt 0.256810 0.872540
vt 0.261415 0.842463
vt 0.028324 0.947176
vt 0.028324 0.969168
vt 0.026887 0.968757
vt 0.132310 0.610684
vt 0.132310 0.594898
vt 0.134294 0.595371
vt 0.402499 0.673295
vt 0.406435 0.697856
vt 0.404475 0.698019
vt 0.400568 0.673425
vt 0.008342 0.947176
vt 0.008305 0.968168
vt 0.006329 0.968542
vt 0.006329 0.947348
vt 0.972329 0.736539
vt 0.971956 0.770860
vt 0.969922 0.771140
vt 0.970281 0.736333
vt 0.034076 0.947176
vt 0.034076 0.961272
vt 0.032106 0.961683
vt 0.032082 0.947407
vt 0.982089 0.696261
vt 0.980089 0.695773
vt 0.991416 0.613952
vt 0.987341 0.588454
vt 0.989380 0.588190
vt 0.993459 0.613856
vt 0.992382 0.646903
vt 0.992344 0.629108
vt 0.994389 0.629094
vt 0.994407 0.647074
vt 0.910918 0.694729
vt 0.910918 0.703973
vt 0.908861 0.703920
vt 0.908859 0.694701
vt 0.987341 0.668889
vt 0.989338 0.669233
vt 0.766523 0.816138
vt 0.765815 0.810002
vt 0.767824 0.809654
vt 0.768554 0.815909
vt 0.762954 0.787746
vt 0.006329 0.947176
vt 0.006329 0.969614
vt 0.004300 0.947275
vt 0.762954 0.862635
vt 0.766363 0.833000
vt 0.768405 0.833029
vt 0.764846 0.862871
vt 0.982089 0.789741
vt 0.980264 0.790686
vt 0.404439 0.647402
vt 0.402385 0.647259
vt 0.406435 0.612904
vt 0.404380 0.612786
vt 0.912405 0.694701
vt 0.912405 0.704744
vt 0.910918 0.704900
vt 0.910960 0.695020
vt 0.531558 0.980333
vt 0.535650 0.998225
vt 0.534254 0.998651
vt 0.529745 0.980574
vt 0.533457 0.955307
vt 0.531634 0.955276
vt 0.984721 0.430014
vt 0.987142 0.437622
vt 0.985361 0.438112
vt 0.982946 0.430599
vt 0.213212 0.944813
vt 0.213891 0.939036
vt 0.215949 0.939096
vt 0.215260 0.945009
vt 0.976677 0.412190
vt 0.975022 0.412425
vt 0.535650 0.944984
vt 0.533874 0.944772
vt 0.213212 0.930407
vt 0.215250 0.930510
vt 0.978619 0.384810
vt 0.976895 0.384776
vt 0.608028 0.581032
vt 0.603779 0.565014
vt 0.605487 0.564516
vt 0.609782 0.580679
vt 0.828377 0.926276
vt 0.828377 0.908268
vt 0.830344 0.908537
vt 0.830328 0.926560
vt 0.987142 0.359233
vt 0.985376 0.359131
vt 0.611979 0.625532
vt 0.613872 0.625371
vt 0.608360 0.641695
vt 0.610241 0.641581
vt 0.603779 0.655687
vt 0.605726 0.656013
vt 0.053432 0.969915
vt 0.050881 0.946459
vt 0.052893 0.946297
vt 0.055484 0.969756
vt 0.019152 0.968890
vt 0.018908 0.947176
vt 0.020452 0.947197
vt 0.020452 0.969050
vt 0.050881 0.994740
vt 0.052931 0.994932
vt 0.041333 0.947603
vt 0.041547 0.960478
vt 0.039748 0.960700
vt 0.039748 0.947176
vt 0.036202 0.961489
vt 0.036136 0.947882
vt 0.037980 0.947176
vt 0.037980 0.961049
vt 0.129764 0.402204
vt 0.132506 0.377592
vt 0.134197 0.377910
vt 0.131462 0.402531
vt 0.547103 0.299142
vt 0.547050 0.294260
vt 0.548417 0.293443
vt 0.548417 0.298576
vt 0.129764 0.351497
vt 0.131785 0.351236
vt 0.130324 0.334217
vt 0.132326 0.333772
vt 0.908859 0.695850
vt 0.908859 0.705339
vt 0.907047 0.704619
vt 0.907153 0.694701
vt 0.748094 0.002739
vt 0.230961 0.644812
vt 0.251115 0.631171
vt 0.258163 0.643448
vt 0.244289 0.660055
vt 0.179767 0.941588
vt 0.179767 0.971934
vt 0.167545 0.955886
vt 0.976151 0.473113
vt 0.962629 0.473034
vt 0.962628 0.456702
vt 0.259640 0.698551
vt 0.242003 0.681361
vt 0.230727 0.686118
vt 0.768625 0.646910
vt 0.783448 0.159288
vt 0.768862 0.679309
vt 0.785089 0.713659
vt 0.786009 0.186288
vt 0.773720 0.719346
vt 0.262288 0.836763
vt 0.275670 0.835434
vt 0.244762 0.894104
vt 0.229543 0.877067
vt 0.244639 0.300255
vt 0.241152 0.279737
vt 0.272224 0.373103
vt 0.266170 0.408019
vt 0.245700 0.403697
vt 0.241152 0.430882
vt 0.362562 0.677778
vt 0.357195 0.699510
vt 0.345767 0.693734
vt 0.846507 0.108763
vt 0.838768 0.145187
vt 0.813098 0.136855
vt 0.822327 0.101966
vt 0.843433 0.057113
vt 0.695222 0.384160
vt 0.697454 0.442029
vt 0.674918 0.442231
vt 0.671981 0.475927
vt 0.694565 0.474981
vt 0.683707 0.518178
vt 0.667269 0.519821
vt 0.668661 0.506858
vt 0.686583 0.506737
vt 0.961838 0.293728
vt 0.947214 0.258606
vt 0.961838 0.244916
vt 0.134330 0.941587
vt 0.143357 0.977548
vt 0.134330 0.996236
vt 0.820326 0.176082
vt 0.834397 0.176191
vt 0.809156 0.214289
vt 0.790030 0.226837
vt 0.648264 0.383870
vt 0.645743 0.349654
vt 0.667369 0.347810
vt 0.674948 0.383305
vt 0.647424 0.441812
vt 0.645512 0.474794
vt 0.648011 0.517986
vt 0.647387 0.507209
vt 0.641942 0.553024
vt 0.653234 0.563541
vt 0.616181 0.386666
vt 0.619115 0.355912
vt 0.632233 0.417967
vt 0.622516 0.441626
vt 0.615696 0.472252
vt 0.626231 0.513429
vt 0.624817 0.507739
vt 0.630311 0.528228
vt 0.619248 0.316531
vt 0.623950 0.299400
vt 0.637355 0.330308
vt 0.619633 0.339122
vt 0.555934 0.947469
vt 0.563449 0.944771
vt 0.564489 0.962970
vt 0.555934 0.976840
vt 0.096827 0.704211
vt 0.101033 0.698074
vt 0.102073 0.704211
vt 0.206575 0.952912
vt 0.205312 0.945231
vt 0.212489 0.945478
vt 0.212489 0.954122
vt 0.788930 0.046322
vt 0.787862 0.033216
vt 0.803435 0.043280
vt 0.818895 0.050195
vt 0.803184 0.098968
vt 0.790667 0.084889
vt 0.810965 0.112246
vt 0.789784 0.132781
vt 0.790657 0.110578
vt 0.801704 0.165610
vt 0.788506 0.156156
vt 0.790291 0.206472
vt 0.801139 0.173132
vt 0.805741 0.174651
vt 0.787862 0.182794
vt 0.790538 0.167565
vt 0.808431 0.436046
vt 0.783124 0.443812
vt 0.775273 0.408027
vt 0.799338 0.401666
vt 0.777412 0.356250
vt 0.802064 0.349741
vt 0.671036 0.773366
vt 0.692923 0.793280
vt 0.675920 0.812193
vt 0.655307 0.791843
vt 0.638276 0.822318
vt 0.643080 0.813724
vt 0.660821 0.828717
vt 0.652782 0.837512
vt 0.618794 0.870437
vt 0.615696 0.849642
vt 0.615696 0.938128
vt 0.631484 0.950734
vt 0.615696 0.981306
vt 0.806736 0.483730
vt 0.798834 0.492433
vt 0.771415 0.450381
vt 0.843435 0.299400
vt 0.860901 0.300754
vt 0.853873 0.334139
vt 0.832959 0.334120
vt 0.854739 0.391494
vt 0.833663 0.392529
vt 0.858305 0.424224
vt 0.692924 0.834654
vt 0.665475 0.853271
vt 0.673572 0.847779
vt 0.638292 0.875359
vt 0.883527 0.306135
vt 0.883128 0.336285
vt 0.882939 0.374686
vt 0.867806 0.367553
vt 0.876396 0.390822
vt 0.882860 0.404522
vt 0.903907 0.280312
vt 0.886107 0.287091
vt 0.884308 0.274501
vt 0.904028 0.274641
vt 0.904028 0.295105
vt 0.407591 0.564747
vt 0.400568 0.544660
vt 0.422027 0.560985
vt 0.409674 0.596253
vt 0.400568 0.591358
vt 0.400876 0.564540
vt 0.617149 0.833972
vt 0.632500 0.817331
vt 0.620151 0.814299
vt 0.621705 0.808012
vt 0.627221 0.812775
vt 0.637479 0.811122
vt 0.817395 0.342991
vt 0.832959 0.332899
vt 0.832155 0.346055
vt 0.817174 0.347890
vt 0.818326 0.398880
vt 0.830715 0.384788
vt 0.810355 0.411771
vt 0.832142 0.454910
vt 0.819692 0.464180
vt 0.831129 0.431982
vt 0.815732 0.472948
vt 0.832959 0.481373
vt 0.831144 0.504613
vt 0.821954 0.476871
vt 0.108513 0.947253
vt 0.108513 0.968359
vt 0.106961 0.968303
vt 0.106918 0.947133
vt 0.131666 0.417621
vt 0.134274 0.433403
vt 0.132386 0.433295
vt 0.129764 0.417575
vt 0.692923 0.858236
vt 0.700038 0.838436
vt 0.701830 0.838855
vt 0.694637 0.858783
vt 0.992571 0.172740
vt 0.996824 0.201003
vt 0.995170 0.201089
vt 0.990800 0.172471
vt 0.962150 0.568448
vt 0.962150 0.586403
vt 0.960257 0.586381
vt 0.960249 0.568297
vt 0.996824 0.138610
vt 0.995037 0.138132
vt 0.132756 0.550386
vt 0.132311 0.529501
vt 0.133895 0.528869
vt 0.134235 0.549758
vt 0.069359 0.960634
vt 0.066895 0.946297
vt 0.068709 0.946324
vt 0.071173 0.960850
vt 0.132311 0.563755
vt 0.133766 0.563174
vt 0.703950 0.858293
vt 0.703945 0.870303
vt 0.702075 0.870324
vt 0.702075 0.858325
vt 0.066895 0.981583
vt 0.068705 0.981948
vt 0.698668 0.792411
vt 0.697411 0.786772
vt 0.699247 0.786478
vt 0.700534 0.792188
vt 0.692923 0.773366
vt 0.037980 0.961202
vt 0.039748 0.947176
vt 0.039748 0.961744
vt 0.700174 0.808174
vt 0.702075 0.808154
vt 0.962588 0.888510
vt 0.962574 0.906439
vt 0.960751 0.906038
vt 0.960751 0.888027
vt 0.134274 0.402531
vt 0.278230 0.444730
vt 0.276145 0.421397
vt 0.277780 0.421609
vt 0.278230 0.389911
vt 0.276644 0.389709
vt 0.278607 0.509555
vt 0.278645 0.518761
vt 0.277306 0.519044
vt 0.277306 0.509992
vt 0.404375 0.895296
vt 0.406752 0.911330
vt 0.405144 0.911522
vt 0.402514 0.895388
vt 0.404825 0.871006
vt 0.402964 0.870846
vt 0.985586 0.654871
vt 0.987340 0.661887
vt 0.985500 0.662248
vt 0.983759 0.655323
vt 0.828377 0.907723
vt 0.828891 0.900753
vt 0.830347 0.901154
vt 0.829807 0.908268
vt 0.979887 0.638597
vt 0.978093 0.638695
vt 0.406752 0.861269
vt 0.404924 0.860934
vt 0.828377 0.889981
vt 0.829703 0.890305
vt 0.981793 0.613001
vt 0.979965 0.612854
vt 0.099596 0.670472
vt 0.102649 0.685600
vt 0.100822 0.685963
vt 0.097743 0.670695
vt 0.277346 0.509551
vt 0.277306 0.491001
vt 0.278501 0.491010
vt 0.278501 0.509555
vt 0.987340 0.588392
vt 0.985495 0.588190
vt 0.098732 0.628909
vt 0.096827 0.628946
vt 0.099665 0.614122
vt 0.097763 0.614116
vt 0.102649 0.601408
vt 0.100779 0.600989
vt 0.613508 0.743011
vt 0.611069 0.720985
vt 0.612969 0.720771
vt 0.615368 0.742840
vt 0.828377 0.889944
vt 0.828390 0.870826
vt 0.830292 0.870657
vt 0.830292 0.889981
vt 0.611069 0.766521
vt 0.612913 0.766688
vt 0.032082 0.948211
vt 0.032082 0.963510
vt 0.030228 0.963098
vt 0.030502 0.947176
vt 0.957038 0.065311
vt 0.957016 0.053488
vt 0.958804 0.052809
vt 0.958804 0.064783
vt 0.611069 0.720657
vt 0.613790 0.697467
vt 0.615556 0.697571
vt 0.612838 0.720771
vt 0.028613 0.952121
vt 0.028324 0.947176
vt 0.029927 0.947615
vt 0.030228 0.952793
vt 0.611069 0.673242
vt 0.612961 0.672980
vt 0.612275 0.656421
vt 0.614121 0.656013
vt 0.028324 0.962151
vt 0.029802 0.963315
vt 0.824944 0.168346
vt 0.639926 0.336237
vt 0.655868 0.330609
vt 0.628191 0.342071
vt 0.615696 0.425386
vt 0.791492 0.020939
vt 0.814588 0.023151
vt 0.615714 0.455536
vt 0.631738 0.487504
vt 0.516942 0.942071
vt 0.513861 0.936019
vt 0.516942 0.925561
vt 0.970089 0.669981
vt 0.970089 0.694645
vt 0.962329 0.679704
vt 0.788421 -0.000000
vt 0.865162 0.268097
vt 0.884308 0.268097
vt 0.867009 0.295105
vt 0.212486 0.978115
vt 0.621002 0.492799
vt 0.820213 0.471613
vt 0.830422 0.466451
vt 0.830985 0.524723
vt 0.811687 0.512148
vt 0.403883 0.612786
vt 0.830575 0.409828
vt 0.805798 0.322487
vt 0.829078 0.320478
vt 0.831732 0.299400
vt 0.623103 0.791441
vt 0.883527 0.421070
vt 0.881027 0.441632
vt 0.871239 0.436570
vt 0.859585 0.454599
vt 0.879194 0.456702
vt 0.663461 0.873356
vt 0.695471 0.276356
vt 0.685792 0.263354
vt 0.693300 0.258695
vt 0.701969 0.258747
vt 0.709477 0.263499
vt 0.713812 0.271674
vt 0.713812 0.281085
vt 0.709478 0.289208
vt 0.701971 0.293867
vt 0.693301 0.293814
vt 0.685793 0.289065
vt 0.681458 0.280887
vt 0.681458 0.271477
vt 0.930875 0.694701
vt 0.926815 0.691564
vt 0.939079 0.676091
vt 0.946111 0.681524
vt 0.949575 0.313688
vt 0.941941 0.309581
vt 0.950487 0.299310
vt 0.963711 0.306426
vt 0.953982 0.321404
vt 0.971344 0.319788
vt 0.953983 0.330657
vt 0.971346 0.335816
vt 0.949575 0.338972
vt 0.963710 0.350216
vt 0.941941 0.344118
vt 0.950487 0.359131
vt 0.969041 0.066869
vt 0.977147 0.065735
vt 0.985654 0.083722
vt 0.971613 0.085685
vt 0.114453 0.762387
vt 0.105079 0.763204
vt 0.099847 0.744948
vt 0.116081 0.743534
vt 0.122825 0.763252
vt 0.130582 0.745032
vt 0.909840 0.687277
vt 0.901469 0.687278
vt 0.895178 0.668668
vt 0.909673 0.668668
vt 0.919116 0.688847
vt 0.925743 0.671384
vt 0.615696 0.907112
vt 0.617288 0.891099
vt 0.634911 0.889640
vt 0.633072 0.908130
vt 0.617288 0.922484
vt 0.634912 0.925878
vt 0.621643 0.933090
vt 0.639940 0.938128
vt 0.068447 0.946297
vt 0.054355 0.944120
vt 0.050881 0.925039
vt 0.067155 0.927553
vt 0.084747 0.946296
vt 0.085977 0.927552
vt 0.098889 0.944119
vt 0.102306 0.925038
vt 0.987826 0.104577
vt 0.971613 0.106842
vt 0.096827 0.724006
vt 0.115572 0.722372
vt 0.132316 0.724102
vt 0.895193 0.647531
vt 0.911930 0.647530
vt 0.930484 0.650668
vt 0.945884 0.656103
vt 0.655722 0.892392
vt 0.654128 0.908406
vt 0.655721 0.923776
vt 0.660076 0.934382
vt 0.054319 0.904119
vt 0.068411 0.906297
vt 0.084713 0.906296
vt 0.098853 0.904118
vt 0.983081 0.122712
vt 0.969041 0.124676
vt 0.096827 0.705988
vt 0.113062 0.704575
vt 0.970657 0.951724
vt 0.954707 0.961599
vt 0.948451 0.946880
vt 0.962265 0.938329
vt 0.901509 0.629533
vt 0.916004 0.629533
vt 0.932072 0.632251
vt 0.639941 0.875359
vt 0.660076 0.880026
vt 0.674144 0.898618
vt 0.673223 0.907863
vt 0.674143 0.916737
vt 0.676658 0.922861
vt 0.063746 0.886963
vt 0.071882 0.888222
vt 0.081293 0.888220
vt 0.089457 0.886963
vt 0.929837 0.835181
vt 0.915352 0.834438
vt 0.915352 0.816527
vt 0.923715 0.816956
vt 0.932653 0.948826
vt 0.932460 0.929601
vt 0.941580 0.928479
vt 0.949557 0.923541
vt 0.970393 0.925463
vt 0.954248 0.916114
vt 0.970657 0.911732
vt 0.954402 0.908184
vt 0.676658 0.891478
vt 0.812905 0.542075
vt 0.805604 0.530245
vt 0.812264 0.525169
vt 0.701814 0.870861
vt 0.692923 0.858783
vt 0.701845 0.858783
vt 0.801760 0.547970
vt 0.801760 0.538592
vt 0.805606 0.555872
vt 0.812266 0.560174
vt 0.819956 0.559728
vt 0.826616 0.554652
vt 0.830462 0.546307
vt 0.830462 0.536925
vt 0.826616 0.529027
vt 0.819955 0.524723
s 0
usemtl M_Trunk
f 147/1/1 14/2/1 153/3/1 146/4/1
f 11/5/2 10/6/2 5/7/2 1/8/2
f 16/9/3 15/10/3 6/11/3 2/12/3
f 12/13/4 9/14/4 8/15/4 4/16/4
f 17/17/5 13/18/5 7/19/5 3/20/5
f 148/21/6 149/22/6 14/23/6 147/24/6
f 2/25/7 6/26/7 10/6/7 11/5/7
f 3/20/8 7/19/8 9/14/8 12/13/8
f 151/27/9 152/28/9 153/3/9 14/2/9
f 4/29/10 8/30/10 15/10/10 16/9/10
f 1/31/11 5/32/11 13/33/11 17/34/11
f 150/35/12 151/36/12 14/23/12 149/22/12
f 5/7/13 10/6/13 19/37/13 18/38/13
f 10/6/14 6/26/14 20/39/14 19/37/14
f 6/40/15 15/41/15 21/42/15 20/43/15
f 15/41/16 8/44/16 22/45/16 21/42/16
f 8/44/17 9/46/17 23/47/17 22/45/17
f 9/14/18 7/19/18 24/48/18 23/49/18
f 7/50/19 13/33/19 25/51/19 24/52/19
f 13/33/20 5/32/20 18/53/20 25/51/20
f 18/53/21 19/54/21 27/55/21 26/56/21
f 19/37/22 20/39/22 28/57/22 27/58/22
f 20/43/23 21/42/23 29/59/23 28/60/23
f 21/42/24 22/45/24 30/61/24 29/59/24
f 22/45/25 23/47/25 31/62/25 30/61/25
f 23/47/26 24/63/26 32/64/26 31/62/26
f 24/52/27 25/51/27 33/65/27 32/66/27
f 25/51/28 18/53/28 26/56/28 33/65/28
f 26/67/29 27/58/29 35/68/29 34/69/29
f 27/58/30 28/57/30 36/70/30 35/68/30
f 28/71/31 29/72/31 37/73/31 36/74/31
f 29/72/32 30/75/32 38/76/32 37/73/32
f 30/77/33 31/78/33 39/79/33 38/80/33
f 31/78/34 32/81/34 40/82/34 39/79/34
f 32/81/35 33/83/35 41/84/35 40/82/35
f 33/65/36 26/56/36 34/85/36 41/86/36
f 34/85/37 35/87/37 43/88/37 42/89/37
f 35/90/38 36/91/38 44/92/38 43/93/38
f 36/91/39 37/94/39 45/95/39 44/92/39
f 37/94/40 38/96/40 46/97/40 45/95/40
f 38/96/41 39/98/41 47/99/41 46/97/41
f 39/98/42 40/100/42 48/101/42 47/99/42
f 40/102/43 41/86/43 49/103/43 48/104/43
f 41/86/44 34/85/44 42/89/44 49/103/44
f 42/105/45 43/106/45 51/107/45 50/108/45
f 43/106/46 44/109/46 52/110/46 51/107/46
f 44/111/47 45/112/47 53/113/47 52/114/47
f 45/112/48 46/115/48 54/116/48 53/113/48
f 46/117/49 47/118/49 55/119/49 54/120/49
f 47/118/50 48/121/50 56/122/50 55/119/50
f 48/121/51 49/123/51 57/124/51 56/122/51
f 49/103/52 42/89/52 50/125/52 57/126/52
f 50/125/53 51/127/53 59/128/53 58/129/53
f 51/130/54 52/131/54 60/132/54 59/133/54
f 52/131/55 53/134/55 61/135/55 60/132/55
f 53/134/56 54/136/56 62/137/56 61/135/56
f 54/136/57 55/138/57 63/139/57 62/137/57
f 55/138/58 56/140/58 64/141/58 63/139/58
f 56/142/59 57/126/59 65/143/59 64/144/59
f 57/126/60 50/125/60 58/129/60 65/143/60
f 58/145/61 59/146/61 67/147/61 66/148/61
f 59/146/62 60/149/62 68/150/62 67/147/62
f 60/151/63 61/152/63 69/153/63 68/154/63
f 61/152/64 62/155/64 70/156/64 69/153/64
f 62/157/65 63/158/65 71/159/65 70/160/65
f 63/158/66 64/161/66 72/162/66 71/159/66
f 64/161/67 65/163/67 73/164/67 72/162/67
f 65/143/68 58/129/68 66/165/68 73/166/68
f 66/148/69 67/147/69 75/167/69 74/168/69
f 67/147/70 68/150/70 76/169/70 75/167/70
f 68/154/71 69/153/71 77/170/71 76/171/71
f 69/153/72 70/156/72 78/172/72 77/170/72
f 70/160/73 71/159/73 79/173/73 78/174/73
f 71/159/74 72/162/74 80/175/74 79/173/74
f 72/162/75 73/164/75 81/176/75 80/175/75
f 73/177/76 66/178/76 74/179/76 81/180/76
f 74/181/77 75/182/77 83/183/77 82/184/77
f 75/185/78 76/186/78 84/187/78 83/188/78
f 76/186/79 77/189/79 85/190/79 84/187/79
f 77/189/80 78/191/80 86/192/80 85/190/80
f 78/191/81 79/193/81 87/194/81 86/192/81
f 79/193/82 80/195/82 88/196/82 87/194/82
f 80/197/83 81/198/83 89/199/83 88/200/83
f 81/198/84 74/181/84 82/184/84 89/199/84
f 82/201/85 83/202/85 91/203/85 90/204/85
f 83/202/86 84/205/86 92/206/86 91/203/86
f 84/207/87 85/208/87 93/209/87 92/210/87
f 85/208/88 86/211/88 94/212/88 93/209/88
f 86/213/89 87/214/89 95/215/89 94/216/89
f 87/214/90 88/217/90 96/218/90 95/215/90
f 88/217/91 89/219/91 97/220/91 96/218/91
f 89/199/92 82/184/92 90/221/92 97/222/92
f 90/204/93 91/203/93 99/223/93 98/224/93
f 91/203/94 92/206/94 100/225/94 99/223/94
f 92/210/95 93/209/95 101/226/95 100/227/95
f 93/209/96 94/212/96 102/228/96 101/226/96
f 94/216/97 95/215/97 103/229/97 102/230/97
f 95/215/98 96/218/98 104/231/98 103/229/98
f 96/218/99 97/220/99 105/232/99 104/231/99
f 97/233/100 90/234/100 98/235/100 105/236/100
f 98/237/101 99/238/101 107/239/101 106/240/101
f 99/238/102 100/241/102 108/242/102 107/239/102
f 100/241/103 101/243/103 109/244/103 108/242/103
f 101/243/104 102/245/104 110/246/104 109/244/104
f 102/245/105 103/247/105 111/248/105 110/246/105
f 103/247/106 104/249/106 112/250/106 111/248/106
f 104/249/107 105/251/107 113/252/107 112/250/107
f 105/251/108 98/237/108 106/240/108 113/252/108
f 106/253/109 107/254/109 115/255/109 114/256/109
f 107/254/110 108/257/110 116/258/110 115/255/110
f 108/259/111 109/260/111 117/261/111 116/262/111
f 109/260/112 110/263/112 118/264/112 117/261/112
f 110/265/113 111/266/113 119/267/113 118/268/113
f 111/266/114 112/269/114 120/270/114 119/267/114
f 112/269/115 113/271/115 121/272/115 120/270/115
f 113/273/116 106/274/116 114/275/116 121/276/116
f 114/277/117 115/278/117 123/279/117 122/280/117
f 115/281/118 116/282/118 124/283/118 123/284/118
f 116/282/119 117/285/119 125/286/119 124/283/119
f 117/285/120 118/287/120 126/288/120 125/286/120
f 118/287/121 119/289/121 127/290/121 126/288/121
f 119/289/122 120/291/122 128/292/122 127/290/122
f 120/291/123 121/293/123 129/294/123 128/292/123
f 121/295/124 114/277/124 122/280/124 129/296/124
f 122/297/125 123/298/125 131/299/125 130/300/125
f 123/298/126 124/301/126 132/302/126 131/299/126
f 124/303/127 125/304/127 133/305/127 132/306/127
f 125/304/128 126/307/128 134/308/128 133/305/128
f 126/309/129 127/310/129 135/311/129 134/312/129
f 127/310/130 128/313/130 136/314/130 135/311/130
f 128/313/131 129/315/131 137/316/131 136/314/131
f 129/296/132 122/280/132 130/317/132 137/318/132
f 130/317/133 131/319/133 139/320/133 138/321/133
f 131/299/134 132/302/134 140/322/134 139/323/134
f 132/324/135 133/325/135 141/326/135 140/327/135
f 133/325/136 134/328/136 142/329/136 141/326/136
f 134/328/137 135/330/137 143/331/137 142/329/137
f 135/330/138 136/332/138 144/333/138 143/331/138
f 136/334/139 137/318/139 145/335/139 144/336/139
f 137/318/140 130/317/140 138/321/140 145/335/140
f 138/337/141 139/323/141 147/338/141 146/339/141
f 139/323/142 140/322/142 148/340/142 147/338/142
f 140/341/143 141/342/143 149/343/143 148/344/143
f 141/342/144 142/345/144 150/346/144 149/343/144
f 142/347/145 143/348/145 151/349/145 150/350/145
f 143/348/146 144/351/146 152/352/146 151/349/146
f 144/336/147 145/335/147 153/3/147 152/28/147
f 145/335/148 138/321/148 146/4/148 153/3/148
s 1
usemtl M_PalmLeaves
f 154/353/149 155/354/150 156/355/151
f 156/355/151 157/356/152 154/353/149
f 158/357/153 154/353/149 157/356/152
f 157/356/152 159/358/154 158/357/153
f 160/359/155 158/357/153 159/358/154
f 159/358/154 161/360/156 160/359/155
f 162/361/157 163/362/158 164/363/159
f 164/363/159 165/364/160 162/361/157
f 166/365/161 163/362/158 162/361/157
f 162/361/157 167/366/162 166/365/161
f 168/367/163 169/368/164 170/369/165
f 170/369/165 171/370/166 168/367/163
f 172/371/167 173/372/168 155/354/150
f 155/354/150 154/353/149 172/371/167
f 174/373/169 172/371/167 154/353/149
f 154/353/149 158/357/153 174/373/169
f 175/374/170 174/373/169 158/357/153
f 158/357/153 160/359/155 175/374/170
f 164/363/159 163/362/158 176/375/171
f 176/375/171 177/376/172 164/363/159
f 178/377/173 176/375/171 163/362/158
f 163/362/158 166/365/161 178/377/173
f 179/378/174 180/379/175 173/380/168
f 173/381/168 172/382/167 179/383/174
f 181/384/176 179/385/174 172/371/167
f 181/384/176 172/371/167 174/373/169
f 181/384/176 174/373/169 182/386/177
f 174/373/169 175/374/170 183/387/178
f 184/388/179 185/389/180 177/376/172
f 177/376/172 176/375/171 184/388/179
f 186/390/181 184/388/179 176/375/171
f 176/375/171 178/377/173 186/390/181
f 187/391/182 170/369/165 169/368/164
f 169/368/164 188/392/183 187/391/182
f 162/361/157 189/393/184 190/394/185
f 190/394/185 167/366/162 162/361/157
f 191/395/186 192/396/187 193/397/188
f 194/398/189 189/393/184 162/361/157
f 162/361/157 165/364/160 194/398/189
f 195/399/190 196/400/191 197/401/192
f 197/401/192 159/358/154 195/399/190
f 157/356/152 198/402/193 199/403/194
f 200/404/195 156/355/151 201/405/196
f 201/405/196 202/406/197 200/404/195
f 156/407/151 203/408/198 204/409/199
f 204/410/199 201/411/196 156/412/151
f 205/413/200 206/414/201 207/415/202
f 208/416/203 209/417/204 206/414/201
f 206/414/201 205/413/200 208/416/203
f 210/418/205 211/419/206 212/420/207
f 212/420/207 213/421/208 210/418/205
f 213/421/208 212/420/207 214/422/209
f 214/422/209 215/423/210 213/421/208
f 215/423/210 214/422/209 216/424/211
f 216/424/211 217/425/212 215/423/210
f 218/426/213 219/427/214 220/428/215
f 220/428/215 221/429/216 218/426/213
f 218/426/213 221/429/216 222/430/217
f 222/430/217 223/431/218 218/426/213
f 224/432/219 211/433/206 225/434/220
f 225/434/220 226/435/221 224/432/219
f 211/419/206 224/436/219 227/437/222
f 227/437/222 212/420/207 211/419/206
f 212/420/207 227/437/222 228/438/223
f 228/438/223 214/422/209 212/420/207
f 214/422/209 228/438/223 229/439/224
f 229/439/224 216/424/211 214/422/209
f 230/440/225 221/429/216 220/428/215
f 220/428/215 231/441/226 230/440/225
f 221/429/216 230/440/225 232/442/227
f 232/442/227 222/430/217 221/429/216
f 224/443/219 233/444/228 234/445/229
f 234/446/229 227/447/222 224/448/219
f 234/446/229 235/449/230 236/450/231
f 236/451/231 237/452/232 228/438/223
f 236/451/231 228/438/223 227/437/222
f 234/446/229 236/450/231 227/447/222
f 228/438/223 237/452/232 238/453/233
f 239/454/234 230/440/225 231/441/226
f 240/455/235 239/454/234 231/441/226
f 241/456/236 242/456/237 243/456/238
f 244/457/239 230/440/225 239/454/234
f 245/458/240 233/459/228 224/460/219
f 224/460/219 226/461/221 246/462/241
f 245/458/240 224/460/219 246/462/241
f 245/458/240 246/462/241 247/463/242
f 248/464/243 249/465/244 218/426/213
f 218/426/213 223/431/218 248/464/243
f 250/466/245 251/467/246 252/468/247
f 218/426/213 249/465/244 253/469/248
f 253/469/248 219/427/214 218/426/213
f 254/470/249 255/471/250 256/472/251
f 256/472/251 257/473/252 254/470/249
f 258/474/253 257/473/252 256/472/251
f 256/472/251 259/475/254 258/474/253
f 213/421/208 260/476/255 210/418/205
f 261/477/256 262/478/257 210/479/205
f 210/479/205 263/480/258 261/477/256
f 210/481/205 262/482/257 264/483/259
f 265/484/260 266/485/261 267/486/262
f 268/487/263 269/488/264 270/489/265
f 270/489/265 271/490/266 268/487/263
f 272/491/267 273/492/268 274/493/269
f 274/494/269 275/495/270 272/496/267
f 276/497/271 277/498/272 278/499/273
f 278/500/273 279/501/274 276/502/271
f 280/503/275 281/504/276 282/505/277
f 282/506/277 283/507/278 280/508/275
f 284/509/279 285/510/280 286/511/281
f 286/511/281 287/512/282 284/509/279
f 288/513/283 280/514/275 283/515/278
f 283/516/278 289/517/284 288/518/283
f 290/519/285 291/520/286 292/521/287
f 292/522/287 293/523/288 290/524/285
f 294/525/289 295/526/290 296/527/291
f 296/527/291 297/528/292 294/525/289
f 295/526/290 290/524/285 293/523/288
f 293/523/288 296/527/291 295/526/290
f 298/529/293 299/530/294 300/531/295
f 300/531/295 301/532/296 298/529/293
f 302/533/297 294/525/289 297/528/292
f 297/528/292 303/534/298 302/533/297
f 304/535/299 305/536/300 306/537/301
f 306/537/301 307/538/302 304/535/299
f 308/539/303 306/537/301 305/536/300
f 309/456/304 310/456/238 311/456/305
f 308/540/306 312/541/307 313/542/308
f 277/498/272 314/543/309 315/544/310
f 315/544/310 278/499/273 277/498/272
f 314/543/309 304/535/299 307/538/302
f 307/538/302 315/544/310 314/543/309
f 281/545/276 316/546/311 317/547/312
f 317/547/312 282/548/277 281/545/276
f 318/549/313 272/496/267 275/495/270
f 275/550/270 319/551/314 318/552/313
f 320/553/315 318/554/313 319/555/314
f 319/555/314 321/556/316 320/553/315
f 322/557/317 323/558/318 324/559/319
f 324/559/319 325/560/320 322/557/317
f 326/561/321 268/487/263 271/490/266
f 271/490/266 327/562/322 326/561/321
f 328/563/323 326/561/321 327/562/322
f 327/562/322 329/564/324 328/563/323
f 330/565/325 331/566/326 332/567/327
f 332/567/327 333/568/328 330/565/325
f 334/569/329 335/570/330 336/571/331
f 336/571/331 337/572/332 334/569/329
f 338/573/333 330/565/325 333/568/328
f 333/568/328 339/574/334 338/573/333
f 340/575/335 328/563/323 329/564/324
f 329/564/324 341/576/336 340/575/335
f 335/570/330 342/577/337 343/578/338
f 343/578/338 336/571/331 335/570/330
f 344/579/339 338/573/333 339/574/334
f 339/574/334 345/580/340 344/579/339
f 346/581/341 347/582/342 348/583/343
f 348/583/343 349/584/344 346/581/341
f 350/585/345 351/586/346 352/587/347
f 352/587/347 353/588/348 350/585/345
f 354/589/349 344/579/339 345/580/340
f 345/580/340 355/590/350 354/589/349
f 356/591/351 346/581/341 349/584/344
f 349/584/344 357/592/352 356/591/351
f 358/593/353 356/591/351 357/592/352
f 357/592/352 359/594/354 358/593/353
f 360/595/355 358/593/353 359/594/354
f 359/594/354 361/596/356 360/595/355
f 362/597/357 363/598/358 364/599/359
f 364/599/359 365/600/360 362/597/357
f 366/601/361 367/602/362 368/603/363
f 368/603/363 369/604/364 366/601/361
f 370/605/365 362/597/357 365/600/360
f 365/600/360 371/606/366 370/605/365
f 372/607/367 373/608/368 374/609/369
f 374/609/369 375/610/370 372/607/367
f 376/611/371 372/612/367 375/613/370
f 375/613/370 377/614/372 376/611/371
f 378/615/373 379/616/374 380/617/375
f 380/617/375 381/618/376 378/615/373
f 382/619/377 383/620/378 384/621/379
f 384/621/379 385/622/380 382/619/377
f 379/616/374 386/623/381 387/624/382
f 387/624/382 380/617/375 379/616/374
f 386/623/381 388/625/383 389/626/384
f 389/626/384 387/624/382 386/623/381
f 390/627/385 382/619/377 385/622/380
f 385/622/380 391/628/386 390/627/385
f 156/629/151 155/630/150 392/631/387
f 392/631/387 203/632/198 156/629/151
f 155/630/150 173/633/168 393/634/388
f 393/634/388 392/631/387 155/630/150
f 173/633/168 180/635/175 394/636/389
f 394/636/389 393/634/388 173/633/168
f 171/370/166 205/413/200 207/415/202
f 207/415/202 168/367/163 171/370/166
f 394/636/389 188/392/183 169/368/164
f 169/368/164 393/634/388 394/636/389
f 169/368/164 168/367/163 392/631/387
f 392/631/387 393/634/388 169/368/164
f 392/631/387 168/367/163 207/415/202
f 207/415/202 203/632/198 392/631/387
f 200/404/195 198/402/193 157/356/152
f 157/356/152 156/355/151 200/404/195
f 181/384/176 395/637/390 179/385/174
f 199/403/194 195/399/190 159/358/154
f 159/358/154 157/356/152 199/403/194
f 197/401/192 396/638/391 161/360/156
f 161/360/156 159/358/154 197/401/192
f 174/373/169 183/387/178 397/639/392
f 397/639/392 182/386/177 174/373/169
f 398/640/393 183/387/178 175/374/170
f 185/389/180 398/640/393 175/374/170
f 185/389/180 175/374/170 177/376/172
f 177/376/172 175/374/170 160/359/155
f 160/359/155 164/363/159 177/376/172
f 160/359/155 161/360/156 165/364/160
f 165/364/160 164/363/159 160/359/155
f 192/396/187 191/395/186 194/398/189
f 194/398/189 399/641/394 192/396/187
f 161/360/156 396/638/391 399/641/394
f 399/641/394 194/398/189 161/360/156
f 194/398/189 165/364/160 161/360/156
f 398/640/393 400/642/395 183/387/178
f 264/643/259 401/644/396 267/486/262
f 401/644/396 402/645/397 265/484/260
f 265/484/260 267/486/262 401/644/396
f 264/643/259 225/434/220 211/433/206
f 211/433/206 210/646/205 264/643/259
f 266/485/261 403/647/398 225/434/220
f 267/486/262 266/485/261 225/434/220
f 264/648/259 267/649/262 225/650/220
f 225/434/220 403/647/398 404/651/399
f 404/651/399 226/435/221 225/434/220
f 226/461/221 404/652/399 246/462/241
f 213/421/208 258/474/253 260/476/255
f 260/476/255 405/653/400 263/654/258
f 263/654/258 210/418/205 260/476/255
f 258/474/253 213/421/208 215/423/210
f 215/423/210 257/473/252 258/474/253
f 217/425/212 406/655/401 254/470/249
f 254/470/249 215/423/210 217/425/212
f 254/470/249 257/473/252 215/423/210
f 407/656/402 406/655/401 217/425/212
f 217/425/212 253/469/248 407/656/402
f 408/657/403 229/439/224 228/438/223
f 228/438/223 238/453/233 408/657/403
f 253/469/248 252/468/247 251/467/246
f 251/467/246 407/656/402 253/469/248
f 253/469/248 217/425/212 219/427/214
f 219/427/214 217/425/212 216/424/211
f 216/424/211 220/428/215 219/427/214
f 216/424/211 229/439/224 231/441/226
f 231/441/226 220/428/215 216/424/211
f 229/439/224 408/657/403 409/658/404
f 229/439/224 409/658/404 410/659/405
f 231/441/226 229/439/224 410/659/405
f 231/441/226 410/659/405 411/455/406
f 244/457/239 232/442/227 230/440/225
f 594/919/538 595/920/539 596/921/540
f 596/921/540 597/922/541 594/919/538
f 598/923/542 594/919/538 597/922/541
f 597/922/541 599/924/543 598/923/542
f 600/925/544 598/923/542 599/924/543
f 599/924/543 601/926/545 600/925/544
f 602/927/546 603/928/547 604/929/548
f 604/929/548 605/930/549 602/927/546
f 606/931/550 603/932/547 602/933/546
f 602/934/546 607/935/551 606/936/550
f 608/937/552 609/938/553 610/939/554
f 610/940/554 611/941/555 608/942/552
f 612/943/556 613/944/557 595/920/539
f 595/920/539 594/919/538 612/943/556
f 614/945/558 612/943/556 594/919/538
f 594/919/538 598/923/542 614/945/558
f 615/946/559 614/945/558 598/923/542
f 598/923/542 600/925/544 615/946/559
f 604/929/548 603/928/547 616/947/560
f 616/947/560 617/948/561 604/929/548
f 618/949/562 616/947/560 603/928/547
f 603/928/547 606/950/550 618/949/562
f 619/951/563 620/952/564 613/944/557
f 613/944/557 612/943/556 619/951/563
f 621/953/565 619/951/563 612/943/556
f 621/953/565 612/943/556 614/945/558
f 621/953/565 614/945/558 622/954/566
f 614/945/558 615/946/559 623/955/567
f 624/956/568 625/957/569 617/948/561
f 617/948/561 616/947/560 624/956/568
f 626/958/570 624/956/568 616/947/560
f 616/947/560 618/949/562 626/958/570
f 627/959/571 610/939/554 609/938/553
f 609/938/553 628/960/572 627/959/571
f 602/961/546 629/962/573 630/963/574
f 630/963/574 607/964/551 602/961/546
f 631/965/575 632/966/576 633/967/577
f 634/968/578 629/969/573 602/927/546
f 602/927/546 605/930/549 634/968/578
f 635/970/579 636/971/580 637/972/581
f 637/972/581 599/924/543 635/970/579
f 597/973/541 638/974/582 639/975/583
f 640/976/584 596/977/540 641/978/585
f 641/978/585 642/979/586 640/976/584
f 596/977/540 643/980/587 644/981/588
f 644/981/588 641/978/585 596/977/540
f 645/982/589 646/983/590 647/984/591
f 648/985/592 649/986/593 646/983/590
f 646/983/590 645/982/589 648/985/592
f 650/987/594 651/988/595 652/989/596
f 652/989/596 653/990/597 650/987/594
f 653/990/597 652/989/596 654/991/598
f 654/991/598 655/992/599 653/990/597
f 655/992/599 654/991/598 656/993/600
f 656/993/600 657/994/601 655/992/599
f 658/995/602 659/996/603 660/997/604
f 660/997/604 661/998/605 658/995/602
f 658/999/602 661/1000/605 662/1001/606
f 662/1002/606 663/1003/607 658/1004/602
f 664/1005/608 651/988/595 665/1006/609
f 665/1006/609 666/1007/610 664/1005/608
f 651/988/595 664/1005/608 667/1008/611
f 667/1008/611 652/989/596 651/988/595
f 652/989/596 667/1008/611 668/1009/612
f 668/1009/612 654/991/598 652/989/596
f 654/991/598 668/1009/612 669/1010/613
f 669/1010/613 656/993/600 654/991/598
f 670/1011/614 661/998/605 660/997/604
f 660/997/604 671/1012/615 670/1011/614
f 661/998/605 670/1011/614 672/1013/616
f 672/1014/616 662/1001/606 661/1000/605
f 664/1005/608 673/1015/617 674/1016/618
f 674/1016/618 667/1008/611 664/1005/608
f 674/1016/618 675/1017/619 676/1018/620
f 676/1018/620 677/1019/621 668/1009/612
f 676/1018/620 668/1009/612 667/1008/611
f 674/1016/618 676/1018/620 667/1008/611
f 668/1009/612 677/1019/621 678/1020/622
f 679/1021/623 670/1011/614 671/1012/615
f 680/1022/624 679/1021/623 671/1012/615
f 680/1022/624 671/1012/615 681/1023/625
f 682/1024/626 670/1011/614 679/1021/623
f 683/1025/627 673/1015/617 664/1005/608
f 664/1005/608 666/1007/610 684/1026/628
f 683/1025/627 664/1005/608 684/1026/628
f 683/1025/627 684/1026/628 685/1027/629
f 686/1028/630 687/1029/631 658/1030/602
f 658/1030/602 663/1031/607 686/1028/630
f 688/1032/632 689/1033/633 690/1034/634
f 658/1030/602 687/1029/631 691/1035/635
f 691/1035/635 659/1036/603 658/1030/602
f 692/1037/636 693/1038/637 694/1039/638
f 694/1039/638 695/1040/639 692/1037/636
f 696/1041/640 695/1042/639 694/1043/638
f 694/1044/638 697/1045/641 696/1046/640
f 653/1047/597 698/1048/642 650/1049/594
f 699/1050/643 700/1051/644 650/1049/594
f 650/1049/594 701/1052/645 699/1050/643
f 650/987/594 700/1053/644 702/1054/646
f 703/1055/647 704/1056/648 705/1057/649
f 706/1058/650 707/1059/651 708/1060/652
f 708/1061/652 709/1062/653 706/1063/650
f 710/1064/654 711/1065/655 712/1066/656
f 712/1066/656 713/1067/657 710/1064/654
f 714/1068/658 715/1069/659 716/1070/660
f 716/1070/660 717/1071/661 714/1068/658
f 718/1072/662 719/1073/663 720/1074/664
f 720/1074/664 721/1075/665 718/1072/662
f 722/1076/666 723/1077/667 724/1078/668
f 724/1078/668 725/1079/669 722/1076/666
f 726/1080/670 718/1081/662 721/1082/665
f 721/1082/665 727/1083/671 726/1080/670
f 728/1084/672 729/1085/673 730/1086/674
f 730/1086/674 731/1087/675 728/1084/672
f 732/1088/676 733/1089/677 734/1090/678
f 734/1090/678 735/1091/679 732/1088/676
f 733/1092/677 728/1084/672 731/1087/675
f 731/1087/675 734/1093/678 733/1092/677
f 736/1094/680 737/1095/681 738/1096/682
f 738/1096/682 739/1097/683 736/1094/680
f 740/1098/684 732/1088/676 735/1091/679
f 735/1091/679 741/1099/685 740/1098/684
f 742/1100/686 743/1101/687 744/1102/688
f 744/1102/688 745/1103/689 742/1100/686
f 746/1104/690 744/1105/688 743/1106/687
f 747/1107/691 748/1108/692 749/1109/693
f 746/1110/690 750/1111/694 751/1112/695
f 715/1069/659 752/1113/696 753/1114/697
f 753/1114/697 716/1070/660 715/1069/659
f 752/1113/696 742/1100/686 745/1103/689
f 745/1103/689 753/1114/697 752/1113/696
f 719/1073/663 754/1115/698 755/1116/699
f 755/1116/699 720/1074/664 719/1073/663
f 756/1117/700 710/1064/654 713/1067/657
f 713/1067/657 757/1118/701 756/1117/700
f 758/1119/702 756/1120/700 757/1121/701
f 757/1121/701 759/1122/703 758/1119/702
f 760/1123/704 761/1124/705 762/1125/706
f 762/1125/706 763/1126/707 760/1123/704
f 764/1127/708 706/1128/650 709/1129/653
f 709/1129/653 765/1130/709 764/1127/708
f 766/1131/710 764/1127/708 765/1130/709
f 765/1130/709 767/1132/711 766/1131/710
f 768/1133/712 769/1134/713 770/1135/714
f 770/1135/714 771/1136/715 768/1133/712
f 772/1137/716 773/1138/717 774/1139/718
f 774/1139/718 775/1140/719 772/1137/716
f 776/1141/720 768/1133/712 771/1136/715
f 771/1136/715 777/1142/721 776/1141/720
f 778/1143/722 766/1131/710 767/1132/711
f 767/1132/711 779/1144/723 778/1143/722
f 773/1138/717 780/1145/724 781/1146/725
f 781/1146/725 774/1139/718 773/1138/717
f 782/1147/726 776/1141/720 777/1142/721
f 777/1142/721 783/1148/727 782/1147/726
f 784/1149/728 785/1150/729 786/1151/730
f 786/1151/730 787/1152/731 784/1149/728
f 788/1153/732 789/1154/733 790/1155/734
f 790/1155/734 791/1156/735 788/1153/732
f 792/1157/736 782/1158/726 783/1159/727
f 783/1159/727 793/1160/737 792/1157/736
f 794/1161/738 784/1149/728 787/1152/731
f 787/1152/731 795/1162/739 794/1161/738
f 796/1163/740 794/1164/738 795/1165/739
f 795/1165/739 797/1166/741 796/1163/740
f 798/1167/742 796/1163/740 797/1166/741
f 797/1168/741 799/1169/743 798/1170/742
f 800/1171/744 801/1172/745 802/1173/746
f 802/1173/746 803/1174/747 800/1171/744
f 804/1175/748 805/1176/749 806/1177/750
f 806/1177/750 807/1178/751 804/1175/748
f 808/1179/752 800/1171/744 803/1174/747
f 803/1174/747 809/1180/753 808/1179/752
f 810/1181/754 811/1182/755 812/1183/756
f 812/1183/756 813/1184/757 810/1181/754
f 814/1185/758 810/1186/754 813/1187/757
f 813/1187/757 815/1188/759 814/1185/758
f 816/1189/760 817/1190/761 818/1191/762
f 818/1192/762 819/1193/763 816/1194/760
f 820/1195/764 821/1196/765 822/1197/766
f 822/1197/766 823/1198/767 820/1195/764
f 817/1199/761 824/1200/768 825/1201/769
f 825/1202/769 818/1191/762 817/1190/761
f 824/1200/768 826/1203/770 827/1204/771
f 827/1204/771 825/1201/769 824/1200/768
f 828/1205/772 820/1195/764 823/1198/767
f 823/1198/767 829/1206/773 828/1205/772
f 596/977/540 595/1207/539 830/1208/774
f 830/1208/774 643/980/587 596/977/540
f 595/920/539 613/944/557 831/1209/775
f 831/1209/775 830/1210/774 595/920/539
f 613/944/557 620/952/564 832/1211/776
f 832/1211/776 831/1209/775 613/944/557
f 611/1212/555 645/1213/589 647/1214/591
f 647/1215/591 608/942/552 611/941/555
f 832/1211/776 628/960/572 609/938/553
f 609/938/553 831/1209/775 832/1211/776
f 609/938/553 608/937/552 830/1210/774
f 830/1210/774 831/1209/775 609/938/553
f 830/1208/774 608/942/552 647/1215/591
f 647/1215/591 643/980/587 830/1208/774
f 640/976/584 638/974/582 597/973/541
f 597/973/541 596/977/540 640/976/584
f 621/953/565 833/1216/777 619/951/563
f 639/975/583 635/1217/579 599/1218/543
f 599/1218/543 597/973/541 639/975/583
f 637/972/581 834/1219/778 601/926/545
f 601/926/545 599/924/543 637/972/581
f 614/945/558 623/955/567 835/1220/779
f 835/1220/779 622/954/566 614/945/558
f 836/1221/780 623/955/567 615/946/559
f 625/957/569 836/1221/780 615/946/559
f 625/957/569 615/946/559 617/948/561
f 617/948/561 615/946/559 600/925/544
f 600/925/544 604/929/548 617/948/561
f 600/925/544 601/926/545 605/930/549
f 605/930/549 604/929/548 600/925/544
f 632/1222/576 631/1223/575 634/1224/578
f 634/1225/578 837/1226/781 632/1227/576
f 601/926/545 834/1219/778 837/1228/781
f 837/1228/781 634/968/578 601/926/545
f 634/968/578 605/930/549 601/926/545
f 836/1221/780 838/1229/782 623/955/567
f 702/1054/646 839/1230/783 705/1231/649
f 839/1232/783 840/1233/784 703/1055/647
f 703/1055/647 705/1057/649 839/1232/783
f 702/1054/646 665/1006/609 651/988/595
f 651/988/595 650/987/594 702/1054/646
f 704/1234/648 841/1235/785 665/1006/609
f 705/1231/649 704/1234/648 665/1006/609
f 702/1054/646 705/1231/649 665/1006/609
f 665/1006/609 841/1235/785 842/1236/786
f 842/1236/786 666/1007/610 665/1006/609
f 666/1007/610 842/1236/786 684/1026/628
f 653/1047/597 696/1237/640 698/1048/642
f 698/1048/642 843/1238/787 701/1052/645
f 701/1052/645 650/1049/594 698/1048/642
f 696/1239/640 653/1240/597 655/1241/599
f 655/1242/599 695/1042/639 696/1041/640
f 657/1243/601 844/1244/788 692/1037/636
f 692/1037/636 655/1245/599 657/1243/601
f 692/1037/636 695/1040/639 655/1245/599
f 845/1246/789 844/1244/788 657/1243/601
f 657/1243/601 691/1035/635 845/1246/789
f 846/1247/790 669/1010/613 668/1009/612
f 668/1009/612 678/1020/622 846/1247/790
f 691/1035/635 690/1034/634 689/1033/633
f 689/1033/633 845/1246/789 691/1035/635
f 691/1035/635 657/1243/601 659/1036/603
f 659/996/603 657/994/601 656/993/600
f 656/993/600 660/997/604 659/996/603
f 656/993/600 669/1010/613 671/1012/615
f 671/1012/615 660/997/604 656/993/600
f 669/1010/613 846/1247/790 847/1248/791
f 669/1010/613 847/1248/791 848/1249/792
f 671/1012/615 669/1010/613 848/1249/792
f 671/1012/615 848/1249/792 681/1023/625
f 682/1024/626 672/1013/616 670/1011/614
f 849/1250/793 850/1251/794 851/1252/795
f 851/1252/795 852/1253/796 849/1250/793
f 853/1254/797 849/1250/793 852/1253/796
f 852/1253/796 854/1255/798 853/1254/797
f 855/1256/799 853/1254/797 854/1255/798
f 854/1255/798 856/1257/800 855/1256/799
f 857/1258/801 858/1259/802 859/1260/803
f 859/1260/803 860/1261/804 857/1258/801
f 861/1262/805 858/1259/802 857/1258/801
f 857/1258/801 862/1263/806 861/1262/805
f 863/1264/807 864/1265/808 865/1266/809
f 865/1266/809 866/1267/810 863/1264/807
f 867/1268/811 868/1269/812 850/1270/794
f 850/1270/794 849/1271/793 867/1268/811
f 869/1272/813 867/1273/811 849/1250/793
f 849/1250/793 853/1254/797 869/1272/813
f 870/1274/814 869/1272/813 853/1254/797
f 853/1254/797 855/1256/799 870/1274/814
f 859/1260/803 858/1259/802 871/1275/815
f 871/1275/815 872/1276/816 859/1260/803
f 873/1277/817 871/1275/815 858/1259/802
f 858/1259/802 861/1262/805 873/1277/817
f 874/1278/818 875/1279/819 868/1269/812
f 868/1269/812 867/1268/811 874/1278/818
f 876/1280/820 874/1278/818 867/1268/811
f 876/1280/820 867/1268/811 869/1281/813
f 876/1280/820 869/1281/813 877/1282/821
f 869/1272/813 870/1274/814 878/1283/822
f 879/1284/823 880/1285/824 872/1276/816
f 872/1276/816 871/1275/815 879/1284/823
f 881/1286/825 879/1287/823 871/1288/815
f 871/1275/815 873/1277/817 881/1289/825
f 882/1290/826 865/1266/809 864/1265/808
f 864/1265/808 883/1291/827 882/1290/826
f 857/1258/801 884/1292/828 885/1293/829
f 885/1293/829 862/1263/806 857/1258/801
f 886/1294/830 887/1295/831 888/1296/832
f 889/1297/833 884/1292/828 857/1258/801
f 857/1258/801 860/1261/804 889/1297/833
f 890/1298/834 891/1299/835 892/1300/836
f 892/1300/836 854/1255/798 890/1298/834
f 852/1253/796 893/1301/837 894/1302/838
f 895/1303/839 851/1252/795 896/1304/840
f 896/1304/840 897/1305/841 895/1303/839
f 851/1252/795 898/1306/842 899/1307/843
f 899/1307/843 896/1304/840 851/1252/795
f 900/1308/844 901/1309/845 902/1310/846
f 903/1311/847 904/1312/848 901/1313/845
f 901/1314/845 900/1315/844 903/1316/847
f 905/1317/849 906/1318/850 907/1319/851
f 907/1319/851 908/1320/852 905/1317/849
f 908/1321/852 907/1322/851 909/1323/853
f 909/1323/853 910/1324/854 908/1321/852
f 910/1324/854 909/1323/853 911/1325/855
f 911/1325/855 912/1326/856 910/1324/854
f 913/1327/857 914/1328/858 915/1329/859
f 915/1329/859 916/1330/860 913/1327/857
f 913/1327/857 916/1330/860 917/1331/861
f 917/1331/861 918/1332/862 913/1327/857
f 919/1333/863 906/1318/850 920/1334/864
f 920/1334/864 921/1335/865 919/1333/863
f 906/1318/850 919/1333/863 922/1336/866
f 922/1336/866 907/1319/851 906/1318/850
f 907/1337/851 922/1338/866 923/1339/867
f 923/1340/867 909/1323/853 907/1322/851
f 909/1323/853 923/1340/867 924/1341/868
f 924/1341/868 911/1325/855 909/1323/853
f 925/1342/869 916/1330/860 915/1329/859
f 915/1329/859 926/1343/870 925/1342/869
f 916/1344/860 925/1345/869 927/1346/871
f 927/1347/871 917/1331/861 916/1330/860
f 919/1333/863 928/1348/872 929/1349/873
f 929/1349/873 922/1336/866 919/1333/863
f 929/1350/873 930/1351/874 931/1352/875
f 931/1352/875 932/1353/876 923/1339/867
f 931/1352/875 923/1339/867 922/1338/866
f 929/1350/873 931/1352/875 922/1338/866
f 923/1339/867 932/1353/876 933/1354/877
f 934/1355/878 925/1345/869 926/1356/870
f 935/1357/879 934/1355/878 926/1356/870
f 935/456/879 926/456/870 936/456/880
f 937/1358/881 925/1345/869 934/1355/878
f 938/1359/882 928/1348/872 919/1333/863
f 919/1333/863 921/1335/865 939/1360/883
f 938/1359/882 919/1333/863 939/1360/883
f 938/1359/882 939/1360/883 940/1361/884
f 941/1362/885 942/1363/886 913/1327/857
f 913/1327/857 918/1332/862 941/1362/885
f 943/1364/887 944/1365/888 945/1366/889
f 913/1327/857 942/1363/886 946/1367/890
f 946/1367/890 914/1328/858 913/1327/857
f 947/1368/891 948/1369/892 949/1370/893
f 949/1370/893 950/1371/894 947/1368/891
f 951/1372/895 950/1371/894 949/1370/893
f 949/1370/893 952/1373/896 951/1372/895
f 908/1321/852 953/1374/897 905/1375/849
f 954/1376/898 955/1377/899 905/1378/849
f 905/1378/849 956/1379/900 954/1376/898
f 905/1317/849 955/1380/899 957/1381/901
f 958/1382/902 959/1383/903 960/1384/904
f 961/1385/905 962/1386/906 963/1387/907
f 963/1387/907 964/1388/908 961/1385/905
f 965/1389/909 966/1390/910 967/1391/911
f 967/1391/911 968/1392/912 965/1389/909
f 969/1393/913 970/1394/914 971/1395/915
f 971/1395/915 972/1396/916 969/1393/913
f 973/1397/917 974/1398/918 975/1399/919
f 975/1399/919 976/1400/920 973/1397/917
f 977/1401/921 978/1402/922 979/1403/923
f 979/1403/923 980/1404/924 977/1401/921
f 981/1405/925 973/1397/917 976/1400/920
f 976/1400/920 982/1406/926 981/1405/925
f 983/1407/927 984/1408/928 985/1409/929
f 985/1409/929 986/1410/930 983/1407/927
f 987/1411/931 988/1412/932 989/1413/933
f 989/1414/933 990/1415/934 987/1416/931
f 988/1412/932 983/1407/927 986/1410/930
f 986/1410/930 989/1413/933 988/1412/932
f 991/1417/935 992/1418/936 993/1419/937
f 993/1419/937 994/1420/938 991/1417/935
f 995/1421/939 987/1416/931 990/1415/934
f 990/1415/934 996/1422/940 995/1421/939
f 997/1423/941 998/1424/942 999/1425/943
f 999/1425/943 1000/1426/944 997/1423/941
f 1001/1427/945 999/1428/943 998/1429/942
f 1002/456/946 1003/456/238 1004/456/947
f 1001/1430/948 1005/1431/949 1006/1432/950
f 970/1394/914 1007/1433/951 1008/1434/952
f 1008/1434/952 971/1395/915 970/1394/914
f 1007/1433/951 997/1423/941 1000/1426/944
f 1000/1426/944 1008/1434/952 1007/1433/951
f 974/1398/918 1009/1435/953 1010/1436/954
f 1010/1436/954 975/1399/919 974/1398/918
f 1011/1437/955 965/1389/909 968/1392/912
f 968/1392/912 1012/1438/956 1011/1437/955
f 1013/1439/957 1011/1437/955 1012/1438/956
f 1012/1438/956 1014/1440/958 1013/1439/957
f 1015/1441/959 1016/1442/960 1017/1443/961
f 1017/1443/961 1018/1444/962 1015/1441/959
f 1019/1445/963 961/1385/905 964/1388/908
f 964/1388/908 1020/1446/964 1019/1445/963
f 1021/1447/965 1019/1448/963 1020/1449/964
f 1020/1449/964 1022/1450/966 1021/1447/965
f 1023/1451/967 1024/1452/968 1025/1453/969
f 1025/1453/969 1026/1454/970 1023/1451/967
f 1027/1455/971 1028/1456/972 1029/1457/973
f 1029/1457/973 1030/1458/974 1027/1455/971
f 1031/1459/975 1023/1451/967 1026/1454/970
f 1026/1454/970 1032/1460/976 1031/1459/975
f 1033/1461/977 1021/1447/965 1022/1450/966
f 1022/1450/966 1034/1462/978 1033/1461/977
f 1028/1456/972 1035/1463/979 1036/1464/980
f 1036/1464/980 1029/1457/973 1028/1456/972
f 1037/1465/981 1031/1466/975 1032/1467/976
f 1032/1467/976 1038/1468/982 1037/1465/981
f 1039/1469/983 1040/1470/984 1041/1471/985
f 1041/1471/985 1042/1472/986 1039/1469/983
f 1043/1473/987 1044/1474/988 1045/1475/989
f 1045/1475/989 1046/1476/990 1043/1473/987
f 1047/1477/991 1037/1465/981 1038/1468/982
f 1038/1468/982 1048/1478/992 1047/1477/991
f 1049/1479/993 1039/1469/983 1042/1472/986
f 1042/1472/986 1050/1480/994 1049/1479/993
f 1051/1481/995 1049/1479/993 1050/1480/994
f 1050/1480/994 1052/1482/996 1051/1481/995
f 1053/1483/997 1051/1481/995 1052/1482/996
f 1052/1482/996 1054/1484/998 1053/1483/997
f 1055/1485/999 1056/1486/1000 1057/1487/1001
f 1057/1487/1001 1058/1488/1002 1055/1485/999
f 1059/1489/1003 1060/1490/1004 1061/1491/1005
f 1061/1491/1005 1062/1492/1006 1059/1489/1003
f 1063/1493/1007 1055/1485/999 1058/1488/1002
f 1058/1494/1002 1064/1495/1008 1063/1496/1007
f 1065/1497/1009 1066/1498/1010 1067/1499/1011
f 1067/1499/1011 1068/1500/1012 1065/1497/1009
f 1069/1501/1013 1065/1502/1009 1068/1503/1012
f 1068/1503/1012 1070/1504/1014 1069/1501/1013
f 1071/1505/1015 1072/1506/1016 1073/1507/1017
f 1073/1507/1017 1074/1508/1018 1071/1505/1015
f 1075/1509/1019 1076/1510/1020 1077/1511/1021
f 1077/1511/1021 1078/1512/1022 1075/1509/1019
f 1072/1506/1016 1079/1513/1023 1080/1514/1024
f 1080/1514/1024 1073/1507/1017 1072/1506/1016
f 1079/1515/1023 1081/1516/1025 1082/1517/1026
f 1082/1518/1026 1080/1514/1024 1079/1513/1023
f 1083/1519/1027 1075/1509/1019 1078/1512/1022
f 1078/1512/1022 1084/1520/1028 1083/1519/1027
f 851/1521/795 850/1270/794 1085/1522/1029
f 1085/1522/1029 898/1523/842 851/1521/795
f 850/1270/794 868/1269/812 1086/1524/1030
f 1086/1524/1030 1085/1522/1029 850/1270/794
f 868/1269/812 875/1279/819 1087/1525/1031
f 1087/1525/1031 1086/1524/1030 868/1269/812
f 866/1267/810 900/1308/844 902/1310/846
f 902/1310/846 863/1264/807 866/1267/810
f 1087/1525/1031 883/1291/827 864/1265/808
f 864/1265/808 1086/1524/1030 1087/1525/1031
f 864/1265/808 863/1264/807 1085/1522/1029
f 1085/1522/1029 1086/1524/1030 864/1265/808
f 1085/1522/1029 863/1264/807 902/1310/846
f 902/1310/846 898/1523/842 1085/1522/1029
f 895/1303/839 893/1301/837 852/1253/796
f 852/1253/796 851/1252/795 895/1303/839
f 876/1280/820 1088/1526/1032 874/1278/818
f 894/1302/838 890/1298/834 854/1255/798
f 854/1255/798 852/1253/796 894/1302/838
f 892/1300/836 1089/1527/1033 856/1257/800
f 856/1257/800 854/1255/798 892/1300/836
f 869/1272/813 878/1283/822 1090/1528/1034
f 1090/1528/1034 877/1529/821 869/1272/813
f 1091/1530/1035 878/1283/822 870/1274/814
f 880/1285/824 1091/1530/1035 870/1274/814
f 880/1285/824 870/1274/814 872/1276/816
f 872/1276/816 870/1274/814 855/1256/799
f 855/1256/799 859/1260/803 872/1276/816
f 855/1256/799 856/1257/800 860/1261/804
f 860/1261/804 859/1260/803 855/1256/799
f 887/1295/831 886/1294/830 889/1297/833
f 889/1297/833 1092/1531/1036 887/1295/831
f 856/1257/800 1089/1527/1033 1092/1531/1036
f 1092/1531/1036 889/1297/833 856/1257/800
f 889/1297/833 860/1261/804 856/1257/800
f 1091/1530/1035 1093/1532/1037 878/1283/822
f 957/1381/901 1094/1533/1038 960/1534/904
f 1094/1535/1038 1095/1536/1039 958/1537/902
f 958/1382/902 960/1384/904 1094/1538/1038
f 957/1381/901 920/1334/864 906/1318/850
f 906/1318/850 905/1317/849 957/1381/901
f 959/1539/903 1096/1540/1040 920/1334/864
f 960/1534/904 959/1539/903 920/1334/864
f 957/1381/901 960/1534/904 920/1334/864
f 920/1334/864 1096/1540/1040 1097/1541/1041
f 1097/1541/1041 921/1335/865 920/1334/864
f 921/1335/865 1097/1541/1041 939/1360/883
f 908/1321/852 951/1372/895 953/1374/897
f 953/1542/897 1098/1543/1042 956/1379/900
f 956/1379/900 905/1378/849 953/1542/897
f 951/1372/895 908/1321/852 910/1324/854
f 910/1324/854 950/1371/894 951/1372/895
f 912/1326/856 1099/1544/1043 947/1368/891
f 947/1368/891 910/1324/854 912/1326/856
f 947/1368/891 950/1371/894 910/1324/854
f 1100/1545/1044 1099/1544/1043 912/1326/856
f 912/1326/856 946/1367/890 1100/1545/1044
f 1101/1546/1045 924/1547/868 923/1339/867
f 923/1339/867 933/1354/877 1101/1546/1045
f 946/1367/890 945/1366/889 944/1365/888
f 944/1365/888 1100/1545/1044 946/1367/890
f 946/1367/890 912/1326/856 914/1328/858
f 914/1328/858 912/1326/856 911/1325/855
f 911/1325/855 915/1329/859 914/1328/858
f 911/1325/855 924/1341/868 926/1343/870
f 926/1343/870 915/1329/859 911/1325/855
f 924/1547/868 1101/1546/1045 1102/1548/1046
f 924/1547/868 1102/1548/1046 1103/1549/1047
f 926/1550/870 924/1547/868 1103/1549/1047
f 926/1550/870 1103/1549/1047 936/1551/880
f 937/1358/881 927/1346/871 925/1345/869
f 1104/1552/1048 1105/1553/1049 1106/1554/1050
f 1106/1554/1050 1107/1555/1051 1104/1552/1048
f 1108/1556/1052 1104/1552/1048 1107/1555/1051
f 1107/1555/1051 1109/1557/1053 1108/1556/1052
f 1110/1558/1054 1108/1556/1052 1109/1557/1053
f 1109/1557/1053 1111/1559/1055 1110/1558/1054
f 1112/1560/1056 1113/1561/1057 1114/1562/1058
f 1114/1562/1058 1115/1563/1059 1112/1560/1056
f 1116/1564/1060 1113/1561/1057 1112/1560/1056
f 1112/1560/1056 1117/1565/1061 1116/1564/1060
f 1118/1566/1062 1119/1567/1063 1120/1568/1064
f 1120/1568/1064 1121/1569/1065 1118/1566/1062
f 1122/1570/1066 1123/1571/1067 1105/1553/1049
f 1105/1553/1049 1104/1552/1048 1122/1570/1066
f 1124/1572/1068 1122/1570/1066 1104/1552/1048
f 1104/1552/1048 1108/1556/1052 1124/1572/1068
f 1125/1573/1069 1124/1572/1068 1108/1556/1052
f 1108/1556/1052 1110/1558/1054 1125/1573/1069
f 1114/1562/1058 1113/1561/1057 1126/1574/1070
f 1126/1574/1070 1127/1575/1071 1114/1562/1058
f 1128/1576/1072 1126/1574/1070 1113/1561/1057
f 1113/1561/1057 1116/1564/1060 1128/1576/1072
f 1129/1577/1073 1130/1578/1074 1123/1571/1067
f 1123/1571/1067 1122/1570/1066 1129/1577/1073
f 1131/1579/1075 1129/1577/1073 1122/1570/1066
f 1131/1579/1075 1122/1570/1066 1124/1572/1068
f 1131/1579/1075 1124/1572/1068 1132/1580/1076
f 1124/1572/1068 1125/1573/1069 1133/1581/1077
f 1134/1582/1078 1135/1583/1079 1127/1575/1071
f 1127/1575/1071 1126/1574/1070 1134/1582/1078
f 1136/1584/1080 1134/1582/1078 1126/1574/1070
f 1126/1574/1070 1128/1576/1072 1136/1584/1080
f 1137/1585/1081 1120/1568/1064 1119/1567/1063
f 1119/1567/1063 1138/1586/1082 1137/1585/1081
f 1112/1560/1056 1139/1587/1083 1140/1588/1084
f 1140/1588/1084 1117/1565/1061 1112/1560/1056
f 1141/1589/1085 1142/1590/1086 1143/1591/1087
f 1144/1592/1088 1139/1587/1083 1112/1560/1056
f 1112/1560/1056 1115/1563/1059 1144/1592/1088
f 1145/1593/1089 1146/1594/1090 1147/1595/1091
f 1147/1595/1091 1109/1557/1053 1145/1593/1089
f 1107/1555/1051 1148/1596/1092 1149/1597/1093
f 1150/1598/1094 1106/1599/1050 1151/1600/1095
f 1151/1600/1095 1152/1601/1096 1150/1598/1094
f 1106/1599/1050 1153/1602/1097 1154/1603/1098
f 1154/1603/1098 1151/1600/1095 1106/1599/1050
f 1155/1604/1099 1156/1605/1100 1157/1606/1101
f 1158/1607/1102 1159/1608/1103 1156/1605/1100
f 1156/1605/1100 1155/1604/1099 1158/1607/1102
f 1160/1609/1104 1161/1610/1105 1162/1611/1106
f 1162/1611/1106 1163/1612/1107 1160/1609/1104
f 1163/1613/1107 1162/1614/1106 1164/1615/1108
f 1164/1616/1108 1165/1617/1109 1163/1618/1107
f 1165/1619/1109 1164/1620/1108 1166/1621/1110
f 1166/1622/1110 1167/1623/1111 1165/1624/1109
f 1168/1625/1112 1169/1626/1113 1170/1627/1114
f 1170/1627/1114 1171/1628/1115 1168/1625/1112
f 1168/1629/1112 1171/1630/1115 1172/1631/1116
f 1172/1632/1116 1173/1633/1117 1168/1634/1112
f 1174/1635/1118 1161/1610/1105 1175/1636/1119
f 1175/1636/1119 1176/1637/1120 1174/1635/1118
f 1161/1638/1105 1174/1639/1118 1177/1640/1121
f 1177/1640/1121 1162/1641/1106 1161/1638/1105
f 1162/1641/1106 1177/1640/1121 1178/1642/1122
f 1178/1642/1122 1164/1643/1108 1162/1641/1106
f 1164/1643/1108 1178/1642/1122 1179/1644/1123
f 1179/1644/1123 1166/1622/1110 1164/1643/1108
f 1180/1645/1124 1171/1628/1115 1170/1627/1114
f 1170/1627/1114 1181/1646/1125 1180/1645/1124
f 1171/1628/1115 1180/1645/1124 1182/1647/1126
f 1182/1647/1126 1172/1648/1116 1171/1628/1115
f 1174/1639/1118 1183/1649/1127 1184/1650/1128
f 1184/1650/1128 1177/1640/1121 1174/1639/1118
f 1184/1650/1128 1185/1651/1129 1186/1652/1130
f 1186/1652/1130 1187/1653/1131 1178/1642/1122
f 1186/1652/1130 1178/1642/1122 1177/1640/1121
f 1184/1650/1128 1186/1652/1130 1177/1640/1121
f 1178/1642/1122 1187/1653/1131 1188/1654/1132
f 1189/1655/1133 1180/1645/1124 1181/1646/1125
f 1190/1656/1134 1189/1655/1133 1181/1646/1125
f 1190/456/1134 1181/456/1125 1191/456/1135
f 1192/1657/1136 1180/1645/1124 1189/1655/1133
f 1193/1658/1137 1183/1659/1127 1174/1635/1118
f 1174/1635/1118 1176/1637/1120 1194/1660/1138
f 1193/1658/1137 1174/1635/1118 1194/1660/1138
f 1193/1658/1137 1194/1660/1138 1195/1661/1139
f 1196/1662/1140 1197/1663/1141 1168/1664/1112
f 1168/1664/1112 1173/1665/1117 1196/1662/1140
f 1198/1666/1142 1199/1667/1143 1200/1668/1144
f 1168/1664/1112 1197/1663/1141 1201/1669/1145
f 1201/1669/1145 1169/1670/1113 1168/1664/1112
f 1202/1671/1146 1203/1672/1147 1204/1673/1148
f 1204/1673/1148 1205/1674/1149 1202/1671/1146
f 1206/1675/1150 1205/1674/1149 1204/1673/1148
f 1204/1673/1148 1207/1676/1151 1206/1675/1150
f 1163/1612/1107 1208/1677/1152 1160/1609/1104
f 1209/1678/1153 1210/1679/1154 1160/1609/1104
f 1160/1609/1104 1211/1680/1155 1209/1678/1153
f 1160/1609/1104 1210/1679/1154 1212/1681/1156
f 1213/1682/1157 1214/1683/1158 1215/1684/1159
f 1216/1685/1160 1217/1686/1161 1218/1687/1162
f 1218/1687/1162 1219/1688/1163 1216/1685/1160
f 1220/1689/1164 1221/1690/1165 1222/1691/1166
f 1222/1691/1166 1223/1692/1167 1220/1689/1164
f 1224/1693/1168 1225/1694/1169 1226/1695/1170
f 1226/1695/1170 1227/1696/1171 1224/1693/1168
f 1228/1697/1172 1229/1698/1173 1230/1699/1174
f 1230/1699/1174 1231/1700/1175 1228/1697/1172
f 1232/1701/1176 1233/1702/1177 1234/1703/1178
f 1234/1703/1178 1235/1704/1179 1232/1701/1176
f 1236/1705/1180 1228/1697/1172 1231/1700/1175
f 1231/1700/1175 1237/1706/1181 1236/1705/1180
f 1238/1707/1182 1239/1708/1183 1240/1709/1184
f 1240/1709/1184 1241/1710/1185 1238/1707/1182
f 1242/1711/1186 1243/1712/1187 1244/1713/1188
f 1244/1713/1188 1245/1714/1189 1242/1711/1186
f 1243/1712/1187 1238/1707/1182 1241/1710/1185
f 1241/1710/1185 1244/1713/1188 1243/1712/1187
f 1246/1715/1190 1247/1716/1191 1248/1717/1192
f 1248/1717/1192 1249/1718/1193 1246/1715/1190
f 1250/1719/1194 1242/1720/1186 1245/1721/1189
f 1245/1721/1189 1251/1722/1195 1250/1719/1194
f 1252/1723/1196 1253/1724/1197 1254/1725/1198
f 1254/1725/1198 1255/1726/1199 1252/1723/1196
f 1256/1727/1200 1254/1725/1198 1253/1724/1197
f 1257/456/1201 1258/456/238 1259/456/1202
f 1256/1728/1200 1260/1729/1203 1261/1730/1204
f 1225/1694/1169 1262/1731/1205 1263/1732/1206
f 1263/1732/1206 1226/1695/1170 1225/1694/1169
f 1262/1733/1205 1252/1734/1196 1255/1735/1199
f 1255/1736/1199 1263/1737/1206 1262/1738/1205
f 1229/1698/1173 1264/1739/1207 1265/1740/1208
f 1265/1740/1208 1230/1699/1174 1229/1698/1173
f 1266/1741/1209 1220/1689/1164 1223/1692/1167
f 1223/1692/1167 1267/1742/1210 1266/1741/1209
f 1268/1743/1211 1266/1741/1209 1267/1742/1210
f 1267/1742/1210 1269/1744/1212 1268/1743/1211
f 1270/1745/1213 1271/1746/1214 1272/1747/1215
f 1272/1747/1215 1273/1748/1216 1270/1745/1213
f 1274/1749/1217 1216/1685/1160 1219/1688/1163
f 1219/1688/1163 1275/1750/1218 1274/1749/1217
f 1276/1751/1219 1274/1752/1217 1275/1753/1218
f 1275/1753/1218 1277/1754/1220 1276/1751/1219
f 1278/1755/1221 1279/1756/1222 1280/1757/1223
f 1280/1757/1223 1281/1758/1224 1278/1755/1221
f 1282/1759/1225 1283/1760/1226 1284/1761/1227
f 1284/1761/1227 1285/1762/1228 1282/1759/1225
f 1286/1763/1229 1278/1755/1221 1281/1758/1224
f 1281/1758/1224 1287/1764/1230 1286/1763/1229
f 1288/1765/1231 1276/1751/1219 1277/1754/1220
f 1277/1754/1220 1289/1766/1232 1288/1765/1231
f 1283/1760/1226 1290/1767/1233 1291/1768/1234
f 1291/1768/1234 1284/1761/1227 1283/1760/1226
f 1292/1769/1235 1286/1763/1229 1287/1764/1230
f 1287/1764/1230 1293/1770/1236 1292/1769/1235
f 1294/1771/1237 1295/1772/1238 1296/1773/1239
f 1296/1773/1239 1297/1774/1240 1294/1771/1237
f 1298/1775/1241 1299/1776/1242 1300/1777/1243
f 1300/1777/1243 1301/1778/1244 1298/1775/1241
f 1302/1779/1245 1292/1780/1235 1293/1781/1236
f 1293/1781/1236 1303/1782/1246 1302/1779/1245
f 1304/1783/1247 1294/1771/1237 1297/1774/1240
f 1297/1774/1240 1305/1784/1248 1304/1783/1247
f 1306/1785/1249 1304/1783/1247 1305/1784/1248
f 1305/1784/1248 1307/1786/1250 1306/1785/1249
f 1308/1787/1251 1306/1785/1249 1307/1786/1250
f 1307/1786/1250 1309/1788/1252 1308/1787/1251
f 1310/1789/1253 1311/1790/1254 1312/1791/1255
f 1312/1791/1255 1313/1792/1256 1310/1789/1253
f 1314/1793/1257 1315/1794/1258 1316/1795/1259
f 1316/1796/1259 1317/1797/1260 1314/1798/1257
f 1318/1799/1261 1310/1789/1253 1313/1792/1256
f 1313/1792/1256 1319/1800/1262 1318/1799/1261
f 1320/1801/1263 1321/1802/1264 1322/1803/1265
f 1322/1803/1265 1323/1804/1266 1320/1801/1263
f 1324/1805/1267 1320/1801/1263 1323/1804/1266
f 1323/1804/1266 1325/1806/1268 1324/1805/1267
f 1326/1807/1269 1327/1808/1270 1328/1809/1271
f 1328/1809/1271 1329/1810/1272 1326/1807/1269
f 1330/1811/1273 1331/1812/1274 1332/1813/1275
f 1332/1813/1275 1333/1814/1276 1330/1811/1273
f 1327/1808/1270 1334/1815/1277 1335/1816/1278
f 1335/1816/1278 1328/1809/1271 1327/1808/1270
f 1334/1815/1277 1336/1817/1279 1337/1818/1280
f 1337/1818/1280 1335/1816/1278 1334/1815/1277
f 1338/1819/1281 1330/1811/1273 1333/1814/1276
f 1333/1814/1276 1339/1820/1282 1338/1819/1281
f 1106/1599/1050 1105/1821/1049 1340/1822/1283
f 1340/1822/1283 1153/1602/1097 1106/1599/1050
f 1105/1821/1049 1123/1823/1067 1341/1824/1284
f 1341/1824/1284 1340/1822/1283 1105/1821/1049
f 1123/1823/1067 1130/1825/1074 1342/1826/1285
f 1342/1826/1285 1341/1824/1284 1123/1823/1067
f 1121/1569/1065 1155/1604/1099 1157/1606/1101
f 1157/1606/1101 1118/1566/1062 1121/1569/1065
f 1342/1827/1285 1138/1828/1082 1119/1829/1063
f 1119/1567/1063 1341/1824/1284 1342/1826/1285
f 1119/1567/1063 1118/1566/1062 1340/1822/1283
f 1340/1822/1283 1341/1824/1284 1119/1567/1063
f 1340/1822/1283 1118/1566/1062 1157/1606/1101
f 1157/1606/1101 1153/1602/1097 1340/1822/1283
f 1150/1598/1094 1148/1830/1092 1107/1831/1051
f 1107/1831/1051 1106/1599/1050 1150/1598/1094
f 1131/1579/1075 1343/1832/1286 1129/1577/1073
f 1149/1597/1093 1145/1593/1089 1109/1557/1053
f 1109/1557/1053 1107/1555/1051 1149/1597/1093
f 1147/1595/1091 1344/1833/1287 1111/1559/1055
f 1111/1559/1055 1109/1557/1053 1147/1595/1091
f 1124/1572/1068 1133/1581/1077 1345/1834/1288
f 1345/1834/1288 1132/1580/1076 1124/1572/1068
f 1346/1835/1289 1133/1581/1077 1125/1573/1069
f 1135/1583/1079 1346/1835/1289 1125/1573/1069
f 1135/1583/1079 1125/1573/1069 1127/1575/1071
f 1127/1575/1071 1125/1573/1069 1110/1558/1054
f 1110/1558/1054 1114/1562/1058 1127/1575/1071
f 1110/1558/1054 1111/1559/1055 1115/1563/1059
f 1115/1563/1059 1114/1562/1058 1110/1558/1054
f 1142/1590/1086 1141/1589/1085 1144/1592/1088
f 1144/1592/1088 1347/1836/1290 1142/1590/1086
f 1111/1559/1055 1344/1833/1287 1347/1836/1290
f 1347/1836/1290 1144/1592/1088 1111/1559/1055
f 1144/1592/1088 1115/1563/1059 1111/1559/1055
f 1346/1835/1289 1348/1837/1291 1133/1581/1077
f 1212/1681/1156 1349/1838/1292 1215/1684/1159
f 1349/1838/1292 1350/1839/1293 1213/1682/1157
f 1213/1682/1157 1215/1684/1159 1349/1838/1292
f 1212/1681/1156 1175/1636/1119 1161/1610/1105
f 1161/1610/1105 1160/1609/1104 1212/1681/1156
f 1214/1683/1158 1351/1840/1294 1175/1636/1119
f 1215/1684/1159 1214/1683/1158 1175/1636/1119
f 1212/1681/1156 1215/1684/1159 1175/1636/1119
f 1175/1636/1119 1351/1840/1294 1352/1841/1295
f 1352/1841/1295 1176/1637/1120 1175/1636/1119
f 1176/1637/1120 1352/1841/1295 1194/1660/1138
f 1163/1612/1107 1206/1842/1150 1208/1677/1152
f 1208/1677/1152 1353/1843/1296 1211/1680/1155
f 1211/1680/1155 1160/1609/1104 1208/1677/1152
f 1206/1675/1150 1163/1844/1107 1165/1845/1109
f 1165/1845/1109 1205/1674/1149 1206/1675/1150
f 1167/1846/1111 1354/1847/1297 1202/1671/1146
f 1202/1671/1146 1165/1845/1109 1167/1846/1111
f 1202/1671/1146 1205/1674/1149 1165/1845/1109
f 1355/1848/1298 1354/1847/1297 1167/1846/1111
f 1167/1846/1111 1201/1669/1145 1355/1848/1298
f 1356/1849/1299 1179/1644/1123 1178/1642/1122
f 1178/1642/1122 1188/1654/1132 1356/1849/1299
f 1201/1669/1145 1200/1668/1144 1199/1667/1143
f 1199/1667/1143 1355/1848/1298 1201/1669/1145
f 1201/1669/1145 1167/1846/1111 1169/1670/1113
f 1169/1626/1113 1167/1623/1111 1166/1622/1110
f 1166/1622/1110 1170/1627/1114 1169/1626/1113
f 1166/1622/1110 1179/1644/1123 1181/1646/1125
f 1181/1646/1125 1170/1627/1114 1166/1622/1110
f 1179/1644/1123 1356/1849/1299 1357/1850/1300
f 1179/1644/1123 1357/1850/1300 1358/1851/1301
f 1181/1646/1125 1179/1644/1123 1358/1851/1301
f 1181/1646/1125 1358/1851/1301 1191/1656/1135
f 1192/1657/1136 1182/1647/1126 1180/1645/1124
f 1359/1852/1302 1360/1853/1303 1361/1854/1304
f 1361/1854/1304 1362/1855/1305 1359/1852/1302
f 1363/1856/1306 1359/1852/1302 1362/1855/1305
f 1362/1855/1305 1364/1857/1307 1363/1856/1306
f 1365/1858/1308 1363/1856/1306 1364/1857/1307
f 1364/1857/1307 1366/1859/1309 1365/1858/1308
f 1367/1860/1310 1368/1861/1311 1369/1862/1312
f 1369/1862/1312 1370/1863/1313 1367/1860/1310
f 1371/1864/1314 1368/1865/1311 1367/1866/1310
f 1367/1866/1310 1372/1867/1315 1371/1864/1314
f 1373/1868/1316 1374/1869/1317 1375/1870/1318
f 1375/1870/1318 1376/1871/1319 1373/1868/1316
f 1377/1872/1320 1378/1873/1321 1360/1874/1303
f 1360/1874/1303 1359/1875/1302 1377/1872/1320
f 1379/1876/1322 1377/1872/1320 1359/1875/1302
f 1359/1875/1302 1363/1877/1306 1379/1876/1322
f 1380/1878/1323 1379/1879/1322 1363/1880/1306
f 1363/1880/1306 1365/1881/1308 1380/1878/1323
f 1369/1882/1312 1368/1865/1311 1381/1883/1324
f 1381/1883/1324 1382/1884/1325 1369/1882/1312
f 1383/1885/1326 1381/1883/1324 1368/1865/1311
f 1368/1865/1311 1371/1864/1314 1383/1885/1326
f 1384/1886/1327 1385/1887/1328 1378/1873/1321
f 1378/1873/1321 1377/1872/1320 1384/1886/1327
f 1386/1888/1329 1384/1886/1327 1377/1872/1320
f 1386/1888/1329 1377/1872/1320 1379/1876/1322
f 1386/1888/1329 1379/1876/1322 1387/1889/1330
f 1379/1876/1322 1380/1890/1323 1388/1891/1331
f 1389/1892/1332 1390/1893/1333 1382/1884/1325
f 1382/1884/1325 1381/1883/1324 1389/1892/1332
f 1391/1894/1334 1389/1892/1332 1381/1883/1324
f 1381/1883/1324 1383/1885/1326 1391/1894/1334
f 1392/1895/1335 1375/1870/1318 1374/1869/1317
f 1374/1869/1317 1393/1896/1336 1392/1895/1335
f 1367/1860/1310 1394/1897/1337 1395/1898/1338
f 1395/1899/1338 1372/1867/1315 1367/1866/1310
f 1396/1900/1339 1397/1901/1340 1398/1902/1341
f 1399/1903/1342 1394/1897/1337 1367/1860/1310
f 1367/1860/1310 1370/1863/1313 1399/1903/1342
f 1400/1904/1343 1401/1905/1344 1402/1906/1345
f 1402/1906/1345 1364/1857/1307 1400/1904/1343
f 1362/1855/1305 1403/1907/1346 1404/1908/1347
f 1405/1909/1348 1361/1854/1304 1406/1910/1349
f 1406/1910/1349 1407/1911/1350 1405/1909/1348
f 1361/1854/1304 1408/1912/1351 1409/1913/1352
f 1409/1913/1352 1406/1910/1349 1361/1854/1304
f 1410/1914/1353 1411/1915/1354 1412/1916/1355
f 1413/1917/1356 1414/1918/1357 1411/1919/1354
f 1411/1919/1354 1410/1920/1353 1413/1917/1356
f 1415/1921/1358 1416/1922/1359 1417/1923/1360
f 1417/1923/1360 1418/1924/1361 1415/1921/1358
f 1418/1924/1361 1417/1923/1360 1419/1925/1362
f 1419/1925/1362 1420/1926/1363 1418/1924/1361
f 1420/1926/1363 1419/1925/1362 1421/1927/1364
f 1421/1928/1364 1422/1929/1365 1420/1930/1363
f 1423/1931/1366 1424/1932/1367 1425/1933/1368
f 1425/1933/1368 1426/1934/1369 1423/1931/1366
f 1423/1931/1366 1426/1934/1369 1427/1935/1370
f 1427/1935/1370 1428/1936/1371 1423/1931/1366
f 1429/1937/1372 1416/1938/1359 1430/1939/1373
f 1430/1939/1373 1431/1940/1374 1429/1937/1372
f 1416/1938/1359 1429/1937/1372 1432/1941/1375
f 1432/1942/1375 1417/1923/1360 1416/1922/1359
f 1417/1943/1360 1432/1944/1375 1433/1945/1376
f 1433/1945/1376 1419/1946/1362 1417/1943/1360
f 1419/1946/1362 1433/1945/1376 1434/1947/1377
f 1434/1947/1377 1421/1928/1364 1419/1946/1362
f 1435/1948/1378 1426/1934/1369 1425/1933/1368
f 1425/1933/1368 1436/1949/1379 1435/1948/1378
f 1426/1934/1369 1435/1948/1378 1437/1950/1380
f 1437/1950/1380 1427/1935/1370 1426/1934/1369
f 1429/1951/1372 1438/1952/1381 1439/1953/1382
f 1439/1954/1382 1432/1941/1375 1429/1937/1372
f 1439/1955/1382 1440/1956/1383 1441/1957/1384
f 1441/1957/1384 1442/1958/1385 1433/1945/1376
f 1441/1957/1384 1433/1945/1376 1432/1944/1375
f 1439/1955/1382 1441/1957/1384 1432/1944/1375
f 1433/1945/1376 1442/1958/1385 1443/1959/1386
f 1444/1960/1387 1435/1948/1378 1436/1949/1379
f 1445/1961/1388 1444/1960/1387 1436/1949/1379
f 1445/456/1388 1436/456/1379 1446/456/1389
f 1447/1962/1390 1435/1948/1378 1444/1960/1387
f 1448/1963/1391 1438/1964/1381 1429/1937/1372
f 1429/1937/1372 1431/1940/1374 1449/1965/1392
f 1448/1963/1391 1429/1937/1372 1449/1965/1392
f 1448/1963/1391 1449/1965/1392 1450/1966/1393
f 1451/1967/1394 1452/1968/1395 1423/1969/1366
f 1423/1969/1366 1428/1970/1371 1451/1967/1394
f 1453/1971/1396 1454/1972/1397 1455/1973/1398
f 1423/1969/1366 1452/1968/1395 1456/1974/1399
f 1456/1974/1399 1424/1975/1367 1423/1969/1366
f 1457/1976/1400 1458/1977/1401 1459/1978/1402
f 1459/1978/1402 1460/1979/1403 1457/1976/1400
f 1461/1980/1404 1460/1979/1403 1459/1978/1402
f 1459/1978/1402 1462/1981/1405 1461/1980/1404
f 1418/1924/1361 1463/1982/1406 1415/1921/1358
f 1464/1983/1407 1465/1984/1408 1415/1921/1358
f 1415/1921/1358 1466/1985/1409 1464/1983/1407
f 1415/1986/1358 1465/1987/1408 1467/1988/1410
f 1468/1989/1411 1469/1990/1412 1470/1991/1413
f 1471/1992/1414 1472/1993/1415 1473/1994/1416
f 1473/1994/1416 1474/1995/1417 1471/1992/1414
f 1475/1996/1418 1476/1997/1419 1477/1998/1420
f 1477/1998/1420 1478/1999/1421 1475/1996/1418
f 1479/2000/1422 1480/2001/1423 1481/2002/1424
f 1481/2002/1424 1482/2003/1425 1479/2000/1422
f 1483/2004/1426 1484/2005/1427 1485/2006/1428
f 1485/2006/1428 1486/2007/1429 1483/2004/1426
f 1487/2008/1430 1488/2009/1431 1489/2010/1432
f 1489/2010/1432 1490/2011/1433 1487/2008/1430
f 1491/2012/1434 1483/2004/1426 1486/2007/1429
f 1486/2007/1429 1492/2013/1435 1491/2012/1434
f 1493/2014/1436 1494/2015/1437 1495/2016/1438
f 1495/2016/1438 1496/2017/1439 1493/2014/1436
f 1497/2018/1440 1498/2019/1441 1499/2020/1442
f 1499/2020/1442 1500/2021/1443 1497/2018/1440
f 1498/2019/1441 1493/2014/1436 1496/2017/1439
f 1496/2017/1439 1499/2020/1442 1498/2019/1441
f 1501/2022/1444 1502/2023/1445 1503/2024/1446
f 1503/2024/1446 1504/2025/1447 1501/2022/1444
f 1505/2026/1448 1497/2018/1440 1500/2021/1443
f 1500/2021/1443 1506/2027/1449 1505/2026/1448
f 1507/2028/1450 1508/2029/1451 1509/2030/1452
f 1509/2030/1452 1510/2031/1453 1507/2028/1450
f 1511/2032/1454 1509/2030/1452 1508/2029/1451
f 1512/456/1455 1513/456/238 1514/456/1456
f 1511/2033/1457 1515/2034/1458 1516/2035/1459
f 1480/2001/1423 1517/2036/1460 1518/2037/1461
f 1518/2037/1461 1481/2002/1424 1480/2001/1423
f 1517/2036/1460 1507/2028/1450 1510/2031/1453
f 1510/2031/1453 1518/2037/1461 1517/2036/1460
f 1484/2005/1427 1519/2038/1462 1520/2039/1463
f 1520/2039/1463 1485/2006/1428 1484/2005/1427
f 1521/2040/1464 1475/1996/1418 1478/1999/1421
f 1478/1999/1421 1522/2041/1465 1521/2040/1464
f 1523/2042/1466 1521/2040/1464 1522/2041/1465
f 1522/2041/1465 1524/2043/1467 1523/2042/1466
f 1525/2044/1468 1526/2045/1469 1527/2046/1470
f 1527/2046/1470 1528/2047/1471 1525/2044/1468
f 1529/2048/1472 1471/1992/1414 1474/1995/1417
f 1474/1995/1417 1530/2049/1473 1529/2048/1472
f 1531/2050/1474 1529/2051/1472 1530/2052/1473
f 1530/2052/1473 1532/2053/1475 1531/2050/1474
f 1533/2054/1476 1534/2055/1477 1535/2056/1478
f 1535/2056/1478 1536/2057/1479 1533/2054/1476
f 1537/2058/1480 1538/2059/1481 1539/2060/1482
f 1539/2060/1482 1540/2061/1483 1537/2058/1480
f 1541/2062/1484 1533/2054/1476 1536/2057/1479
f 1536/2057/1479 1542/2063/1485 1541/2062/1484
f 1543/2064/1486 1531/2065/1474 1532/2066/1475
f 1532/2066/1475 1544/2067/1487 1543/2064/1486
f 1538/2059/1481 1545/2068/1488 1546/2069/1489
f 1546/2069/1489 1539/2060/1482 1538/2059/1481
f 1547/2070/1490 1541/2062/1484 1542/2063/1485
f 1542/2063/1485 1548/2071/1491 1547/2070/1490
f 1549/2072/1492 1550/2073/1493 1551/2074/1494
f 1551/2074/1494 1552/2075/1495 1549/2072/1492
f 1553/2076/1496 1554/2077/1497 1555/2078/1498
f 1555/2078/1498 1556/2079/1499 1553/2076/1496
f 1557/2080/1500 1547/2081/1490 1548/2082/1491
f 1548/2082/1491 1558/2083/1501 1557/2080/1500
f 1559/2084/1502 1549/2072/1492 1552/2075/1495
f 1552/2085/1495 1560/2086/1503 1559/2087/1502
f 1561/2088/1504 1559/2087/1502 1560/2086/1503
f 1560/2086/1503 1562/2089/1505 1561/2088/1504
f 1563/2090/1506 1561/2088/1504 1562/2089/1505
f 1562/2089/1505 1564/2091/1507 1563/2090/1506
f 1565/2092/1508 1566/2093/1509 1567/2094/1510
f 1567/2094/1510 1568/2095/1511 1565/2092/1508
f 1569/2096/1512 1570/2097/1513 1571/2098/1514
f 1571/2098/1514 1572/2099/1515 1569/2096/1512
f 1573/2100/1516 1565/2092/1508 1568/2095/1511
f 1568/2101/1511 1574/2102/1517 1573/2103/1516
f 1575/2104/1518 1576/2105/1519 1577/2106/1520
f 1577/2106/1520 1578/2107/1521 1575/2104/1518
f 1579/2108/1522 1575/2104/1518 1578/2107/1521
f 1578/2107/1521 1580/2109/1523 1579/2108/1522
f 1581/2110/1524 1582/2111/1525 1583/2112/1526
f 1583/2112/1526 1584/2113/1527 1581/2110/1524
f 1585/2114/1528 1586/2115/1529 1587/2116/1530
f 1587/2116/1530 1588/2117/1531 1585/2114/1528
f 1582/2111/1525 1589/2118/1532 1590/2119/1533
f 1590/2119/1533 1583/2112/1526 1582/2111/1525
f 1589/2120/1532 1591/2121/1534 1592/2122/1535
f 1592/2122/1535 1590/2123/1533 1589/2120/1532
f 1593/2124/1536 1585/2114/1528 1588/2117/1531
f 1588/2117/1531 1594/2125/1537 1593/2124/1536
f 1361/1854/1304 1360/1853/1303 1595/2126/1538
f 1595/2126/1538 1408/1912/1351 1361/1854/1304
f 1360/1874/1303 1378/1873/1321 1596/2127/1539
f 1596/2127/1539 1595/2128/1538 1360/1874/1303
f 1378/1873/1321 1385/1887/1328 1597/2129/1540
f 1597/2129/1540 1596/2127/1539 1378/1873/1321
f 1376/2130/1319 1410/1914/1353 1412/1916/1355
f 1412/2131/1355 1373/2132/1316 1376/2133/1319
f 1597/2129/1540 1393/1896/1336 1374/1869/1317
f 1374/1869/1317 1596/2127/1539 1597/2129/1540
f 1374/1869/1317 1373/1868/1316 1595/2128/1538
f 1595/2128/1538 1596/2127/1539 1374/1869/1317
f 1595/2134/1538 1373/2132/1316 1412/2131/1355
f 1412/2135/1355 1408/2136/1351 1595/2137/1538
f 1405/1909/1348 1403/1907/1346 1362/1855/1305
f 1362/1855/1305 1361/1854/1304 1405/1909/1348
f 1386/1888/1329 1598/2138/1541 1384/1886/1327
f 1404/1908/1347 1400/1904/1343 1364/1857/1307
f 1364/1857/1307 1362/1855/1305 1404/1908/1347
f 1402/1906/1345 1599/2139/1542 1366/1859/1309
f 1366/1859/1309 1364/1857/1307 1402/1906/1345
f 1379/1876/1322 1388/1891/1331 1600/2140/1543
f 1600/2140/1543 1387/1889/1330 1379/1876/1322
f 1601/2141/1544 1388/2142/1331 1380/1878/1323
f 1390/1893/1333 1601/2141/1544 1380/1878/1323
f 1390/1893/1333 1380/1878/1323 1382/1884/1325
f 1382/1884/1325 1380/1878/1323 1365/1881/1308
f 1365/1881/1308 1369/1882/1312 1382/1884/1325
f 1365/1858/1308 1366/1859/1309 1370/1863/1313
f 1370/1863/1313 1369/1862/1312 1365/1858/1308
f 1397/1901/1340 1396/1900/1339 1399/2143/1342
f 1399/2144/1342 1602/2145/1545 1397/2146/1340
f 1366/1859/1309 1599/2139/1542 1602/2147/1545
f 1602/2147/1545 1399/1903/1342 1366/1859/1309
f 1399/1903/1342 1370/1863/1313 1366/1859/1309
f 1601/2141/1544 1603/2148/1546 1388/2142/1331
f 1467/2149/1410 1604/2150/1547 1470/1991/1413
f 1604/2150/1547 1605/2151/1548 1468/1989/1411
f 1468/1989/1411 1470/1991/1413 1604/2150/1547
f 1467/2149/1410 1430/2152/1373 1416/1922/1359
f 1416/1922/1359 1415/1921/1358 1467/2149/1410
f 1469/1990/1412 1606/2153/1549 1430/2152/1373
f 1470/1991/1413 1469/1990/1412 1430/2152/1373
f 1467/2149/1410 1470/1991/1413 1430/2152/1373
f 1430/2152/1373 1606/2153/1549 1607/2154/1550
f 1607/2155/1550 1431/1940/1374 1430/1939/1373
f 1431/1940/1374 1607/2155/1550 1449/1965/1392
f 1418/1924/1361 1461/1980/1404 1463/1982/1406
f 1463/1982/1406 1608/2156/1551 1466/1985/1409
f 1466/1985/1409 1415/1921/1358 1463/1982/1406
f 1461/1980/1404 1418/1924/1361 1420/1926/1363
f 1420/1926/1363 1460/1979/1403 1461/1980/1404
f 1422/2157/1365 1609/2158/1552 1457/1976/1400
f 1457/1976/1400 1420/1926/1363 1422/2157/1365
f 1457/1976/1400 1460/1979/1403 1420/1926/1363
f 1610/2159/1553 1609/2158/1552 1422/2157/1365
f 1422/2157/1365 1456/1974/1399 1610/2159/1553
f 1611/2160/1554 1434/1947/1377 1433/1945/1376
f 1433/1945/1376 1443/1959/1386 1611/2160/1554
f 1456/2161/1399 1455/1973/1398 1454/1972/1397
f 1454/2162/1397 1610/2163/1553 1456/2164/1399
f 1456/1974/1399 1422/2157/1365 1424/1975/1367
f 1424/1932/1367 1422/1929/1365 1421/1928/1364
f 1421/1928/1364 1425/1933/1368 1424/1932/1367
f 1421/1928/1364 1434/1947/1377 1436/1949/1379
f 1436/1949/1379 1425/1933/1368 1421/1928/1364
f 1434/1947/1377 1611/2160/1554 1612/2165/1555
f 1434/1947/1377 1612/2165/1555 1613/2166/1556
f 1436/1949/1379 1434/1947/1377 1613/2166/1556
f 1436/1949/1379 1613/2166/1556 1446/1961/1389
f 1447/1962/1390 1437/1950/1380 1435/1948/1378
f 1614/2167/1557 1615/2168/1558 1616/2169/1559
f 1616/2169/1559 1617/2170/1560 1614/2167/1557
f 1618/2171/1561 1614/2167/1557 1617/2170/1560
f 1617/2170/1560 1619/2172/1562 1618/2171/1561
f 1620/2173/1563 1618/2171/1561 1619/2172/1562
f 1619/2172/1562 1621/2174/1564 1620/2173/1563
f 1622/2175/1565 1623/2176/1566 1624/2177/1567
f 1624/2177/1567 1625/2178/1568 1622/2175/1565
f 1626/2179/1569 1623/2176/1566 1622/2175/1565
f 1622/2180/1565 1627/2181/1570 1626/2182/1569
f 1628/2183/1571 1629/2184/1572 1630/2185/1573
f 1630/2185/1573 1631/2186/1574 1628/2183/1571
f 1632/2187/1575 1633/2188/1576 1615/2189/1558
f 1615/2189/1558 1614/2190/1557 1632/2187/1575
f 1634/2191/1577 1632/2187/1575 1614/2190/1557
f 1614/2190/1557 1618/2192/1561 1634/2191/1577
f 1635/2193/1578 1634/2191/1577 1618/2192/1561
f 1618/2192/1561 1620/2194/1563 1635/2193/1578
f 1624/2195/1567 1623/2196/1566 1636/2197/1579
f 1636/2197/1579 1637/2198/1580 1624/2195/1567
f 1638/2199/1581 1636/2197/1579 1623/2196/1566
f 1623/2196/1566 1626/2200/1569 1638/2199/1581
f 1639/2201/1582 1640/2202/1583 1633/2188/1576
f 1633/2188/1576 1632/2187/1575 1639/2201/1582
f 1641/2203/1584 1639/2201/1582 1632/2187/1575
f 1641/2203/1584 1632/2187/1575 1634/2191/1577
f 1641/2203/1584 1634/2191/1577 1642/2204/1585
f 1634/2191/1577 1635/2193/1578 1643/2205/1586
f 1644/2206/1587 1645/2207/1588 1637/2198/1580
f 1637/2198/1580 1636/2197/1579 1644/2206/1587
f 1646/2208/1589 1644/2206/1587 1636/2197/1579
f 1636/2197/1579 1638/2199/1581 1646/2208/1589
f 1647/2209/1590 1630/2210/1573 1629/2211/1572
f 1629/2211/1572 1648/2212/1591 1647/2209/1590
f 1622/2175/1565 1649/2213/1592 1650/2214/1593
f 1650/2214/1593 1627/2215/1570 1622/2175/1565
f 1651/2216/1594 1652/2217/1595 1653/2218/1596
f 1654/2219/1597 1649/2213/1592 1622/2175/1565
f 1622/2175/1565 1625/2178/1568 1654/2219/1597
f 1655/2220/1598 1656/2221/1599 1657/2222/1600
f 1657/2222/1600 1619/2172/1562 1655/2220/1598
f 1617/2170/1560 1658/2223/1601 1659/2224/1602
f 1660/2225/1603 1616/2169/1559 1661/2226/1604
f 1661/2226/1604 1662/2227/1605 1660/2225/1603
f 1616/2169/1559 1663/2228/1606 1664/2229/1607
f 1664/2229/1607 1661/2226/1604 1616/2169/1559
f 1665/2230/1608 1666/2231/1609 1667/2232/1610
f 1668/2233/1611 1669/2234/1612 1666/2235/1609
f 1666/2231/1609 1665/2230/1608 1668/2236/1611
f 1670/2237/1613 1671/2238/1614 1672/2239/1615
f 1672/2239/1615 1673/2240/1616 1670/2237/1613
f 1673/2241/1616 1672/2242/1615 1674/2243/1617
f 1674/2244/1617 1675/2245/1618 1673/2246/1616
f 1675/2245/1618 1674/2244/1617 1676/2247/1619
f 1676/2247/1619 1677/2248/1620 1675/2245/1618
f 1678/2249/1621 1679/2250/1622 1680/2251/1623
f 1680/2251/1623 1681/2252/1624 1678/2249/1621
f 1678/2253/1621 1681/2254/1624 1682/2255/1625
f 1682/2256/1625 1683/2257/1626 1678/2258/1621
f 1684/2259/1627 1671/2238/1614 1685/2260/1628
f 1685/2260/1628 1686/2261/1629 1684/2259/1627
f 1671/2262/1614 1684/2263/1627 1687/2264/1630
f 1687/2264/1630 1672/2265/1615 1671/2262/1614
f 1672/2265/1615 1687/2264/1630 1688/2266/1631
f 1688/2266/1631 1674/2244/1617 1672/2265/1615
f 1674/2244/1617 1688/2266/1631 1689/2267/1632
f 1689/2267/1632 1676/2247/1619 1674/2244/1617
f 1690/2268/1633 1681/2252/1624 1680/2251/1623
f 1680/2251/1623 1691/2269/1634 1690/2268/1633
f 1681/2252/1624 1690/2268/1633 1692/2270/1635
f 1692/2270/1635 1682/2271/1625 1681/2252/1624
f 1684/2263/1627 1693/2272/1636 1694/2273/1637
f 1694/2273/1637 1687/2264/1630 1684/2263/1627
f 1694/2273/1637 1695/2274/1638 1696/2275/1639
f 1696/2275/1639 1697/2276/1640 1688/2266/1631
f 1696/2275/1639 1688/2266/1631 1687/2264/1630
f 1694/2273/1637 1696/2275/1639 1687/2264/1630
f 1688/2266/1631 1697/2276/1640 1698/2277/1641
f 1699/2278/1642 1690/2268/1633 1691/2269/1634
f 1700/2279/1643 1699/2278/1642 1691/2269/1634
f 1700/456/1643 1691/456/1634 1701/456/1644
f 1702/2280/1645 1690/2268/1633 1699/2278/1642
f 1703/2281/1646 1693/2282/1636 1684/2283/1627
f 1684/2259/1627 1686/2261/1629 1704/2284/1647
f 1703/2285/1646 1684/2286/1627 1704/2287/1647
f 1703/2288/1646 1704/2289/1647 1705/2290/1648
f 1706/2291/1649 1707/2292/1650 1678/2293/1621
f 1678/2293/1621 1683/2294/1626 1706/2291/1649
f 1708/2295/1651 1709/2296/1652 1710/2297/1653
f 1678/2293/1621 1707/2292/1650 1711/2298/1654
f 1711/2298/1654 1679/2299/1622 1678/2293/1621
f 1712/2300/1655 1713/2301/1656 1714/2302/1657
f 1714/2302/1657 1715/2303/1658 1712/2300/1655
f 1716/2304/1659 1715/2303/1658 1714/2302/1657
f 1714/2302/1657 1717/2305/1660 1716/2304/1659
f 1673/2306/1616 1718/2307/1661 1670/2308/1613
f 1719/2309/1662 1720/2310/1663 1670/2311/1613
f 1670/2312/1613 1721/2313/1664 1719/2314/1662
f 1670/2237/1613 1720/2315/1663 1722/2316/1665
f 1723/2317/1666 1724/2318/1667 1725/2319/1668
f 1726/2320/1669 1727/2321/1670 1728/2322/1671
f 1728/2323/1671 1729/2324/1672 1726/2325/1669
f 1730/2326/1673 1731/2327/1674 1732/2328/1675
f 1732/2328/1675 1733/2329/1676 1730/2326/1673
f 1734/2330/1677 1735/2331/1678 1736/2332/1679
f 1736/2332/1679 1737/2333/1680 1734/2330/1677
f 1738/2334/1681 1739/2335/1682 1740/2336/1683
f 1740/2336/1683 1741/2337/1684 1738/2334/1681
f 1742/2338/1685 1743/2339/1686 1744/2340/1687
f 1744/2340/1687 1745/2341/1688 1742/2338/1685
f 1746/2342/1689 1738/2334/1681 1741/2337/1684
f 1741/2337/1684 1747/2343/1690 1746/2342/1689
f 1748/2344/1691 1749/2345/1692 1750/2346/1693
f 1750/2346/1693 1751/2347/1694 1748/2344/1691
f 1752/2348/1695 1753/2349/1696 1754/2350/1697
f 1754/2350/1697 1755/2351/1698 1752/2348/1695
f 1753/2349/1696 1748/2344/1691 1751/2347/1694
f 1751/2347/1694 1754/2350/1697 1753/2349/1696
f 1756/2352/1699 1757/2353/1700 1758/2354/1701
f 1758/2354/1701 1759/2355/1702 1756/2352/1699
f 1760/2356/1703 1752/2348/1695 1755/2351/1698
f 1755/2351/1698 1761/2357/1704 1760/2356/1703
f 1762/2358/1705 1763/2359/1706 1764/2360/1707
f 1764/2360/1707 1765/2361/1708 1762/2358/1705
f 1766/2362/1709 1764/2360/1707 1763/2359/1706
f 1767/456/1710 1768/456/238 1769/456/1711
f 1766/2363/1709 1770/2364/1712 1771/2365/1713
f 1735/2366/1678 1772/2367/1714 1773/2368/1715
f 1773/2368/1715 1736/2369/1679 1735/2366/1678
f 1772/2367/1714 1762/2358/1705 1765/2361/1708
f 1765/2361/1708 1773/2368/1715 1772/2367/1714
f 1739/2335/1682 1774/2370/1716 1775/2371/1717
f 1775/2371/1717 1740/2336/1683 1739/2335/1682
f 1776/2372/1718 1730/2326/1673 1733/2329/1676
f 1733/2329/1676 1777/2373/1719 1776/2372/1718
f 1778/2374/1720 1776/2372/1718 1777/2373/1719
f 1777/2373/1719 1779/2375/1721 1778/2374/1720
f 1780/2376/1722 1781/2377/1723 1782/2378/1724
f 1782/2378/1724 1783/2379/1725 1780/2376/1722
f 1784/2380/1726 1726/2381/1669 1729/2382/1672
f 1729/2382/1672 1785/2383/1727 1784/2380/1726
f 1786/2384/1728 1784/2380/1726 1785/2383/1727
f 1785/2383/1727 1787/2385/1729 1786/2384/1728
f 1788/2386/1730 1789/2387/1731 1790/2388/1732
f 1790/2388/1732 1791/2389/1733 1788/2386/1730
f 1792/2390/1734 1793/2391/1735 1794/2392/1736
f 1794/2392/1736 1795/2393/1737 1792/2390/1734
f 1796/2394/1738 1788/2386/1730 1791/2389/1733
f 1791/2389/1733 1797/2395/1739 1796/2394/1738
f 1798/2396/1740 1786/2384/1728 1787/2385/1729
f 1787/2385/1729 1799/2397/1741 1798/2396/1740
f 1793/2391/1735 1800/2398/1742 1801/2399/1743
f 1801/2399/1743 1794/2392/1736 1793/2391/1735
f 1802/2400/1744 1796/2394/1738 1797/2395/1739
f 1797/2395/1739 1803/2401/1745 1802/2400/1744
f 1804/2402/1746 1805/2403/1747 1806/2404/1748
f 1806/2404/1748 1807/2405/1749 1804/2402/1746
f 1808/2406/1750 1809/2407/1751 1810/2408/1752
f 1810/2408/1752 1811/2409/1753 1808/2406/1750
f 1812/2410/1754 1802/2400/1744 1803/2401/1745
f 1803/2401/1745 1813/2411/1755 1812/2410/1754
f 1814/2412/1756 1804/2402/1746 1807/2405/1749
f 1807/2405/1749 1815/2413/1757 1814/2412/1756
f 1816/2414/1758 1814/2412/1756 1815/2413/1757
f 1815/2413/1757 1817/2415/1759 1816/2414/1758
f 1818/2416/1760 1816/2414/1758 1817/2415/1759
f 1817/2415/1759 1819/2417/1761 1818/2416/1760
f 1820/2418/1762 1821/2419/1763 1822/2420/1764
f 1822/2420/1764 1823/2421/1765 1820/2418/1762
f 1824/2422/1766 1825/2423/1767 1826/2424/1768
f 1826/2424/1768 1827/2425/1769 1824/2422/1766
f 1828/2426/1770 1820/2418/1762 1823/2421/1765
f 1823/2421/1765 1829/2427/1771 1828/2426/1770
f 1830/2428/1772 1831/2429/1773 1832/2430/1774
f 1832/2430/1774 1833/2431/1775 1830/2428/1772
f 1834/2432/1776 1830/2433/1772 1833/2434/1775
f 1833/2434/1775 1835/2435/1777 1834/2432/1776
f 1836/2436/1778 1837/2437/1779 1838/2438/1780
f 1838/2438/1780 1839/2439/1781 1836/2436/1778
f 1840/2440/1782 1841/2441/1783 1842/2442/1784
f 1842/2442/1784 1843/2443/1785 1840/2440/1782
f 1837/2437/1779 1844/2444/1786 1845/2445/1787
f 1845/2445/1787 1838/2438/1780 1837/2437/1779
f 1844/2444/1786 1846/2446/1788 1847/2447/1789
f 1847/2447/1789 1845/2445/1787 1844/2444/1786
f 1848/2448/1790 1840/2449/1782 1843/2450/1785
f 1843/2450/1785 1849/2451/1791 1848/2448/1790
f 1616/2169/1559 1615/2168/1558 1850/2452/1792
f 1850/2452/1792 1663/2228/1606 1616/2169/1559
f 1615/2453/1558 1633/2454/1576 1851/2455/1793
f 1851/2455/1793 1850/2456/1792 1615/2453/1558
f 1633/2457/1576 1640/2458/1583 1852/2459/1794
f 1852/2460/1794 1851/2461/1793 1633/2462/1576
f 1631/2186/1574 1665/2463/1608 1667/2464/1610
f 1667/2464/1610 1628/2183/1571 1631/2186/1574
f 1852/2460/1794 1648/2212/1591 1629/2211/1572
f 1629/2211/1572 1851/2461/1793 1852/2460/1794
f 1629/2184/1572 1628/2183/1571 1850/2456/1792
f 1850/2456/1792 1851/2455/1793 1629/2184/1572
f 1850/2456/1792 1628/2183/1571 1667/2464/1610
f 1667/2464/1610 1663/2465/1606 1850/2456/1792
f 1660/2225/1603 1658/2223/1601 1617/2170/1560
f 1617/2170/1560 1616/2169/1559 1660/2225/1603
f 1641/2203/1584 1853/2466/1795 1639/2201/1582
f 1659/2224/1602 1655/2220/1598 1619/2172/1562
f 1619/2172/1562 1617/2170/1560 1659/2224/1602
f 1657/2222/1600 1854/2467/1796 1621/2174/1564
f 1621/2174/1564 1619/2172/1562 1657/2222/1600
f 1634/2191/1577 1643/2205/1586 1855/2468/1797
f 1855/2468/1797 1642/2204/1585 1634/2191/1577
f 1856/2469/1798 1643/2205/1586 1635/2193/1578
f 1645/2207/1588 1856/2469/1798 1635/2193/1578
f 1645/2207/1588 1635/2193/1578 1637/2198/1580
f 1637/2198/1580 1635/2193/1578 1620/2194/1563
f 1620/2194/1563 1624/2195/1567 1637/2198/1580
f 1620/2173/1563 1621/2174/1564 1625/2178/1568
f 1625/2178/1568 1624/2177/1567 1620/2173/1563
f 1652/2217/1595 1651/2216/1594 1654/2219/1597
f 1654/2219/1597 1857/2470/1799 1652/2217/1595
f 1621/2174/1564 1854/2467/1796 1857/2470/1799
f 1857/2470/1799 1654/2219/1597 1621/2174/1564
f 1654/2219/1597 1625/2178/1568 1621/2174/1564
f 1856/2469/1798 1858/2471/1800 1643/2205/1586
f 1722/2316/1665 1859/2472/1801 1725/2319/1668
f 1859/2472/1801 1860/2473/1802 1723/2317/1666
f 1723/2317/1666 1725/2319/1668 1859/2472/1801
f 1722/2316/1665 1685/2260/1628 1671/2238/1614
f 1671/2238/1614 1670/2237/1613 1722/2316/1665
f 1724/2318/1667 1861/2474/1803 1685/2260/1628
f 1725/2319/1668 1724/2318/1667 1685/2260/1628
f 1722/2316/1665 1725/2319/1668 1685/2260/1628
f 1685/2260/1628 1861/2474/1803 1862/2475/1804
f 1862/2475/1804 1686/2261/1629 1685/2260/1628
f 1686/2261/1629 1862/2475/1804 1704/2284/1647
f 1673/2306/1616 1716/2304/1659 1718/2307/1661
f 1718/2307/1661 1863/2476/1805 1721/2477/1664
f 1721/2477/1664 1670/2308/1613 1718/2307/1661
f 1716/2304/1659 1673/2306/1616 1675/2478/1618
f 1675/2478/1618 1715/2303/1658 1716/2304/1659
f 1677/2479/1620 1864/2480/1806 1712/2300/1655
f 1712/2300/1655 1675/2478/1618 1677/2479/1620
f 1712/2300/1655 1715/2303/1658 1675/2478/1618
f 1865/2481/1807 1864/2480/1806 1677/2479/1620
f 1677/2479/1620 1711/2298/1654 1865/2481/1807
f 1866/2482/1808 1689/2267/1632 1688/2266/1631
f 1688/2266/1631 1698/2277/1641 1866/2482/1808
f 1711/2298/1654 1710/2297/1653 1709/2296/1652
f 1709/2296/1652 1865/2481/1807 1711/2298/1654
f 1711/2298/1654 1677/2479/1620 1679/2299/1622
f 1679/2250/1622 1677/2248/1620 1676/2247/1619
f 1676/2247/1619 1680/2251/1623 1679/2250/1622
f 1676/2247/1619 1689/2267/1632 1691/2269/1634
f 1691/2269/1634 1680/2251/1623 1676/2247/1619
f 1689/2267/1632 1866/2482/1808 1867/2483/1809
f 1689/2267/1632 1867/2483/1809 1868/2484/1810
f 1691/2269/1634 1689/2267/1632 1868/2484/1810
f 1691/2269/1634 1868/2484/1810 1701/2279/1644
f 1702/2280/1645 1692/2270/1635 1690/2268/1633
f 1869/2485/1811 1870/2486/1812 1871/2487/1813
f 1871/2487/1813 1872/2488/1814 1869/2485/1811
f 1873/2489/1815 1869/2485/1811 1872/2488/1814
f 1872/2490/1814 1874/2491/1816 1873/2492/1815
f 1875/2493/1817 1873/2492/1815 1874/2491/1816
f 1874/2491/1816 1876/2494/1818 1875/2493/1817
f 1877/2495/1819 1878/2496/1820 1879/2497/1821
f 1879/2497/1821 1880/2498/1822 1877/2495/1819
f 1881/2499/1823 1878/2500/1820 1877/2501/1819
f 1877/2502/1819 1882/2503/1824 1881/2504/1823
f 1883/2505/1825 1884/2506/1826 1885/2507/1827
f 1885/2507/1827 1886/2508/1828 1883/2505/1825
f 1887/2509/1829 1888/2510/1830 1870/2511/1812
f 1870/2511/1812 1869/2512/1811 1887/2509/1829
f 1889/2513/1831 1887/2509/1829 1869/2512/1811
f 1869/2512/1811 1873/2492/1815 1889/2513/1831
f 1890/2514/1832 1889/2513/1831 1873/2492/1815
f 1873/2492/1815 1875/2493/1817 1890/2514/1832
f 1879/2497/1821 1878/2496/1820 1891/2515/1833
f 1891/2515/1833 1892/2516/1834 1879/2497/1821
f 1893/2517/1835 1891/2515/1833 1878/2496/1820
f 1878/2496/1820 1881/2518/1823 1893/2517/1835
f 1894/2519/1836 1895/2520/1837 1888/2510/1830
f 1888/2510/1830 1887/2509/1829 1894/2519/1836
f 1896/2521/1838 1894/2519/1836 1887/2509/1829
f 1896/2521/1838 1887/2509/1829 1889/2513/1831
f 1896/2521/1838 1889/2513/1831 1897/2522/1839
f 1889/2513/1831 1890/2514/1832 1898/2523/1840
f 1899/2524/1841 1900/2525/1842 1892/2516/1834
f 1892/2516/1834 1891/2515/1833 1899/2524/1841
f 1901/2526/1843 1899/2524/1841 1891/2515/1833
f 1891/2515/1833 1893/2517/1835 1901/2526/1843
f 1902/2527/1844 1885/2528/1827 1884/2529/1826
f 1884/2529/1826 1903/2530/1845 1902/2527/1844
f 1877/2531/1819 1904/2532/1846 1905/2533/1847
f 1905/2533/1847 1882/2534/1824 1877/2531/1819
f 1906/2535/1848 1907/2536/1849 1908/2537/1850
f 1909/2538/1851 1904/2539/1846 1877/2540/1819
f 1877/2540/1819 1880/2541/1822 1909/2538/1851
f 1910/2542/1852 1911/2543/1853 1912/2544/1854
f 1912/2544/1854 1874/2545/1816 1910/2542/1852
f 1872/2488/1814 1913/2546/1855 1914/2547/1856
f 1915/2548/1857 1871/2487/1813 1916/2549/1858
f 1916/2549/1858 1917/2550/1859 1915/2548/1857
f 1871/2487/1813 1918/2551/1860 1919/2552/1861
f 1919/2552/1861 1916/2549/1858 1871/2487/1813
f 1920/2553/1862 1921/2554/1863 1922/2555/1864
f 1923/2556/1865 1924/2557/1866 1921/2554/1863
f 1921/2554/1863 1920/2553/1862 1923/2556/1865
f 1925/2558/1867 1926/2559/1868 1927/2560/1869
f 1927/2560/1869 1928/2561/1870 1925/2558/1867
f 1928/2561/1870 1927/2560/1869 1929/2562/1871
f 1929/2562/1871 1930/2563/1872 1928/2561/1870
f 1930/2564/1872 1929/2565/1871 1931/2566/1873
f 1931/2566/1873 1932/2567/1874 1930/2564/1872
f 1933/2568/1875 1934/2569/1876 1935/2570/1877
f 1935/2570/1877 1936/2571/1878 1933/2568/1875
f 1933/2568/1875 1936/2571/1878 1937/2572/1879
f 1937/2572/1879 1938/2573/1880 1933/2568/1875
f 1939/2574/1881 1926/2575/1868 1940/2576/1882
f 1940/2577/1882 1941/2578/1883 1939/2579/1881
f 1926/2580/1868 1939/2581/1881 1942/2582/1884
f 1942/2582/1884 1927/2583/1869 1926/2580/1868
f 1927/2583/1869 1942/2582/1884 1943/2584/1885
f 1943/2584/1885 1929/2585/1871 1927/2583/1869
f 1929/2585/1871 1943/2584/1885 1944/2586/1886
f 1944/2587/1886 1931/2566/1873 1929/2565/1871
f 1945/2588/1887 1936/2571/1878 1935/2570/1877
f 1935/2570/1877 1946/2589/1888 1945/2588/1887
f 1936/2571/1878 1945/2588/1887 1947/2590/1889
f 1947/2590/1889 1937/2572/1879 1936/2571/1878
f 1939/2581/1881 1948/2591/1890 1949/2592/1891
f 1949/2592/1891 1942/2582/1884 1939/2581/1881
f 1949/2592/1891 1950/2593/1892 1951/2594/1893
f 1951/2594/1893 1952/2595/1894 1943/2584/1885
f 1951/2594/1893 1943/2584/1885 1942/2582/1884
f 1949/2592/1891 1951/2594/1893 1942/2582/1884
f 1943/2584/1885 1952/2595/1894 1953/2596/1895
f 1954/2597/1896 1945/2598/1887 1946/2599/1888
f 1955/2600/1897 1954/2597/1896 1946/2599/1888
f 1955/456/1897 1946/456/1888 1956/456/1898
f 1957/2601/1899 1945/2598/1887 1954/2597/1896
f 1958/2602/1900 1948/2603/1890 1939/2604/1881
f 1939/2604/1881 1941/2605/1883 1959/2606/1901
f 1958/2602/1900 1939/2604/1881 1959/2606/1901
f 1958/2602/1900 1959/2606/1901 1960/2607/1902
f 1961/2608/1903 1962/2609/1904 1933/2568/1875
f 1933/2568/1875 1938/2573/1880 1961/2608/1903
f 1963/2610/1905 1964/2611/1906 1965/2612/1907
f 1933/2568/1875 1962/2609/1904 1966/2613/1908
f 1966/2613/1908 1934/2569/1876 1933/2568/1875
f 1967/2614/1909 1968/2615/1910 1969/2616/1911
f 1969/2616/1911 1970/2617/1912 1967/2614/1909
f 1971/2618/1913 1970/2617/1912 1969/2616/1911
f 1969/2616/1911 1972/2619/1914 1971/2618/1913
f 1928/2561/1870 1973/2620/1915 1925/2558/1867
f 1974/2621/1916 1975/2622/1917 1925/2558/1867
f 1925/2558/1867 1976/2623/1918 1974/2621/1916
f 1925/2558/1867 1975/2622/1917 1977/2624/1919
f 1978/2625/1920 1979/2626/1921 1980/2627/1922
f 1981/2628/1923 1982/2629/1924 1983/2630/1925
f 1983/2630/1925 1984/2631/1926 1981/2628/1923
f 1985/2632/1927 1986/2633/1928 1987/2634/1929
f 1987/2634/1929 1988/2635/1930 1985/2632/1927
f 1989/2636/1931 1990/2637/1932 1991/2638/1933
f 1991/2638/1933 1992/2639/1934 1989/2636/1931
f 1993/2640/1935 1994/2641/1936 1995/2642/1937
f 1995/2642/1937 1996/2643/1938 1993/2640/1935
f 1997/2644/1939 1998/2645/1940 1999/2646/1941
f 1999/2646/1941 2000/2647/1942 1997/2644/1939
f 2001/2648/1943 1993/2640/1935 1996/2643/1938
f 1996/2643/1938 2002/2649/1944 2001/2648/1943
f 2003/2650/1945 2004/2651/1946 2005/2652/1947
f 2005/2652/1947 2006/2653/1948 2003/2650/1945
f 2007/2654/1949 2008/2655/1950 2009/2656/1951
f 2009/2656/1951 2010/2657/1952 2007/2654/1949
f 2008/2658/1950 2003/2650/1945 2006/2653/1948
f 2006/2653/1948 2009/2659/1951 2008/2658/1950
f 2011/2660/1953 2012/2661/1954 2013/2662/1955
f 2013/2662/1955 2014/2663/1956 2011/2660/1953
f 2015/2664/1957 2007/2654/1949 2010/2657/1952
f 2010/2657/1952 2016/2665/1958 2015/2664/1957
f 2017/2666/1959 2018/2667/1960 2019/2668/1961
f 2019/2668/1961 2020/2669/1962 2017/2666/1959
f 2021/2670/1963 2019/2668/1961 2018/2667/1960
f 2022/456/1964 2023/456/238 2024/456/1965
f 2021/2671/1966 2025/2672/1967 2026/2673/1968
f 1990/2637/1932 2027/2674/1969 2028/2675/1970
f 2028/2675/1970 1991/2638/1933 1990/2637/1932
f 2027/2674/1969 2017/2666/1959 2020/2669/1962
f 2020/2669/1962 2028/2675/1970 2027/2674/1969
f 1994/2676/1936 2029/2677/1971 2030/2678/1972
f 2030/2678/1972 1995/2679/1937 1994/2676/1936
f 2031/2680/1973 1985/2632/1927 1988/2635/1930
f 1988/2681/1930 2032/2682/1974 2031/2683/1973
f 2033/2684/1975 2031/2683/1973 2032/2682/1974
f 2032/2682/1974 2034/2685/1976 2033/2684/1975
f 2035/2686/1977 2036/2687/1978 2037/2688/1979
f 2037/2688/1979 2038/2689/1980 2035/2686/1977
f 2039/2690/1981 1981/2691/1923 1984/2692/1926
f 1984/2692/1926 2040/2693/1982 2039/2690/1981
f 2041/2694/1983 2039/2690/1981 2040/2693/1982
f 2040/2693/1982 2042/2695/1984 2041/2694/1983
f 2043/2696/1985 2044/2697/1986 2045/2698/1987
f 2045/2698/1987 2046/2699/1988 2043/2696/1985
f 2047/2700/1989 2048/2701/1990 2049/2702/1991
f 2049/2702/1991 2050/2703/1992 2047/2700/1989
f 2051/2704/1993 2043/2696/1985 2046/2699/1988
f 2046/2699/1988 2052/2705/1994 2051/2704/1993
f 2053/2706/1995 2041/2694/1983 2042/2695/1984
f 2042/2695/1984 2054/2707/1996 2053/2706/1995
f 2048/2701/1990 2055/2708/1997 2056/2709/1998
f 2056/2709/1998 2049/2702/1991 2048/2701/1990
f 2057/2710/1999 2051/2704/1993 2052/2705/1994
f 2052/2705/1994 2058/2711/2000 2057/2710/1999
f 2059/2712/2001 2060/2713/2002 2061/2714/2003
f 2061/2714/2003 2062/2715/2004 2059/2712/2001
f 2063/2716/2005 2064/2717/2006 2065/2718/2007
f 2065/2718/2007 2066/2719/2008 2063/2716/2005
f 2067/2720/2009 2057/2710/1999 2058/2711/2000
f 2058/2711/2000 2068/2721/2010 2067/2720/2009
f 2069/2722/2011 2059/2712/2001 2062/2715/2004
f 2062/2715/2004 2070/2723/2012 2069/2722/2011
f 2071/2724/2013 2069/2722/2011 2070/2723/2012
f 2070/2723/2012 2072/2725/2014 2071/2724/2013
f 2073/2726/2015 2071/2724/2013 2072/2725/2014
f 2072/2725/2014 2074/2727/2016 2073/2726/2015
f 2075/2728/2017 2076/2729/2018 2077/2730/2019
f 2077/2730/2019 2078/2731/2020 2075/2728/2017
f 2079/2732/2021 2080/2733/2022 2081/2734/2023
f 2081/2734/2023 2082/2735/2024 2079/2732/2021
f 2083/2736/2025 2075/2728/2017 2078/2731/2020
f 2078/2731/2020 2084/2737/2026 2083/2736/2025
f 2085/2738/2027 2086/2739/2028 2087/2740/2029
f 2087/2740/2029 2088/2741/2030 2085/2738/2027
f 2089/2742/2031 2085/2743/2027 2088/2744/2030
f 2088/2744/2030 2090/2745/2032 2089/2742/2031
f 2091/2746/2033 2092/2747/2034 2093/2748/2035
f 2093/2748/2035 2094/2749/2036 2091/2746/2033
f 2095/2750/2037 2096/2751/2038 2097/2752/2039
f 2097/2752/2039 2098/2753/2040 2095/2750/2037
f 2092/2747/2034 2099/2754/2041 2100/2755/2042
f 2100/2755/2042 2093/2748/2035 2092/2747/2034
f 2099/2754/2041 2101/2756/2043 2102/2757/2044
f 2102/2757/2044 2100/2755/2042 2099/2754/2041
f 2103/2758/2045 2095/2750/2037 2098/2753/2040
f 2098/2753/2040 2104/2759/2046 2103/2758/2045
f 1871/2487/1813 1870/2486/1812 2105/2760/2047
f 2105/2760/2047 1918/2551/1860 1871/2487/1813
f 1870/2511/1812 1888/2510/1830 2106/2761/2048
f 2106/2761/2048 2105/2762/2047 1870/2511/1812
f 1888/2510/1830 1895/2520/1837 2107/2763/2049
f 2107/2763/2049 2106/2761/2048 1888/2510/1830
f 1886/2508/1828 1920/2553/1862 1922/2555/1864
f 1922/2555/1864 1883/2505/1825 1886/2508/1828
f 2107/2763/2049 1903/2530/1845 1884/2529/1826
f 1884/2529/1826 2106/2761/2048 2107/2763/2049
f 1884/2506/1826 1883/2505/1825 2105/2760/2047
f 2105/2762/2047 2106/2761/2048 1884/2529/1826
f 2105/2760/2047 1883/2505/1825 1922/2555/1864
f 1922/2555/1864 1918/2551/1860 2105/2760/2047
f 1915/2548/1857 1913/2546/1855 1872/2488/1814
f 1872/2488/1814 1871/2487/1813 1915/2548/1857
f 1896/2521/1838 2108/2764/2050 1894/2519/1836
f 1914/2547/1856 1910/2542/1852 1874/2545/1816
f 1874/2545/1816 1872/2488/1814 1914/2547/1856
f 1912/2544/1854 2109/2765/2051 1876/2766/1818
f 1876/2766/1818 1874/2545/1816 1912/2544/1854
f 1889/2513/1831 1898/2523/1840 2110/2767/2052
f 2110/2767/2052 1897/2522/1839 1889/2513/1831
f 2111/2768/2053 1898/2523/1840 1890/2514/1832
f 1900/2525/1842 2111/2768/2053 1890/2514/1832
f 1900/2525/1842 1890/2514/1832 1892/2516/1834
f 1892/2516/1834 1890/2514/1832 1875/2493/1817
f 1875/2493/1817 1879/2497/1821 1892/2516/1834
f 1875/2493/1817 1876/2494/1818 1880/2498/1822
f 1880/2498/1822 1879/2497/1821 1875/2493/1817
f 1907/2769/1849 1906/2770/1848 1909/2771/1851
f 1909/2772/1851 2112/2773/2054 1907/2774/1849
f 1876/2766/1818 2109/2765/2051 2112/2775/2054
f 2112/2776/2054 1909/2777/1851 1876/2778/1818
f 1909/2538/1851 1880/2541/1822 1876/2779/1818
f 2111/2768/2053 2113/2780/2055 1898/2523/1840
f 1977/2624/1919 2114/2781/2056 1980/2627/1922
f 2114/2781/2056 2115/2782/2057 1978/2625/1920
f 1978/2625/1920 1980/2627/1922 2114/2781/2056
f 1977/2624/1919 1940/2577/1882 1926/2559/1868
f 1926/2559/1868 1925/2558/1867 1977/2624/1919
f 1979/2626/1921 2116/2783/2058 1940/2577/1882
f 1980/2627/1922 1979/2626/1921 1940/2577/1882
f 1977/2624/1919 1980/2627/1922 1940/2577/1882
f 1940/2577/1882 2116/2783/2058 2117/2784/2059
f 2117/2784/2059 1941/2578/1883 1940/2577/1882
f 1941/2605/1883 2117/2785/2059 1959/2606/1901
f 1928/2561/1870 1971/2618/1913 1973/2620/1915
f 1973/2620/1915 2118/2786/2060 1976/2623/1918
f 1976/2623/1918 1925/2558/1867 1973/2620/1915
f 1971/2618/1913 1928/2561/1870 1930/2563/1872
f 1930/2563/1872 1970/2617/1912 1971/2618/1913
f 1932/2787/1874 2119/2788/2061 1967/2614/1909
f 1967/2614/1909 1930/2563/1872 1932/2787/1874
f 1967/2614/1909 1970/2617/1912 1930/2563/1872
f 2120/2789/2062 2119/2788/2061 1932/2787/1874
f 1932/2567/1874 1966/2613/1908 2120/2790/2062
f 2121/2791/2063 1944/2586/1886 1943/2584/1885
f 1943/2584/1885 1953/2596/1895 2121/2791/2063
f 1966/2613/1908 1965/2612/1907 1964/2611/1906
f 1964/2611/1906 2120/2790/2062 1966/2613/1908
f 1966/2613/1908 1932/2567/1874 1934/2569/1876
f 1934/2569/1876 1932/2567/1874 1931/2566/1873
f 1931/2566/1873 1935/2570/1877 1934/2569/1876
f 1931/2566/1873 1944/2587/1886 1946/2589/1888
f 1946/2589/1888 1935/2570/1877 1931/2566/1873
f 1944/2586/1886 2121/2791/2063 2122/2792/2064
f 1944/2586/1886 2122/2792/2064 2123/2793/2065
f 1946/2794/1888 1944/2586/1886 2123/2793/2065
f 1946/2794/1888 2123/2793/2065 1956/2795/1898
f 1957/2796/1899 1947/2590/1889 1945/2588/1887
usemtl M_Coconut
f 412/660/407 413/661/408 414/662/409
f 412/663/407 414/664/409 415/665/410
f 412/663/407 415/665/410 416/666/411
f 412/663/407 416/666/411 417/667/412
f 412/663/407 417/667/412 418/668/413
f 412/663/407 418/668/413 419/669/414
f 412/663/407 419/669/414 420/670/415
f 412/663/407 420/670/415 421/671/416
f 412/663/407 421/671/416 422/672/417
f 412/660/407 422/673/417 423/674/418
f 412/660/407 423/674/418 424/675/419
f 412/660/407 424/675/419 413/661/408
f 428/676/409 425/677/408 426/678/420
f 426/678/420 427/679/421 428/676/409
f 430/680/410 428/681/409 427/682/421
f 427/682/421 429/683/422 430/680/410
f 432/684/411 430/685/410 429/686/422
f 429/686/422 431/687/423 432/684/411
f 434/688/412 432/684/411 431/687/423
f 431/687/423 433/689/424 434/688/412
f 436/690/425 434/688/412 433/689/424
f 433/689/424 435/691/426 436/690/425
f 438/692/414 436/690/425 435/691/426
f 435/691/426 437/693/427 438/692/414
f 440/694/415 438/692/414 437/693/427
f 437/693/427 439/695/428 440/694/415
f 444/696/416 441/697/415 442/698/428
f 442/698/428 443/699/429 444/696/416
f 446/700/417 444/696/416 443/699/429
f 443/699/429 445/701/430 446/700/417
f 448/702/431 446/703/417 445/704/430
f 445/704/430 447/705/432 448/702/431
f 450/706/419 448/702/431 447/705/432
f 447/705/432 449/707/433 450/706/419
f 425/677/408 450/706/419 449/707/433
f 449/707/433 426/678/420 425/677/408
f 427/682/421 426/708/420 451/709/434
f 451/709/434 452/710/435 427/682/421
f 429/683/422 427/682/421 452/710/435
f 452/710/435 453/711/436 429/683/422
f 431/712/423 429/683/422 453/711/436
f 453/711/436 454/713/437 431/712/423
f 433/689/424 431/687/423 454/714/437
f 454/714/437 455/715/438 433/689/424
f 435/691/426 433/689/424 455/715/438
f 455/715/438 456/716/439 435/691/426
f 437/693/427 435/691/426 456/716/439
f 456/716/439 457/717/440 437/693/427
f 439/718/428 437/719/427 457/720/440
f 457/720/440 458/721/441 439/718/428
f 443/699/429 442/698/428 459/722/441
f 459/722/441 460/723/442 443/699/429
f 445/701/430 443/699/429 460/723/442
f 460/723/442 461/724/443 445/701/430
f 447/705/432 445/704/430 461/725/443
f 461/725/443 462/726/444 447/705/432
f 449/707/433 447/705/432 462/726/444
f 462/726/444 463/727/445 449/707/433
f 426/678/420 449/707/433 463/727/445
f 463/727/445 451/728/434 426/678/420
f 452/710/435 451/709/434 464/729/446
f 464/729/446 465/730/447 452/710/435
f 453/711/436 452/710/435 465/730/447
f 465/730/447 466/731/448 453/711/436
f 454/713/437 453/711/436 466/731/448
f 466/731/448 467/732/449 454/713/437
f 455/733/438 454/734/437 467/735/449
f 467/735/449 468/736/450 455/733/438
f 456/737/439 455/733/438 468/736/450
f 468/736/450 469/738/451 456/737/439
f 457/739/440 456/737/439 469/738/451
f 469/738/451 470/740/452 457/739/440
f 458/721/441 457/720/440 470/741/452
f 470/741/452 471/742/453 458/721/441
f 460/723/442 459/722/441 472/743/453
f 472/743/453 473/744/454 460/723/442
f 461/724/443 460/723/442 473/744/454
f 473/744/454 474/745/455 461/724/443
f 462/746/444 461/747/443 474/748/455
f 474/748/455 475/749/456 462/746/444
f 463/750/445 462/746/444 475/749/456
f 475/749/456 476/751/457 463/750/445
f 451/752/434 463/750/445 476/751/457
f 476/751/457 464/753/446 451/752/434
f 465/730/447 464/729/446 477/754/458
f 477/754/458 478/755/459 465/730/447
f 466/731/448 465/730/447 478/755/459
f 478/755/459 479/756/460 466/731/448
f 467/735/449 466/757/448 479/758/460
f 479/758/460 480/759/461 467/735/449
f 468/736/450 467/735/449 480/759/461
f 480/759/461 481/760/462 468/736/450
f 469/738/451 468/736/450 481/760/462
f 481/760/462 482/761/463 469/738/451
f 470/740/452 469/738/451 482/761/463
f 482/761/463 483/762/464 470/740/452
f 471/763/453 470/740/452 483/762/464
f 483/762/464 484/764/465 471/763/453
f 473/744/454 472/743/453 485/765/465
f 485/765/465 486/766/466 473/744/454
f 474/748/455 473/767/454 486/768/466
f 486/768/466 487/769/467 474/748/455
f 475/749/456 474/748/455 487/769/467
f 487/769/467 488/770/468 475/749/456
f 476/751/457 475/749/456 488/770/468
f 488/770/468 489/771/469 476/751/457
f 464/753/446 476/751/457 489/771/469
f 489/771/469 477/772/458 464/753/446
f 490/773/470 491/774/459 492/775/458
f 490/773/470 493/776/460 491/774/459
f 490/773/470 494/777/471 493/776/460
f 490/773/470 495/778/462 494/777/471
f 490/773/470 496/779/463 495/778/462
f 490/773/470 497/780/464 496/779/463
f 490/773/470 498/781/465 497/780/464
f 490/773/470 499/782/472 498/781/465
f 490/773/470 500/783/467 499/782/472
f 490/784/470 501/785/468 500/786/467
f 490/784/470 502/787/473 501/785/468
f 490/773/470 492/775/458 502/788/473
f 503/789/440 504/790/474 505/791/475
f 503/789/440 505/791/475 506/792/476
f 503/789/440 506/792/476 507/793/477
f 503/789/440 507/793/477 508/794/478
f 503/795/440 508/796/478 509/797/479
f 503/795/440 509/797/479 510/798/480
f 503/795/440 510/798/480 511/799/481
f 503/795/440 511/799/481 512/800/482
f 503/795/440 512/800/482 513/801/483
f 503/795/440 513/801/483 514/802/484
f 503/795/440 514/802/484 515/803/485
f 503/795/440 515/803/485 504/804/474
f 519/805/475 516/806/486 517/807/487
f 517/807/487 518/808/488 519/805/475
f 521/809/476 519/805/475 518/808/488
f 518/808/488 520/810/489 521/809/476
f 523/811/490 521/809/476 520/810/489
f 520/810/489 522/812/491 523/811/490
f 525/813/492 523/814/490 522/815/491
f 522/815/491 524/816/493 525/813/492
f 527/817/479 525/813/492 524/816/493
f 524/816/493 526/818/494 527/817/479
f 529/819/480 527/817/479 526/818/494
f 526/818/494 528/820/495 529/819/480
f 531/821/481 529/819/480 528/820/495
f 528/820/495 530/822/496 531/821/481
f 535/823/482 532/824/481 533/825/496
f 533/825/496 534/826/497 535/823/482
f 537/827/483 535/823/482 534/826/497
f 534/826/497 536/828/498 537/827/483
f 539/829/484 537/827/483 536/828/498
f 536/828/498 538/830/499 539/829/484
f 541/831/485 539/829/484 538/830/499
f 538/830/499 540/832/500 541/831/485
f 516/806/486 541/833/485 540/834/500
f 540/834/500 517/807/487 516/806/486
f 518/808/488 517/807/487 542/835/407
f 542/835/407 543/836/501 518/808/488
f 520/810/489 518/808/488 543/836/501
f 543/836/501 544/837/502 520/810/489
f 522/812/491 520/810/489 544/837/502
f 544/837/502 545/838/437 522/812/491
f 524/816/493 522/815/491 545/839/437
f 545/839/437 546/840/503 524/816/493
f 526/818/494 524/816/493 546/840/503
f 546/840/503 547/841/504 526/818/494
f 528/820/495 526/818/494 547/841/504
f 547/841/504 548/842/470 528/820/495
f 530/822/496 528/820/495 548/842/470
f 548/842/470 549/843/505 530/822/496
f 534/844/497 533/845/496 550/846/505
f 550/846/505 551/847/506 534/844/497
f 536/828/498 534/826/497 551/848/506
f 551/848/506 552/849/443 536/828/498
f 538/830/499 536/828/498 552/849/443
f 552/849/443 553/850/507 538/830/499
f 540/832/500 538/830/499 553/850/507
f 553/850/507 554/851/508 540/832/500
f 517/807/487 540/834/500 554/852/508
f 554/852/508 542/835/407 517/807/487
f 543/836/501 542/835/407 555/853/509
f 555/853/509 556/854/510 543/836/501
f 544/837/502 543/836/501 556/854/510
f 556/854/510 557/855/511 544/837/502
f 545/856/437 544/857/502 557/858/511
f 557/858/511 558/859/512 545/856/437
f 546/860/503 545/856/437 558/859/512
f 558/859/512 559/861/513 546/860/503
f 547/841/504 546/840/503 559/862/513
f 559/862/513 560/863/514 547/841/504
f 548/842/470 547/841/504 560/863/514
f 560/863/514 561/864/515 548/842/470
f 549/865/505 548/866/470 561/867/515
f 561/867/515 562/868/516 549/865/505
f 551/847/506 550/846/505 563/869/516
f 563/869/516 564/870/517 551/847/506
f 552/871/443 551/847/506 564/870/517
f 564/870/517 565/872/518 552/871/443
f 553/873/507 552/874/443 565/875/518
f 565/875/518 566/876/519 553/873/507
f 554/877/508 553/873/507 566/876/519
f 566/876/519 567/878/520 554/877/508
f 542/879/407 554/877/508 567/878/520
f 567/878/520 555/880/509 542/879/407
f 556/881/510 555/880/509 568/882/521
f 568/882/521 569/883/522 556/881/510
f 557/858/511 556/884/510 569/885/522
f 569/885/522 570/886/523 557/858/511
f 558/859/512 557/858/511 570/886/523
f 570/886/523 571/887/524 558/859/512
f 559/861/513 558/859/512 571/887/524
f 571/887/524 572/888/525 559/861/513
f 560/889/514 559/861/513 572/888/525
f 572/888/525 573/890/526 560/889/514
f 561/891/515 560/889/514 573/890/526
f 573/890/526 574/892/527 561/891/515
f 562/868/516 561/867/515 574/893/527
f 574/893/527 575/894/528 562/868/516
f 564/870/517 563/869/516 576/895/529
f 576/895/529 577/896/530 564/870/517
f 565/872/518 564/870/517 577/896/530
f 577/896/530 578/897/531 565/872/518
f 566/876/519 565/875/518 578/898/531
f 578/898/531 579/899/532 566/876/519
f 567/878/520 566/876/519 579/899/532
f 579/899/532 580/900/533 567/878/520
f 555/880/509 567/878/520 580/900/533
f 580/900/533 568/882/521 555/880/509
f 581/901/534 582/902/522 583/903/521
f 581/904/534 584/905/523 582/906/522
f 581/904/534 585/907/524 584/905/523
f 581/904/534 586/908/535 585/907/524
f 581/904/534 587/909/536 586/908/535
f 581/904/534 588/910/537 587/909/536
f 581/904/534 589/911/529 588/910/537
f 581/912/534 590/913/530 589/914/529
f 581/901/534 591/915/531 590/916/530
f 581/901/534 592/917/532 591/915/531
f 581/901/534 593/918/533 592/917/532
f 581/901/534 583/903/521 593/918/533
f 2124/2797/2066 2125/2798/2067 2126/2799/2068
f 2124/2797/2066 2126/2799/2068 2127/2800/2069
f 2124/2797/2066 2127/2800/2069 2128/2801/2070
f 2124/2797/2066 2128/2801/2070 2129/2802/2071
f 2124/2797/2066 2129/2802/2071 2130/2803/2072
f 2124/2797/2066 2130/2803/2072 2131/2804/2073
f 2124/2797/2066 2131/2804/2073 2132/2805/2074
f 2124/2797/2066 2132/2805/2074 2133/2806/2075
f 2124/2797/2066 2133/2806/2075 2134/2807/2076
f 2124/2797/2066 2134/2807/2076 2135/2808/2077
f 2124/2797/2066 2135/2808/2077 2136/2809/2078
f 2124/2797/2066 2136/2809/2078 2125/2798/2067
f 2140/2810/2068 2137/2811/2067 2138/2812/2079
f 2138/2812/2079 2139/2813/2080 2140/2810/2068
f 2142/2814/2069 2140/2815/2068 2139/2816/2080
f 2139/2816/2080 2141/2817/2081 2142/2814/2069
f 2144/2818/2082 2142/2814/2069 2141/2817/2081
f 2141/2817/2081 2143/2819/2083 2144/2818/2082
f 2146/2820/2071 2144/2818/2082 2143/2819/2083
f 2143/2819/2083 2145/2821/2084 2146/2820/2071
f 2148/2822/2085 2146/2820/2071 2145/2821/2084
f 2145/2821/2084 2147/2823/2086 2148/2822/2085
f 2150/2824/2073 2148/2822/2085 2147/2823/2086
f 2147/2823/2086 2149/2825/2087 2150/2824/2073
f 2152/2826/2074 2150/2827/2073 2149/2828/2087
f 2149/2828/2087 2151/2829/2088 2152/2826/2074
f 2156/2830/2089 2153/2831/2074 2154/2832/2088
f 2154/2832/2088 2155/2833/2090 2156/2830/2089
f 2158/2834/2076 2156/2830/2089 2155/2833/2090
f 2155/2833/2090 2157/2835/2091 2158/2834/2076
f 2160/2836/2092 2158/2837/2076 2157/2838/2091
f 2157/2838/2091 2159/2839/2093 2160/2836/2092
f 2162/2840/2094 2160/2836/2092 2159/2839/2093
f 2159/2839/2093 2161/2841/2095 2162/2840/2094
f 2137/2811/2067 2162/2840/2094 2161/2841/2095
f 2161/2841/2095 2138/2812/2079 2137/2811/2067
f 2139/2842/2080 2138/2843/2079 2163/2844/2096
f 2163/2844/2096 2164/2845/2097 2139/2842/2080
f 2141/2846/2081 2139/2842/2080 2164/2845/2097
f 2164/2845/2097 2165/2847/2098 2141/2846/2081
f 2143/2848/2083 2141/2846/2081 2165/2847/2098
f 2165/2847/2098 2166/2849/437 2143/2848/2083
f 2145/2850/2084 2143/2851/2083 2166/2852/437
f 2166/2852/437 2167/2853/2099 2145/2850/2084
f 2147/2854/2086 2145/2850/2084 2167/2853/2099
f 2167/2853/2099 2168/2855/2100 2147/2854/2086
f 2149/2856/2087 2147/2854/2086 2168/2855/2100
f 2168/2855/2100 2169/2857/2101 2149/2856/2087
f 2151/2829/2088 2149/2828/2087 2169/2858/2101
f 2169/2858/2101 2170/2859/2102 2151/2829/2088
f 2155/2833/2090 2154/2832/2088 2171/2860/2102
f 2171/2860/2102 2172/2861/2103 2155/2833/2090
f 2157/2835/2091 2155/2833/2090 2172/2861/2103
f 2172/2861/2103 2173/2862/443 2157/2835/2091
f 2159/2839/2093 2157/2838/2091 2173/2863/443
f 2173/2863/443 2174/2864/2104 2159/2839/2093
f 2161/2841/2095 2159/2839/2093 2174/2864/2104
f 2174/2864/2104 2175/2865/2105 2161/2841/2095
f 2138/2812/2079 2161/2841/2095 2175/2865/2105
f 2175/2865/2105 2163/2866/2096 2138/2812/2079
f 2164/2845/2097 2163/2844/2096 2176/2867/2106
f 2176/2867/2106 2177/2868/2107 2164/2845/2097
f 2165/2847/2098 2164/2845/2097 2177/2868/2107
f 2177/2868/2107 2178/2869/2108 2165/2847/2098
f 2166/2849/437 2165/2847/2098 2178/2869/2108
f 2178/2869/2108 2179/2870/2109 2166/2849/437
f 2167/2853/2099 2166/2852/437 2179/2871/2109
f 2179/2871/2109 2180/2872/2110 2167/2853/2099
f 2168/2855/2100 2167/2853/2099 2180/2872/2110
f 2180/2872/2110 2181/2873/2111 2168/2855/2100
f 2169/2857/2101 2168/2855/2100 2181/2873/2111
f 2181/2873/2111 2182/2874/2112 2169/2857/2101
f 2170/2859/2102 2169/2858/2101 2182/2875/2112
f 2182/2875/2112 2183/2876/2113 2170/2859/2102
f 2172/2861/2103 2171/2860/2102 2184/2877/2113
f 2184/2877/2113 2185/2878/2114 2172/2861/2103
f 2173/2879/443 2172/2880/2103 2185/2881/2114
f 2185/2881/2114 2186/2882/2115 2173/2879/443
f 2174/2864/2104 2173/2863/443 2186/2883/2115
f 2186/2883/2115 2187/2884/2116 2174/2864/2104
f 2175/2865/2105 2174/2864/2104 2187/2884/2116
f 2187/2884/2116 2188/2885/2117 2175/2865/2105
f 2163/2844/2096 2175/2886/2105 2188/2887/2117
f 2188/2887/2117 2176/2867/2106 2163/2844/2096
f 2177/2868/2107 2176/2867/2106 2189/2888/2118
f 2189/2888/2118 2190/2889/2119 2177/2868/2107
f 2178/2869/2108 2177/2868/2107 2190/2889/2119
f 2190/2889/2119 2191/2890/2120 2178/2869/2108
f 2179/2870/2109 2178/2869/2108 2191/2890/2120
f 2191/2890/2120 2192/2891/2121 2179/2870/2109
f 2180/2872/2110 2179/2871/2109 2192/2892/2121
f 2192/2892/2121 2193/2893/2122 2180/2872/2110
f 2181/2873/2111 2180/2872/2110 2193/2893/2122
f 2193/2893/2122 2194/2894/2123 2181/2873/2111
f 2182/2874/2112 2181/2873/2111 2194/2894/2123
f 2194/2894/2123 2195/2895/2124 2182/2874/2112
f 2183/2896/2113 2182/2897/2112 2195/2898/2124
f 2195/2898/2124 2196/2899/2125 2183/2896/2113
f 2185/2881/2114 2184/2900/2113 2197/2901/2125
f 2197/2901/2125 2198/2902/2126 2185/2881/2114
f 2186/2882/2115 2185/2881/2114 2198/2902/2126
f 2198/2902/2126 2199/2903/2127 2186/2882/2115
f 2187/2904/2116 2186/2882/2115 2199/2903/2127
f 2199/2903/2127 2200/2905/2128 2187/2904/2116
f 2188/2906/2117 2187/2904/2116 2200/2905/2128
f 2200/2905/2128 2201/2907/2129 2188/2906/2117
f 2176/2867/2106 2188/2887/2117 2201/2908/2129
f 2201/2908/2129 2189/2888/2118 2176/2867/2106
f 2202/2909/2130 2203/2910/2119 2204/2911/2118
f 2202/2912/2130 2205/2913/2131 2203/2914/2119
f 2202/2909/2130 2206/2915/2121 2205/2916/2131
f 2202/2909/2130 2207/2917/2122 2206/2915/2121
f 2202/2909/2130 2208/2918/2132 2207/2917/2122
f 2202/2909/2130 2209/2919/2124 2208/2918/2132
f 2202/2909/2130 2210/2920/2125 2209/2919/2124
f 2202/2909/2130 2211/2921/2133 2210/2920/2125
f 2202/2909/2130 2212/2922/2127 2211/2921/2133
f 2202/2909/2130 2213/2923/2134 2212/2922/2127
f 2202/2909/2130 2214/2924/2129 2213/2923/2134
f 2202/2909/2130 2204/2911/2118 2214/2924/2129
