# Blender 5.1.2
# www.blender.org
mtllib SM_PalmTree_02.mtl
o SM_PalmTree_02
v 0.223098 4.421171 -0.101134
v 0.228910 4.251137 -0.076473
v 0.309758 4.273006 -0.091617
v 0.366657 4.328808 -0.121452
v 0.384383 4.403582 -0.157998
v 0.358179 4.477302 -0.191462
v 0.295074 4.530223 -0.212875
v 0.211954 4.548141 -0.216502
v 0.131123 4.526288 -0.201369
v 0.074224 4.470487 -0.171534
v 0.056481 4.395712 -0.134986
v 0.082701 4.321992 -0.101524
v 0.145807 4.269072 -0.080111
v 0.228910 4.251137 -0.076473
v 0.227832 4.083586 -0.149133
v 0.367850 4.121460 -0.175356
v 0.309758 4.273006 -0.091617
v 0.466407 4.218088 -0.227036
v 0.366657 4.328808 -0.121452
v 0.497120 4.347625 -0.290345
v 0.384383 4.403582 -0.157998
v 0.451722 4.475311 -0.348319
v 0.358179 4.477302 -0.191462
v 0.342417 4.566958 -0.385395
v 0.295074 4.530223 -0.212875
v 0.198463 4.598016 -0.391689
v 0.211954 4.548141 -0.216502
v 0.058462 4.560143 -0.365467
v 0.131123 4.526288 -0.201369
v 0.131123 4.526288 -0.201369
v 0.058462 4.560143 -0.365467
v -0.040113 4.463506 -0.313802
v 0.074224 4.470487 -0.171534
v -0.070808 4.333994 -0.250488
v 0.056481 4.395712 -0.134986
v -0.025428 4.206283 -0.192519
v 0.082701 4.321992 -0.101524
v 0.083878 4.114644 -0.155427
v 0.145807 4.269072 -0.080111
v 0.220152 3.963417 -0.299674
v 0.381832 4.007134 -0.329927
v 0.495647 4.118727 -0.389614
v 0.531098 4.268291 -0.462716
v 0.478691 4.415731 -0.529643
v 0.352463 4.521564 -0.572483
v 0.186240 4.557425 -0.579733
v 0.024561 4.513694 -0.549471
v 0.024561 4.513694 -0.549471
v -0.089237 4.402100 -0.489786
v -0.124689 4.252552 -0.416693
v -0.072281 4.105096 -0.349757
v 0.053930 3.999264 -0.306915
v 0.207929 3.922830 -0.487712
v 0.347949 3.960692 -0.513919
v 0.446505 4.057337 -0.565605
v 0.477218 4.186855 -0.628911
v 0.431821 4.314546 -0.686876
v 0.322516 4.406187 -0.723965
v 0.178561 4.437248 -0.730252
v 0.038560 4.399371 -0.704037
v 0.038560 4.399371 -0.704037
v -0.060014 4.302742 -0.652359
v -0.090710 4.173223 -0.589054
v -0.045330 4.045532 -0.531089
v 0.063976 3.953876 -0.493990
v 0.194439 3.972691 -0.662887
v 0.275288 3.994547 -0.678017
v 0.332187 4.050345 -0.707858
v 0.349912 4.125119 -0.744406
v 0.323708 4.198854 -0.777878
v 0.260604 4.251756 -0.799289
v 0.177483 4.269692 -0.802920
v 0.096653 4.247821 -0.787783
v 0.096653 4.247821 -0.787783
v 0.039753 4.192039 -0.757950
v 0.022011 4.117249 -0.721392
v 0.048214 4.043530 -0.687929
v 0.111337 3.990612 -0.666511
v 0.183295 4.099656 -0.778264
v 0.275288 3.994547 -0.678017
v 0.194439 3.972691 -0.662887
v 0.332187 4.050345 -0.707858
v 0.349912 4.125119 -0.744406
v 0.323708 4.198854 -0.777878
v 0.260604 4.251756 -0.799289
v 0.177483 4.269692 -0.802920
v 0.096653 4.247821 -0.787783
v 0.039753 4.192039 -0.757950
v 0.022011 4.117249 -0.721392
v 0.048214 4.043530 -0.687929
v 0.111337 3.990612 -0.666511
v -0.929053 4.338630 0.655290
v -0.674192 4.493941 0.515908
v -0.824148 4.562107 0.296072
v -1.063335 4.409571 0.445806
v -1.257702 3.953557 0.755523
v -1.401559 4.045790 0.540036
v -1.423745 3.703854 0.782265
v -1.564283 3.804156 0.574980
v -1.730342 3.448750 0.655003
v -1.633380 3.369479 0.807407
v -1.571469 3.468209 0.799978
v -1.686363 3.542880 0.633811
v -1.772156 2.941909 0.734262
v -1.834068 3.112054 0.642497
v -0.431071 4.488360 0.314969
v -0.366358 4.389418 0.450495
v -0.088987 4.430511 0.174238
v -0.031653 4.479192 -0.015116
v -0.754671 4.193704 0.800311
v -0.539950 4.363698 0.623395
v -1.073238 3.815284 0.918126
v -1.242491 3.577937 0.945618
v -1.495890 3.284549 0.924799
v -1.432659 3.357755 0.929992
v -1.642875 2.976745 0.862795
v -0.552212 3.979217 0.891236
v -0.396322 4.174014 0.751910
v -0.837293 3.880296 0.925562
v -0.904148 3.671364 1.008463
v -1.028092 3.426148 1.067424
v -1.324116 3.190787 1.007430
v -1.283490 3.223565 1.015593
v -1.431594 3.102843 0.968119
v -0.160070 4.332510 0.356469
v -0.298682 4.244183 0.581355
v -1.751930 3.473336 0.589281
v -1.827331 3.261367 0.571951
v -1.770621 3.494563 0.532014
v -1.791390 3.515910 0.470276
v -1.804070 3.453099 0.493111
v -1.709390 3.552577 0.582062
v -1.511717 4.091501 0.280202
v -1.591598 3.982677 0.304752
v -1.486980 4.026888 0.418893
v -1.127580 4.409132 0.284820
v -1.250384 4.332488 0.207283
v -1.011941 4.460381 0.326265
v -0.881675 4.494544 0.110256
v -1.060029 4.442197 0.155958
v -0.593990 4.577192 0.155923
v -0.677993 4.504259 0.065595
v -0.233165 4.531960 0.007613
v -0.516663 4.547263 0.144996
v -0.487410 4.529241 0.185204
v -0.452121 4.536768 0.018600
v -0.594877 4.567790 0.058225
v -0.819544 4.544477 0.295700
v -0.674415 4.478238 0.508587
v -0.923409 4.325823 0.645234
v -1.054499 4.394930 0.440601
v -1.249134 3.943825 0.744466
v -1.390750 4.034097 0.532740
v -1.414232 3.695563 0.770972
v -1.552689 3.794282 0.566782
v -1.717089 3.441576 0.646952
v -1.670725 3.541052 0.624341
v -1.550012 3.479076 0.787392
v -1.622284 3.363850 0.796141
v -1.760052 2.938685 0.723280
v -1.822251 3.107971 0.631425
v -0.543847 4.350993 0.613132
v -0.358736 4.470629 0.247834
v -0.235588 4.393823 0.311107
v -0.753826 4.183927 0.786793
v -1.068167 3.807717 0.904157
v -1.235772 3.571889 0.931652
v -1.487952 3.280784 0.910766
v -1.413559 3.366660 0.916923
v -1.631875 2.974361 0.850615
v -0.398470 4.162673 0.739804
v -0.552936 3.971141 0.876774
v -0.766038 3.724551 0.966659
v -0.835739 3.873525 0.910513
v -0.900875 3.664941 0.993526
v -0.931771 3.532495 1.033686
v -1.318151 3.188074 0.992254
v -1.277889 3.219858 1.000484
v -1.277889 3.219858 1.000484
v -1.413559 3.366660 0.916923
v -1.277889 3.219858 1.000484
v -1.424436 3.101824 0.953284
v -0.381344 4.270791 0.574098
v -0.166448 4.319775 0.347652
v -0.304541 4.230879 0.572917
v -1.812608 3.255522 0.565570
v -1.737770 3.465321 0.583396
v -1.789429 3.446094 0.487364
v -1.776417 3.509668 0.464641
v -1.756665 3.487005 0.525327
v -1.696044 3.543146 0.576038
v -1.474824 4.015503 0.413137
v -1.579625 3.970930 0.299237
v -1.500426 4.078769 0.275088
v -1.445810 4.056531 0.403381
v -1.117103 4.394757 0.281754
v -1.239556 4.318330 0.204451
v -1.003876 4.443936 0.325847
v -0.674760 4.486911 0.070547
v -0.594055 4.559290 0.155918
v -0.875678 4.477530 0.114094
v -0.489356 4.512099 0.182070
v -0.450131 4.518864 0.021030
v -0.235989 4.515601 0.002656
v -0.472100 4.527287 0.121227
v -1.822251 3.107971 0.631425
v -1.760052 2.938685 0.723280
v -1.772156 2.941909 0.734262
v -1.834068 3.112054 0.642497
v -0.091072 4.413904 0.169513
v -0.034540 4.462803 -0.019946
v -0.031653 4.479192 -0.015116
v -0.088987 4.430511 0.174238
v -1.760052 2.938685 0.723280
v -1.631875 2.974361 0.850615
v -1.642875 2.976745 0.862795
v -1.772156 2.941909 0.734262
v -0.552936 3.971141 0.876774
v -0.398470 4.162673 0.739804
v -0.396322 4.174014 0.751910
v -0.552212 3.979217 0.891236
v -0.835739 3.873525 0.910513
v -0.766038 3.724551 0.966659
v -0.766248 3.730549 0.982074
v -0.837293 3.880296 0.925562
v -0.766038 3.724551 0.966659
v -0.766248 3.730549 0.982074
v -0.900875 3.664941 0.993526
v -0.835739 3.873525 0.910513
v -0.837293 3.880296 0.925562
v -0.904148 3.671364 1.008463
v -1.022993 3.421037 1.052508
v -0.931771 3.532495 1.033686
v -0.935448 3.538418 1.048728
v -1.028092 3.426148 1.067424
v -1.213524 3.404177 0.981196
v -1.170072 3.304955 1.022488
v -1.176140 3.309009 1.037347
v -1.219391 3.408213 0.996128
v -1.170072 3.304955 1.022488
v -1.176140 3.309009 1.037347
v -1.318151 3.188074 0.992254
v -1.277889 3.219858 1.000484
v -1.283490 3.223565 1.015593
v -1.324116 3.190787 1.007430
v -1.219391 3.408213 0.996128
v -1.219391 3.408213 0.996128
v -1.277889 3.219858 1.000484
v -1.277889 3.219858 1.000484
v -1.277889 3.219858 1.000484
v -1.213524 3.404177 0.981196
v -1.424436 3.101824 0.953284
v -1.431594 3.102843 0.968119
v -0.381344 4.270791 0.574098
v -0.374355 4.283176 0.582854
v -0.166448 4.319775 0.347652
v -0.160070 4.332510 0.356469
v -0.304541 4.230879 0.572917
v -0.298682 4.244183 0.581355
v -0.381344 4.270791 0.574098
v -0.304541 4.230879 0.572917
v -0.298682 4.244183 0.581355
v -0.374355 4.283176 0.582854
v -1.812608 3.255522 0.565570
v -1.827331 3.261367 0.571951
v -1.737770 3.465321 0.583396
v -1.751930 3.473336 0.589281
v -1.776417 3.509668 0.464641
v -1.789429 3.446094 0.487364
v -1.804070 3.453099 0.493111
v -1.791390 3.515910 0.470276
v -1.789429 3.446094 0.487364
v -1.756665 3.487005 0.525327
v -1.770621 3.494563 0.532014
v -1.804070 3.453099 0.493111
v -1.763182 3.665707 0.392109
v -1.775851 3.674515 0.399819
v -1.696044 3.543146 0.576038
v -1.709390 3.552577 0.582062
v -1.696044 3.543146 0.576038
v -1.709390 3.552577 0.582062
v -1.639431 3.853888 0.363510
v -1.651533 3.864758 0.370010
v -1.500426 4.078769 0.275088
v -1.579625 3.970930 0.299237
v -1.591598 3.982677 0.304752
v -1.511717 4.091501 0.280202
v -1.579625 3.970930 0.299237
v -1.474824 4.015503 0.413137
v -1.486980 4.026888 0.418893
v -1.591598 3.982677 0.304752
v -1.474824 4.015503 0.413137
v -1.486980 4.026888 0.418893
v -1.239556 4.318330 0.204451
v -1.250384 4.332488 0.207283
v -1.117103 4.394757 0.281754
v -1.127580 4.409132 0.284820
v -1.003876 4.443936 0.325847
v -1.011941 4.460381 0.326265
v -0.875678 4.477530 0.114094
v -1.054140 4.424839 0.157225
v -1.060029 4.442197 0.155958
v -0.881675 4.494544 0.110256
v -1.054140 4.424839 0.157225
v -1.003876 4.443936 0.325847
v -1.011941 4.460381 0.326265
v -1.060029 4.442197 0.155958
v -0.674760 4.486911 0.070547
v -0.677993 4.504259 0.065595
v -0.594055 4.559290 0.155918
v -0.674760 4.486911 0.070547
v -0.677993 4.504259 0.065595
v -0.593990 4.577192 0.155923
v -0.489356 4.512099 0.182070
v -0.487410 4.529241 0.185204
v -0.034540 4.462803 -0.019946
v -0.235989 4.515601 0.002656
v -0.233165 4.531960 0.007613
v -0.031653 4.479192 -0.015116
v -0.516851 4.529495 0.143705
v -0.489356 4.512099 0.182070
v -0.487410 4.529241 0.185204
v -0.516663 4.547263 0.144996
v -0.450131 4.518864 0.021030
v -0.452121 4.536768 0.018600
v -0.591352 4.550102 0.061464
v -0.594877 4.567790 0.058225
v -0.591352 4.550102 0.061464
v -0.594877 4.567790 0.058225
v -0.491940 4.489760 0.365281
v -0.419551 4.381539 0.503478
v -0.374355 4.283176 0.582854
v -0.766248 3.730549 0.982074
v -1.651533 3.864758 0.370010
v -0.935448 3.538418 1.048728
v -1.219391 3.408213 0.996128
v -1.775851 3.674515 0.399819
v -1.176140 3.309009 1.037347
v -0.516851 4.529495 0.143705
v -0.591352 4.550102 0.061464
v -0.034540 4.462803 -0.019946
v -0.091072 4.413904 0.169513
v -1.054140 4.424839 0.157225
v -1.639431 3.853888 0.363510
v -1.763182 3.665707 0.392109
v -1.022993 3.421037 1.052508
v -1.170072 3.304955 1.022488
v -1.213524 3.404177 0.981196
v -1.277889 3.219858 1.000484
v 0.235753 4.339420 0.258224
v 0.246158 4.362421 0.414341
v 0.320486 4.355554 0.390772
v 0.372754 4.333164 0.336978
v 0.388943 4.301263 0.267339
v 0.364735 4.268387 0.200559
v 0.306596 4.243353 0.154489
v 0.230119 4.232868 0.141503
v 0.155791 4.239734 0.165072
v 0.103525 4.262118 0.218890
v 0.087315 4.294024 0.288507
v 0.111544 4.326894 0.355310
v 0.169681 4.351934 0.401355
v 0.246158 4.362421 0.414341
v 0.258545 4.295691 0.568030
v 0.387290 4.283786 0.527222
v 0.320486 4.355554 0.390772
v 0.477826 4.245020 0.434012
v 0.372754 4.333164 0.336978
v 0.505864 4.189759 0.313415
v 0.388943 4.301263 0.267339
v 0.463937 4.132819 0.197729
v 0.364735 4.268387 0.200559
v 0.363233 4.089457 0.117965
v 0.306596 4.243353 0.154489
v 0.230767 4.071289 0.095463
v 0.230119 4.232868 0.141503
v 0.102023 4.083188 0.136296
v 0.155791 4.239734 0.165072
v 0.155791 4.239734 0.165072
v 0.102023 4.083188 0.136296
v 0.011485 4.121960 0.229481
v 0.103525 4.262118 0.218890
v -0.016571 4.177220 0.350079
v 0.087315 4.294024 0.288507
v 0.025375 4.234160 0.465765
v 0.111544 4.326894 0.355310
v 0.126081 4.277516 0.545554
v 0.169681 4.351934 0.401355
v 0.269596 4.157112 0.678108
v 0.418253 4.143364 0.630979
v 0.522787 4.098589 0.523367
v 0.555188 4.034783 0.384111
v 0.506749 3.969037 0.250529
v 0.390475 3.918962 0.158413
v 0.237521 3.897991 0.132441
v 0.088846 3.911739 0.179571
v 0.088846 3.911739 0.179571
v -0.015687 3.956498 0.287193
v -0.048070 4.020304 0.426447
v 0.000351 4.086050 0.560031
v 0.116625 4.136125 0.652147
v 0.276351 3.983814 0.715086
v 0.405094 3.971916 0.674253
v 0.495632 3.933144 0.581068
v 0.523670 3.877883 0.460471
v 0.481743 3.820943 0.344785
v 0.381038 3.777571 0.265005
v 0.248572 3.759413 0.242519
v 0.119828 3.771302 0.283336
v 0.119828 3.771302 0.283336
v 0.029291 3.810083 0.376537
v 0.001235 3.865344 0.497135
v 0.043180 3.922284 0.612821
v 0.143884 3.965646 0.692585
v 0.276998 3.822236 0.669046
v 0.351326 3.815369 0.645477
v 0.403592 3.792985 0.591659
v 0.419784 3.761079 0.522044
v 0.395573 3.728209 0.455240
v 0.337437 3.703169 0.409194
v 0.260960 3.692683 0.396208
v 0.186632 3.699549 0.419777
v 0.186632 3.699549 0.419777
v 0.134364 3.721940 0.473571
v 0.118156 3.753839 0.543212
v 0.142383 3.786716 0.609990
v 0.200521 3.811750 0.656060
v 0.271364 3.715683 0.552326
v 0.351326 3.815369 0.645477
v 0.276998 3.822236 0.669046
v 0.403592 3.792985 0.591659
v 0.419784 3.761079 0.522044
v 0.395573 3.728209 0.455240
v 0.337437 3.703169 0.409194
v 0.260960 3.692683 0.396208
v 0.186632 3.699549 0.419777
v 0.134364 3.721940 0.473571
v 0.118156 3.753839 0.543212
v 0.142383 3.786716 0.609990
v 0.200521 3.811750 0.656060
v -0.913375 4.852599 -0.548208
v -0.670631 4.857645 -0.373138
v -0.537162 4.870248 -0.559692
v -0.781310 4.867032 -0.718426
v -1.223068 4.675567 -0.820972
v -1.083333 4.706710 -0.998547
v -1.378427 4.535178 -0.972855
v -1.241233 4.574588 -1.144121
v -1.469108 4.371753 -1.289810
v -1.573923 4.340141 -1.169616
v -1.516192 4.397739 -1.111519
v -1.408754 4.425478 -1.251226
v -1.698847 4.020361 -1.352647
v -1.599489 4.134545 -1.414377
v -0.434963 4.719932 -0.245800
v -0.544485 4.675417 -0.159325
v -0.225636 4.538132 -0.024590
v -0.047784 4.493704 -0.036620
v -1.005350 4.748072 -0.375554
v -0.744043 4.761323 -0.243651
v -1.322686 4.579848 -0.633589
v -1.475968 4.450058 -0.786443
v -1.639757 4.281403 -1.029227
v -1.598889 4.323487 -0.968644
v -1.739282 4.059883 -1.201932
v -1.067946 4.563615 -0.206110
v -0.848160 4.624327 -0.106143
v -1.224927 4.572358 -0.434448
v -1.375014 4.458014 -0.483377
v -1.538388 4.321794 -0.590170
v -1.669968 4.194768 -0.873911
v -1.651714 4.212532 -0.834939
v -1.705293 4.140501 -0.983085
v -0.418111 4.545558 -0.031421
v -0.663620 4.592831 -0.077139
v -1.419693 4.372834 -1.326455
v -1.498225 4.222708 -1.416157
v -1.376648 4.373602 -1.358316
v -1.330942 4.373389 -1.393324
v -1.371876 4.336374 -1.402772
v -1.374939 4.420430 -1.285991
v -0.912529 4.677658 -1.169013
v -0.992615 4.622988 -1.236929
v -1.028066 4.670887 -1.109802
v -0.682861 4.825880 -0.823996
v -0.691353 4.770641 -0.957037
v -0.657491 4.850564 -0.711602
v -0.438201 4.766891 -0.675578
v -0.551751 4.788312 -0.809270
v -0.345534 4.773353 -0.420139
v -0.329529 4.706530 -0.525891
v -0.120020 4.593797 -0.185035
v -0.319120 4.726722 -0.364993
v -0.344589 4.719676 -0.330023
v -0.204282 4.657267 -0.356658
v -0.275131 4.731634 -0.454615
v -0.540662 4.855377 -0.558070
v -0.670021 4.843019 -0.377490
v -0.907727 4.837733 -0.548460
v -0.778736 4.851660 -0.714688
v -1.214695 4.661969 -0.818868
v -1.077609 4.692363 -0.993592
v -1.369080 4.522362 -0.969926
v -1.233975 4.561119 -1.138635
v -1.460548 4.359993 -1.282653
v -1.396641 4.416710 -1.242040
v -1.495784 4.396154 -1.097302
v -1.563228 4.328983 -1.165103
v -1.687269 4.010883 -1.346960
v -1.588226 4.124449 -1.409042
v -0.741571 4.748888 -0.251623
v -0.364219 4.663975 -0.212156
v -0.391850 4.595906 -0.100519
v -0.997853 4.735528 -0.380474
v -1.312681 4.567768 -0.635034
v -1.464907 4.438721 -0.786394
v -1.627521 4.271489 -1.027965
v -1.579546 4.320816 -0.956709
v -1.726952 4.050914 -1.197435
v -0.843264 4.611831 -0.113170
v -1.059771 4.552439 -0.212434
v -1.278379 4.448881 -0.380617
v -1.215117 4.561406 -0.438992
v -1.364573 4.446927 -0.486462
v -1.446330 4.367115 -0.512408
v -1.657259 4.185762 -0.874508
v -1.639482 4.202891 -0.835916
v -1.639481 4.202892 -0.835915
v -1.691899 4.132612 -0.982417
v -0.679252 4.631820 -0.143019
v -0.417620 4.534256 -0.040899
v -0.663413 4.581091 -0.086126
v -1.489995 4.212194 -1.407112
v -1.412706 4.360963 -1.317945
v -1.364514 4.325202 -1.393705
v -1.323313 4.362770 -1.383884
v -1.368999 4.361845 -1.350183
v -1.368569 4.407615 -1.278319
v -1.022918 4.656979 -1.103224
v -0.987822 4.608924 -1.230452
v -0.908580 4.663158 -1.163057
v -0.992737 4.677696 -1.078677
v -0.681251 4.811048 -0.818188
v -0.689731 4.755966 -0.950839
v -0.659359 4.835699 -0.707072
v -0.337437 4.694118 -0.523544
v -0.351045 4.759597 -0.422175
v -0.444186 4.753610 -0.671344
v -0.348166 4.705851 -0.334521
v -0.210887 4.643827 -0.356211
v -0.122305 4.580160 -0.190754
v -0.291574 4.691513 -0.339369
v -1.588226 4.124449 -1.409042
v -1.687269 4.010883 -1.346960
v -1.698847 4.020361 -1.352647
v -1.599489 4.134545 -1.414377
v -0.227908 4.524201 -0.029678
v -0.050182 4.480097 -0.042358
v -0.047784 4.493704 -0.036620
v -0.225636 4.538132 -0.024590
v -1.687269 4.010883 -1.346960
v -1.726952 4.050914 -1.197435
v -1.739282 4.059883 -1.201932
v -1.698847 4.020361 -1.352647
v -1.059771 4.552439 -0.212434
v -0.843264 4.611831 -0.113170
v -0.848160 4.624327 -0.106143
v -1.067946 4.563615 -0.206110
v -1.215117 4.561406 -0.438992
v -1.278379 4.448881 -0.380617
v -1.288248 4.459031 -0.374954
v -1.224927 4.572358 -0.434448
v -1.278379 4.448881 -0.380617
v -1.288248 4.459031 -0.374954
v -1.364573 4.446927 -0.486462
v -1.215117 4.561406 -0.438992
v -1.224927 4.572358 -0.434448
v -1.375014 4.458014 -0.483377
v -1.526918 4.311260 -0.591635
v -1.446330 4.367115 -0.512408
v -1.457152 4.377951 -0.509666
v -1.538388 4.321794 -0.590170
v -1.545732 4.321523 -0.770402
v -1.591869 4.248724 -0.732590
v -1.603963 4.258672 -0.732039
v -1.557826 4.331445 -0.769661
v -1.591869 4.248724 -0.732590
v -1.603963 4.258672 -0.732039
v -1.657259 4.185762 -0.874508
v -1.639482 4.202891 -0.835916
v -1.651714 4.212532 -0.834939
v -1.669968 4.194768 -0.873911
v -1.557826 4.331445 -0.769661
v -1.557826 4.331445 -0.769661
v -1.639482 4.202891 -0.835916
v -1.639481 4.202892 -0.835915
v -1.639481 4.202892 -0.835915
v -1.545732 4.321523 -0.770402
v -1.691899 4.132612 -0.982417
v -1.705293 4.140501 -0.983085
v -0.679252 4.631820 -0.143019
v -0.679579 4.642695 -0.133115
v -0.417620 4.534256 -0.040899
v -0.418111 4.545558 -0.031421
v -0.663413 4.581091 -0.086126
v -0.663620 4.592831 -0.077139
v -0.679252 4.631820 -0.143019
v -0.663413 4.581091 -0.086126
v -0.663620 4.592831 -0.077139
v -0.679579 4.642695 -0.133115
v -1.489995 4.212194 -1.407112
v -1.498225 4.222708 -1.416157
v -1.412706 4.360963 -1.317945
v -1.419693 4.372834 -1.326455
v -1.323313 4.362770 -1.383884
v -1.364514 4.325202 -1.393705
v -1.371876 4.336374 -1.402772
v -1.330942 4.373389 -1.393324
v -1.364514 4.325202 -1.393705
v -1.368999 4.361845 -1.350183
v -1.376648 4.373602 -1.358316
v -1.371876 4.336374 -1.402772
v -1.216192 4.453748 -1.380363
v -1.223792 4.466497 -1.386980
v -1.368569 4.407615 -1.278319
v -1.374939 4.420430 -1.285991
v -1.368569 4.407615 -1.278319
v -1.374939 4.420430 -1.285991
v -1.093239 4.556906 -1.269842
v -1.099092 4.570662 -1.276182
v -0.908580 4.663158 -1.163057
v -0.987822 4.608924 -1.230452
v -0.992615 4.622988 -1.236929
v -0.912529 4.677658 -1.169013
v -0.987822 4.608924 -1.230452
v -1.022918 4.656979 -1.103224
v -1.028066 4.670887 -1.109802
v -0.992615 4.622988 -1.236929
v -1.022918 4.656979 -1.103224
v -1.028066 4.670887 -1.109802
v -0.689731 4.755966 -0.950839
v -0.691353 4.770641 -0.957037
v -0.681251 4.811048 -0.818188
v -0.682861 4.825880 -0.823996
v -0.659359 4.835699 -0.707072
v -0.657491 4.850564 -0.711602
v -0.444186 4.753610 -0.671344
v -0.555941 4.773901 -0.806026
v -0.551751 4.788312 -0.809270
v -0.438201 4.766891 -0.675578
v -0.555941 4.773901 -0.806026
v -0.659359 4.835699 -0.707072
v -0.657491 4.850564 -0.711602
v -0.551751 4.788312 -0.809270
v -0.337437 4.694118 -0.523544
v -0.329529 4.706530 -0.525891
v -0.351045 4.759597 -0.422175
v -0.337437 4.694118 -0.523544
v -0.329529 4.706530 -0.525891
v -0.345534 4.773353 -0.420139
v -0.348166 4.705851 -0.334521
v -0.344589 4.719676 -0.330023
v -0.050182 4.480097 -0.042358
v -0.122305 4.580160 -0.190754
v -0.120020 4.593797 -0.185035
v -0.047784 4.493704 -0.036620
v -0.323648 4.712624 -0.367539
v -0.348166 4.705851 -0.334521
v -0.344589 4.719676 -0.330023
v -0.319120 4.726722 -0.364993
v -0.210887 4.643827 -0.356211
v -0.204282 4.657267 -0.356658
v -0.281734 4.718278 -0.452653
v -0.275131 4.731634 -0.454615
v -0.281734 4.718278 -0.452653
v -0.275131 4.731634 -0.454615
v -0.493966 4.754406 -0.277685
v -0.605639 4.701735 -0.185158
v -0.679579 4.642695 -0.133115
v -1.288248 4.459031 -0.374954
v -1.099092 4.570662 -1.276182
v -1.457152 4.377951 -0.509666
v -1.557826 4.331445 -0.769661
v -1.223792 4.466497 -1.386980
v -1.603963 4.258672 -0.732039
v -0.323648 4.712624 -0.367539
v -0.281734 4.718278 -0.452653
v -0.050182 4.480097 -0.042358
v -0.227908 4.524201 -0.029678
v -0.555941 4.773901 -0.806026
v -1.093239 4.556906 -1.269842
v -1.216192 4.453748 -1.380363
v -1.526918 4.311260 -0.591635
v -1.591869 4.248724 -0.732590
v -1.545732 4.321523 -0.770402
v 0.687581 4.680309 -0.989495
v 0.493614 4.761501 -0.734325
v 0.679763 4.674898 -0.547858
v 0.857725 4.603885 -0.807223
v 0.926983 4.371764 -1.314959
v 1.109864 4.308931 -1.121778
v 1.044755 4.154948 -1.478175
v 1.224218 4.104141 -1.288602
v 1.319132 3.828000 -1.540330
v 1.192420 3.859888 -1.683509
v 1.148812 3.947019 -1.622876
v 1.293997 3.901129 -1.473654
v 1.278355 3.436492 -1.814493
v 1.373991 3.521364 -1.683303
v 0.299938 4.668319 -0.486289
v 0.203606 4.669933 -0.630125
v -0.003161 4.576860 -0.286223
v -0.018231 4.515247 -0.078823
v 0.481247 4.660830 -1.129555
v 0.333011 4.728166 -0.845364
v 0.709123 4.369340 -1.465913
v 0.831392 4.163137 -1.626063
v 1.033057 3.871357 -1.785743
v 0.982731 3.944162 -1.745893
v 1.140455 3.555686 -1.884207
v 0.248740 4.553871 -1.238510
v 0.152318 4.657368 -0.995416
v 0.496097 4.456402 -1.384375
v 0.517109 4.318401 -1.556877
v 0.590718 4.128961 -1.736545
v 0.846397 3.859084 -1.850097
v 0.811384 3.896485 -1.834278
v 0.941892 3.748806 -1.876195
v 0.019497 4.590650 -0.509346
v 0.099249 4.629645 -0.786251
v 1.353639 3.808380 -1.476697
v 1.399196 3.608682 -1.560781
v 1.383562 3.791142 -1.421296
v 1.416205 3.771156 -1.362316
v 1.415947 3.729313 -1.410256
v 1.325528 3.876748 -1.428819
v 1.262702 4.184560 -0.896282
v 1.318867 4.096692 -0.981271
v 1.207653 4.212681 -1.040966
v 0.944907 4.502746 -0.677202
v 1.062656 4.378177 -0.668156
v 0.836648 4.583880 -0.664624
v 0.756100 4.502852 -0.418440
v 0.908006 4.464055 -0.528333
v 0.490611 4.633103 -0.351311
v 0.574785 4.508760 -0.318645
v 0.172952 4.550176 -0.134490
v 0.416347 4.610156 -0.331566
v 0.379882 4.621462 -0.367248
v 0.376133 4.535376 -0.202113
v 0.506751 4.568329 -0.265513
v 0.673222 4.660168 -0.552895
v 0.493009 4.743839 -0.733582
v 0.682333 4.664199 -0.983546
v 0.848439 4.589400 -0.805540
v 0.919585 4.358050 -1.306157
v 1.099486 4.295980 -1.116562
v 1.036707 4.142429 -1.468348
v 1.213473 4.092313 -1.281642
v 1.307186 3.818729 -1.532037
v 1.280761 3.895884 -1.461422
v 1.132328 3.951482 -1.601442
v 1.183225 3.849847 -1.672285
v 1.268495 3.428774 -1.802357
v 1.364290 3.512822 -1.671488
v 0.336737 4.710915 -0.841754
v 0.241467 4.622612 -0.411780
v 0.105714 4.607968 -0.465217
v 0.481454 4.644744 -1.120587
v 0.705770 4.355360 -1.454558
v 0.826684 4.150651 -1.613692
v 1.027524 3.860912 -1.772120
v 0.968283 3.946374 -1.725384
v 1.131935 3.547864 -1.870952
v 0.154888 4.640409 -0.989141
v 0.250809 4.538499 -1.228463
v 0.402236 4.355516 -1.461161
v 0.496325 4.442068 -1.372692
v 0.515744 4.304636 -1.544706
v 0.520441 4.211310 -1.639611
v 0.843051 3.848653 -1.835593
v 0.808227 3.885212 -1.820294
v 0.808227 3.885212 -1.820294
v 0.937577 3.740152 -1.861029
v 0.181128 4.638601 -0.792028
v 0.025268 4.573943 -0.507772
v 0.104403 4.612720 -0.785085
v 1.385764 3.601699 -1.553119
v 1.340366 3.799754 -1.470476
v 1.402331 3.721699 -1.403650
v 1.402373 3.764298 -1.355437
v 1.370686 3.782422 -1.414229
v 1.312842 3.866749 -1.423219
v 1.195789 4.201037 -1.036672
v 1.307081 4.084846 -0.977381
v 1.251360 4.172039 -0.893312
v 1.175737 4.233747 -1.004466
v 0.933763 4.489907 -0.676942
v 1.051167 4.365693 -0.667946
v 0.827031 4.570534 -0.668230
v 0.568648 4.497209 -0.328804
v 0.488338 4.617811 -0.358045
v 0.747611 4.491240 -0.426728
v 0.379977 4.604790 -0.371339
v 0.371518 4.521722 -0.210520
v 0.174291 4.533023 -0.136858
v 0.376160 4.584459 -0.305182
v 1.364290 3.512822 -1.671488
v 1.268495 3.428774 -1.802357
v 1.278355 3.436492 -1.814493
v 1.373991 3.521364 -1.683303
v -0.002593 4.559697 -0.288698
v -0.016869 4.498123 -0.081306
v -0.018231 4.515247 -0.078823
v -0.003161 4.576860 -0.286223
v 1.268495 3.428774 -1.802357
v 1.131935 3.547864 -1.870952
v 1.140455 3.555686 -1.884207
v 1.278355 3.436492 -1.814493
v 0.250809 4.538499 -1.228463
v 0.154888 4.640409 -0.989141
v 0.152318 4.657368 -0.995416
v 0.248740 4.553871 -1.238510
v 0.496325 4.442068 -1.372692
v 0.402236 4.355516 -1.461161
v 0.400594 4.369546 -1.473105
v 0.496097 4.456402 -1.384375
v 0.402236 4.355516 -1.461161
v 0.400594 4.369546 -1.473105
v 0.515744 4.304636 -1.544706
v 0.496325 4.442068 -1.372692
v 0.496097 4.456402 -1.384375
v 0.517109 4.318401 -1.556877
v 0.587811 4.116543 -1.723410
v 0.520441 4.211310 -1.639611
v 0.522105 4.224655 -1.652171
v 0.590718 4.128961 -1.736545
v 0.775557 4.038781 -1.716006
v 0.715007 3.983054 -1.779316
v 0.718678 3.994426 -1.793046
v 0.779035 4.050218 -1.729769
v 0.715007 3.983054 -1.779316
v 0.718678 3.994426 -1.793046
v 0.843051 3.848653 -1.835593
v 0.808227 3.885212 -1.820294
v 0.811384 3.896485 -1.834278
v 0.846397 3.859084 -1.850097
v 0.779035 4.050218 -1.729769
v 0.779035 4.050218 -1.729769
v 0.808227 3.885212 -1.820294
v 0.808227 3.885212 -1.820294
v 0.808227 3.885212 -1.820294
v 0.775557 4.038781 -1.716006
v 0.937577 3.740152 -1.861029
v 0.941892 3.748806 -1.876195
v 0.181128 4.638601 -0.792028
v 0.174753 4.655065 -0.793507
v 0.025268 4.573943 -0.507772
v 0.019497 4.590650 -0.509346
v 0.104403 4.612720 -0.785085
v 0.099249 4.629645 -0.786251
v 0.181128 4.638601 -0.792028
v 0.104403 4.612720 -0.785085
v 0.099249 4.629645 -0.786251
v 0.174753 4.655065 -0.793507
v 1.385764 3.601699 -1.553119
v 1.399196 3.608682 -1.560781
v 1.340366 3.799754 -1.470476
v 1.353639 3.808380 -1.476697
v 1.402373 3.764298 -1.355437
v 1.402331 3.721699 -1.403650
v 1.415947 3.729313 -1.410256
v 1.416205 3.771156 -1.362316
v 1.402331 3.721699 -1.403650
v 1.370686 3.782422 -1.414229
v 1.383562 3.791142 -1.421296
v 1.415947 3.729313 -1.410256
v 1.422727 3.856954 -1.226798
v 1.434405 3.867482 -1.234005
v 1.312842 3.866749 -1.423219
v 1.325528 3.876748 -1.428819
v 1.312842 3.866749 -1.423219
v 1.325528 3.876748 -1.428819
v 1.336700 4.015296 -1.096425
v 1.348317 4.026945 -1.101598
v 1.251360 4.172039 -0.893312
v 1.307081 4.084846 -0.977381
v 1.318867 4.096692 -0.981271
v 1.262702 4.184560 -0.896282
v 1.307081 4.084846 -0.977381
v 1.195789 4.201037 -1.036672
v 1.207653 4.212681 -1.040966
v 1.318867 4.096692 -0.981271
v 1.195789 4.201037 -1.036672
v 1.207653 4.212681 -1.040966
v 1.051167 4.365693 -0.667946
v 1.062656 4.378177 -0.668156
v 0.933763 4.489907 -0.676942
v 0.944907 4.502746 -0.677202
v 0.827031 4.570534 -0.668230
v 0.836648 4.583880 -0.664624
v 0.747611 4.491240 -0.426728
v 0.900012 4.450655 -0.534415
v 0.908006 4.464055 -0.528333
v 0.756100 4.502852 -0.418440
v 0.900012 4.450655 -0.534415
v 0.827031 4.570534 -0.668230
v 0.836648 4.583880 -0.664624
v 0.908006 4.464055 -0.528333
v 0.568648 4.497209 -0.328804
v 0.574785 4.508760 -0.318645
v 0.488338 4.617811 -0.358045
v 0.568648 4.497209 -0.328804
v 0.574785 4.508760 -0.318645
v 0.490611 4.633103 -0.351311
v 0.379977 4.604790 -0.371339
v 0.379882 4.621462 -0.367248
v -0.016869 4.498123 -0.081306
v 0.174291 4.533023 -0.136858
v 0.172952 4.550176 -0.134490
v -0.018231 4.515247 -0.078823
v 0.414425 4.594217 -0.337095
v 0.379977 4.604790 -0.371339
v 0.379882 4.621462 -0.367248
v 0.416347 4.610156 -0.331566
v 0.371518 4.521722 -0.210520
v 0.376133 4.535376 -0.202113
v 0.500610 4.555515 -0.274161
v 0.506751 4.568329 -0.265513
v 0.500610 4.555515 -0.274161
v 0.506751 4.568329 -0.265513
v 0.348436 4.691642 -0.548399
v 0.243260 4.687772 -0.696081
v 0.174753 4.655065 -0.793507
v 0.400594 4.369546 -1.473105
v 1.348317 4.026945 -1.101598
v 0.522105 4.224655 -1.652171
v 0.779035 4.050218 -1.729769
v 1.434405 3.867482 -1.234005
v 0.718678 3.994426 -1.793046
v 0.414425 4.594217 -0.337095
v 0.500610 4.555515 -0.274161
v -0.016869 4.498123 -0.081306
v -0.002593 4.559697 -0.288698
v 0.900012 4.450655 -0.534415
v 1.336700 4.015296 -1.096425
v 1.422727 3.856954 -1.226798
v 0.587811 4.116543 -1.723410
v 0.715007 3.983054 -1.779316
v 0.775557 4.038781 -1.716006
v 1.138178 4.634628 -0.058912
v 0.806219 4.719733 -0.021127
v 0.815997 4.573250 0.207905
v 1.138287 4.501839 0.158480
v 1.580747 4.328542 -0.166433
v 1.580500 4.204932 0.070593
v 1.808595 4.115180 -0.238219
v 1.807016 4.004426 -0.002791
v 2.089282 3.749648 -0.161658
v 2.097584 3.825194 -0.334715
v 2.012247 3.910833 -0.306219
v 2.014519 3.817128 -0.119583
v 2.304567 3.413391 -0.463651
v 2.268474 3.459213 -0.290288
v 0.500742 4.636280 -0.033053
v 0.534931 4.676284 -0.192218
v 0.151231 4.583088 -0.154209
v -0.001056 4.499185 -0.052635
v 1.093482 4.676084 -0.301584
v 0.775088 4.734605 -0.215998
v 1.533545 4.390339 -0.419831
v 1.761125 4.185972 -0.483670
v 2.055580 3.882199 -0.511535
v 1.982098 3.957999 -0.504588
v 2.241498 3.566443 -0.576528
v 1.018329 4.633821 -0.566906
v 0.762148 4.722290 -0.459537
v 1.311962 4.507724 -0.502131
v 1.467669 4.391901 -0.629797
v 1.672406 4.216295 -0.736902
v 1.969715 3.916764 -0.690995
v 1.928746 3.958170 -0.696993
v 2.070182 3.793538 -0.666213
v 0.326042 4.621030 -0.272447
v 0.577280 4.678843 -0.375781
v 2.070655 3.715240 -0.102099
v 2.187909 3.522895 -0.173080
v 2.054366 3.685123 -0.050375
v 2.037786 3.651343 0.004836
v 2.077137 3.617019 -0.036006
v 2.007855 3.781141 -0.075094
v 1.542990 4.023442 0.289650
v 1.654898 3.937705 0.255033
v 1.604107 4.080913 0.167031
v 1.119561 4.368807 0.276437
v 1.212456 4.222561 0.335548
v 1.023202 4.468071 0.226325
v 0.798549 4.373596 0.299053
v 0.990912 4.319278 0.331719
v 0.544524 4.545533 0.180754
v 0.596387 4.403274 0.230066
v 0.171505 4.501404 0.061596
v 0.479977 4.535798 0.132779
v 0.478145 4.558885 0.086957
v 0.367302 4.454424 0.164185
v 0.502305 4.468086 0.228871
v 0.816728 4.560914 0.196167
v 0.807389 4.702596 -0.025713
v 1.132110 4.619263 -0.063250
v 1.132202 4.489434 0.148967
v 1.570797 4.315557 -0.169952
v 1.570888 4.193780 0.062871
v 1.797295 4.103360 -0.241261
v 1.795777 3.994215 -0.009412
v 2.075904 3.742006 -0.167674
v 1.996900 3.813131 -0.123039
v 1.984505 3.915712 -0.303796
v 2.084158 3.815839 -0.337080
v 2.289723 3.406311 -0.465343
v 2.254084 3.451335 -0.292267
v 0.777246 4.716619 -0.215554
v 0.410931 4.594048 -0.041476
v 0.353942 4.614488 -0.177593
v 1.089145 4.659245 -0.300055
v 1.524688 4.375959 -0.418884
v 1.750394 4.173188 -0.482673
v 2.043096 3.871411 -0.509851
v 1.956762 3.960418 -0.501836
v 2.226827 3.558848 -0.576574
v 0.761542 4.704466 -0.458190
v 1.014462 4.617154 -0.563166
v 1.312198 4.438881 -0.644644
v 1.305469 4.492233 -0.498467
v 1.459627 4.377209 -0.626829
v 1.542483 4.297969 -0.706626
v 1.958165 3.905413 -0.687168
v 1.917813 3.946020 -0.693572
v 1.917813 3.946020 -0.693572
v 2.057264 3.784023 -0.662207
v 0.638948 4.671590 -0.317228
v 0.331066 4.603408 -0.271627
v 0.582192 4.661198 -0.375720
v 2.173642 3.517853 -0.179976
v 2.057739 3.708757 -0.110197
v 2.063561 3.611535 -0.043844
v 2.023780 3.646604 -0.002794
v 2.041134 3.678371 -0.057681
v 1.995964 3.773266 -0.083501
v 1.593942 4.071450 0.157993
v 1.645104 3.928104 0.245750
v 1.534250 4.013201 0.279943
v 1.552492 4.103116 0.171861
v 1.112963 4.358561 0.265106
v 1.205587 4.212756 0.324036
v 1.020523 4.457532 0.213589
v 0.600705 4.394630 0.216262
v 0.549589 4.532006 0.170927
v 0.799851 4.365114 0.284684
v 0.483179 4.543198 0.080146
v 0.371692 4.443195 0.152041
v 0.176253 4.484776 0.056625
v 0.435382 4.515581 0.113081
v 2.254084 3.451335 -0.292267
v 2.289723 3.406311 -0.465343
v 2.304567 3.413391 -0.463651
v 2.268474 3.459213 -0.290288
v 0.155501 4.566612 -0.159795
v 0.003790 4.482585 -0.057656
v -0.001056 4.499185 -0.052635
v 0.151231 4.583088 -0.154209
v 2.289723 3.406311 -0.465343
v 2.226827 3.558848 -0.576574
v 2.241498 3.566443 -0.576528
v 2.304567 3.413391 -0.463651
v 1.014462 4.617154 -0.563166
v 0.761542 4.704466 -0.458190
v 0.762148 4.722290 -0.459537
v 1.018329 4.633821 -0.566906
v 1.305469 4.492233 -0.498467
v 1.312198 4.438881 -0.644644
v 1.317898 4.454419 -0.649597
v 1.311962 4.507724 -0.502131
v 1.312198 4.438881 -0.644644
v 1.317898 4.454419 -0.649597
v 1.459627 4.377209 -0.626829
v 1.305469 4.492233 -0.498467
v 1.311962 4.507724 -0.502131
v 1.467669 4.391901 -0.629797
v 1.662398 4.203102 -0.734120
v 1.542483 4.297969 -0.706626
v 1.551071 4.312251 -0.709709
v 1.672406 4.216295 -0.736902
v 1.800885 4.088279 -0.612673
v 1.809781 4.054766 -0.710717
v 1.820913 4.066862 -0.713586
v 1.811873 4.100480 -0.615689
v 1.809781 4.054766 -0.710717
v 1.820913 4.066862 -0.713586
v 1.958165 3.905413 -0.687168
v 1.917813 3.946020 -0.693572
v 1.928746 3.958170 -0.696993
v 1.969715 3.916764 -0.690995
v 1.811873 4.100480 -0.615689
v 1.811873 4.100480 -0.615689
v 1.917813 3.946020 -0.693572
v 1.917813 3.946020 -0.693572
v 1.917813 3.946020 -0.693572
v 1.800885 4.088279 -0.612673
v 2.057264 3.784023 -0.662207
v 2.070182 3.793538 -0.666213
v 0.638948 4.671590 -0.317228
v 0.633444 4.689084 -0.318512
v 0.331066 4.603408 -0.271627
v 0.326042 4.621030 -0.272447
v 0.582192 4.661198 -0.375720
v 0.577280 4.678843 -0.375781
v 0.638948 4.671590 -0.317228
v 0.582192 4.661198 -0.375720
v 0.577280 4.678843 -0.375781
v 0.633444 4.689084 -0.318512
v 2.173642 3.517853 -0.179976
v 2.187909 3.522895 -0.173080
v 2.057739 3.708757 -0.110197
v 2.070655 3.715240 -0.102099
v 2.023780 3.646604 -0.002794
v 2.063561 3.611535 -0.043844
v 2.077137 3.617019 -0.036006
v 2.037786 3.651343 0.004836
v 2.063561 3.611535 -0.043844
v 2.041134 3.678371 -0.057681
v 2.054366 3.685123 -0.050375
v 2.077137 3.617019 -0.036006
v 1.934702 3.715678 0.116049
v 1.946958 3.724456 0.122847
v 1.995964 3.773266 -0.083501
v 2.007855 3.781141 -0.075094
v 1.995964 3.773266 -0.083501
v 2.007855 3.781141 -0.075094
v 1.760263 3.870039 0.175395
v 1.770874 3.879660 0.183707
v 1.534250 4.013201 0.279943
v 1.645104 3.928104 0.245750
v 1.654898 3.937705 0.255033
v 1.542990 4.023442 0.289650
v 1.645104 3.928104 0.245750
v 1.593942 4.071450 0.157993
v 1.604107 4.080913 0.167031
v 1.654898 3.937705 0.255033
v 1.593942 4.071450 0.157993
v 1.604107 4.080913 0.167031
v 1.205587 4.212756 0.324036
v 1.212456 4.222561 0.335548
v 1.112963 4.358561 0.265106
v 1.119561 4.368807 0.276437
v 1.020523 4.457532 0.213589
v 1.023202 4.468071 0.226325
v 0.799851 4.365114 0.284684
v 0.991194 4.308683 0.318633
v 0.990912 4.319278 0.331719
v 0.798549 4.373596 0.299053
v 0.991194 4.308683 0.318633
v 1.020523 4.457532 0.213589
v 1.023202 4.468071 0.226325
v 0.990912 4.319278 0.331719
v 0.600705 4.394630 0.216262
v 0.596387 4.403274 0.230066
v 0.549589 4.532006 0.170927
v 0.600705 4.394630 0.216262
v 0.596387 4.403274 0.230066
v 0.544524 4.545533 0.180754
v 0.483179 4.543198 0.080146
v 0.478145 4.558885 0.086957
v 0.003790 4.482585 -0.057656
v 0.176253 4.484776 0.056625
v 0.171505 4.501404 0.061596
v -0.001056 4.499185 -0.052635
v 0.484503 4.521414 0.123788
v 0.483179 4.543198 0.080146
v 0.478145 4.558885 0.086957
v 0.479977 4.535798 0.132779
v 0.371692 4.443195 0.152041
v 0.367302 4.454424 0.164185
v 0.505671 4.458019 0.215674
v 0.502305 4.468086 0.228871
v 0.505671 4.458019 0.215674
v 0.502305 4.468086 0.228871
v 0.577240 4.657174 -0.030061
v 0.608528 4.694154 -0.199498
v 0.633444 4.689084 -0.318512
v 1.317898 4.454419 -0.649597
v 1.770874 3.879660 0.183707
v 1.551071 4.312251 -0.709709
v 1.811873 4.100480 -0.615689
v 1.946958 3.724456 0.122847
v 1.820913 4.066862 -0.713586
v 0.484503 4.521414 0.123788
v 0.505671 4.458019 0.215674
v 0.003790 4.482585 -0.057656
v 0.155501 4.566612 -0.159795
v 0.991194 4.308683 0.318633
v 1.760263 3.870039 0.175395
v 1.934702 3.715678 0.116049
v 1.662398 4.203102 -0.734120
v 1.809781 4.054766 -0.710717
v 1.800885 4.088279 -0.612673
v 0.801063 4.250655 0.504545
v 0.598422 4.445491 0.390925
v 0.439807 4.388169 0.548125
v 0.646851 4.204218 0.650254
v 1.027798 3.838212 0.593630
v 0.867235 3.803065 0.754565
v 1.131900 3.581698 0.621519
v 0.976005 3.555992 0.782041
v 1.142353 3.229095 0.766218
v 1.259431 3.241079 0.650838
v 1.221769 3.341652 0.642180
v 1.098298 3.315681 0.770409
v 1.304417 2.835499 0.606273
v 1.213905 2.921966 0.722150
v 0.374869 4.496888 0.234967
v 0.488930 4.476573 0.137753
v 0.186743 4.561710 -0.017999
v 0.007608 4.581308 -0.021249
v 0.904834 4.241838 0.310396
v 0.678053 4.423297 0.235230
v 1.142653 3.842627 0.392631
v 1.246040 3.594550 0.427181
v 1.338793 3.257612 0.507932
v 1.315655 3.341683 0.487782
v 1.374561 2.944196 0.510981
v 0.968882 4.178615 0.076955
v 0.783038 4.363415 0.049148
v 1.081824 3.991935 0.244205
v 1.202091 3.820361 0.208686
v 1.322211 3.591773 0.204146
v 1.382658 3.273729 0.340849
v 1.374223 3.317733 0.322266
v 1.390474 3.152447 0.391524
v 0.371628 4.496518 -0.021669
v 0.606295 4.420467 0.022339
v 1.088703 3.224799 0.797899
v 1.128291 3.025189 0.778500
v 1.041962 3.220957 0.825337
v 0.991975 3.215360 0.854808
v 1.024649 3.166362 0.838996
v 1.059136 3.302305 0.796264
v 0.669798 3.735830 0.879312
v 0.727655 3.623803 0.895501
v 0.790107 3.726443 0.822997
v 0.528462 4.141876 0.714351
v 0.506232 4.014614 0.784381
v 0.526731 4.238462 0.644392
v 0.310641 4.270944 0.586054
v 0.399790 4.166921 0.691449
v 0.266281 4.463712 0.402278
v 0.223600 4.352486 0.446940
v 0.065270 4.544367 0.141081
v 0.243974 4.469887 0.336761
v 0.273498 4.476805 0.304702
v 0.125491 4.460388 0.300179
v 0.186954 4.434461 0.410310
v 0.441413 4.376274 0.538533
v 0.595085 4.431590 0.386280
v 0.793551 4.240796 0.496977
v 0.642917 4.195325 0.639198
v 1.018249 3.831738 0.585164
v 0.860622 3.796819 0.743355
v 1.121680 3.576674 0.612912
v 0.968125 3.551292 0.771014
v 1.133737 3.227208 0.754938
v 1.087035 3.318612 0.759473
v 1.204382 3.356155 0.631910
v 1.248403 3.238790 0.642035
v 1.292969 2.835556 0.597568
v 1.202607 2.921219 0.713347
v 0.672614 4.409549 0.234640
v 0.304990 4.498059 0.183628
v 0.341408 4.503056 0.059972
v 0.895063 4.231618 0.307765
v 1.131134 3.835751 0.387784
v 1.233876 3.589540 0.421694
v 1.325891 3.254850 0.502377
v 1.298749 3.353584 0.478576
v 1.362248 2.944193 0.503503
v 0.775415 4.351035 0.047979
v 0.958408 4.168839 0.076180
v 1.125579 3.909312 0.132318
v 1.070104 3.983987 0.242319
v 1.190006 3.813416 0.205663
v 1.253249 3.706627 0.176181
v 1.369113 3.270723 0.337228
v 1.360975 3.313820 0.318549
v 1.360975 3.313820 0.318549
v 1.376623 3.151318 0.387610
v 0.615329 4.405509 0.092532
v 0.367979 4.482053 -0.020645
v 0.602937 4.405869 0.022741
v 1.120485 3.025318 0.766445
v 1.081827 3.223105 0.785413
v 1.017596 3.165677 0.826504
v 0.984819 3.215428 0.842362
v 1.034393 3.219342 0.813255
v 1.052565 3.299143 0.783873
v 0.784387 3.721322 0.810743
v 0.722234 3.618378 0.883222
v 0.665031 3.729467 0.867136
v 0.762421 3.762995 0.805500
v 0.525878 4.134332 0.701952
v 0.503731 4.007437 0.771770
v 0.527278 4.228910 0.632707
v 0.229902 4.341444 0.437831
v 0.269345 4.449769 0.395917
v 0.315304 4.261037 0.575196
v 0.274273 4.461981 0.300317
v 0.130090 4.447824 0.292047
v 0.064612 4.529404 0.137817
v 0.217071 4.467453 0.299950
v 1.202607 2.921219 0.713347
v 1.292969 2.835556 0.597568
v 1.304417 2.835499 0.606273
v 1.213905 2.921966 0.722150
v 0.186141 4.546896 -0.021921
v 0.007064 4.566329 -0.024494
v 0.007608 4.581308 -0.021249
v 0.186743 4.561710 -0.017999
v 1.292969 2.835556 0.597568
v 1.362248 2.944193 0.503503
v 1.374561 2.944196 0.510981
v 1.304417 2.835499 0.606273
v 0.958408 4.168839 0.076180
v 0.775415 4.351035 0.047979
v 0.783038 4.363415 0.049148
v 0.968882 4.178615 0.076955
v 1.070104 3.983987 0.242319
v 1.125579 3.909312 0.132318
v 1.137411 3.917292 0.132918
v 1.081824 3.991935 0.244205
v 1.125579 3.909312 0.132318
v 1.137411 3.917292 0.132918
v 1.190006 3.813416 0.205663
v 1.070104 3.983987 0.242319
v 1.081824 3.991935 0.244205
v 1.202091 3.820361 0.208686
v 1.309488 3.586601 0.200272
v 1.253249 3.706627 0.176181
v 1.265605 3.713035 0.179314
v 1.322211 3.591773 0.204146
v 1.298301 3.479290 0.340070
v 1.339199 3.429201 0.268524
v 1.352279 3.433136 0.272735
v 1.311406 3.483322 0.344114
v 1.339199 3.429201 0.268524
v 1.352279 3.433136 0.272735
v 1.369113 3.270723 0.337228
v 1.360975 3.313820 0.318549
v 1.374223 3.317733 0.322266
v 1.382658 3.273729 0.340849
v 1.311406 3.483322 0.344114
v 1.311406 3.483322 0.344114
v 1.360975 3.313820 0.318549
v 1.360975 3.313820 0.318549
v 1.360975 3.313820 0.318549
v 1.298301 3.479290 0.340070
v 1.376623 3.151318 0.387610
v 1.390474 3.152447 0.391524
v 0.615329 4.405509 0.092532
v 0.618833 4.419954 0.090946
v 0.367979 4.482053 -0.020645
v 0.371628 4.496518 -0.021669
v 0.602937 4.405869 0.022741
v 0.606295 4.420467 0.022339
v 0.615329 4.405509 0.092532
v 0.602937 4.405869 0.022741
v 0.606295 4.420467 0.022339
v 0.618833 4.419954 0.090946
v 1.120485 3.025318 0.766445
v 1.128291 3.025189 0.778500
v 1.081827 3.223105 0.785413
v 1.088703 3.224799 0.797899
v 0.984819 3.215428 0.842362
v 1.017596 3.165677 0.826504
v 1.024649 3.166362 0.838996
v 0.991975 3.215360 0.854808
v 1.017596 3.165677 0.826504
v 1.034393 3.219342 0.813255
v 1.041962 3.220957 0.825337
v 1.024649 3.166362 0.838996
v 0.894872 3.326113 0.896634
v 0.902771 3.329448 0.908110
v 1.052565 3.299143 0.783873
v 1.059136 3.302305 0.796264
v 1.052565 3.299143 0.783873
v 1.059136 3.302305 0.796264
v 0.809725 3.516994 0.877552
v 0.816144 3.521887 0.889489
v 0.665031 3.729467 0.867136
v 0.722234 3.618378 0.883222
v 0.727655 3.623803 0.895501
v 0.669798 3.735830 0.879312
v 0.722234 3.618378 0.883222
v 0.784387 3.721322 0.810743
v 0.790107 3.726443 0.822997
v 0.727655 3.623803 0.895501
v 0.784387 3.721322 0.810743
v 0.790107 3.726443 0.822997
v 0.503731 4.007437 0.771770
v 0.506232 4.014614 0.784381
v 0.525878 4.134332 0.701952
v 0.528462 4.141876 0.714351
v 0.527278 4.228910 0.632707
v 0.526731 4.238462 0.644392
v 0.315304 4.261037 0.575196
v 0.402411 4.156140 0.680834
v 0.399790 4.166921 0.691449
v 0.310641 4.270944 0.586054
v 0.402411 4.156140 0.680834
v 0.527278 4.228910 0.632707
v 0.526731 4.238462 0.644392
v 0.399790 4.166921 0.691449
v 0.229902 4.341444 0.437831
v 0.223600 4.352486 0.446940
v 0.269345 4.449769 0.395917
v 0.229902 4.341444 0.437831
v 0.223600 4.352486 0.446940
v 0.266281 4.463712 0.402278
v 0.274273 4.461981 0.300317
v 0.273498 4.476805 0.304702
v 0.007064 4.566329 -0.024494
v 0.064612 4.529404 0.137817
v 0.065270 4.544367 0.141081
v 0.007608 4.581308 -0.021249
v 0.245965 4.455701 0.330672
v 0.274273 4.461981 0.300317
v 0.273498 4.476805 0.304702
v 0.243974 4.469887 0.336761
v 0.130090 4.447824 0.292047
v 0.125491 4.460388 0.300179
v 0.191821 4.422882 0.401067
v 0.186954 4.434461 0.410310
v 0.191821 4.422882 0.401067
v 0.186954 4.434461 0.410310
v 0.430836 4.484025 0.274018
v 0.546879 4.460250 0.167624
v 0.618833 4.419954 0.090946
v 1.137411 3.917292 0.132918
v 0.816144 3.521887 0.889489
v 1.265605 3.713035 0.179314
v 1.311406 3.483322 0.344114
v 0.902771 3.329448 0.908110
v 1.352279 3.433136 0.272735
v 0.245965 4.455701 0.330672
v 0.191821 4.422882 0.401067
v 0.007064 4.566329 -0.024494
v 0.186141 4.546896 -0.021921
v 0.402411 4.156140 0.680834
v 0.809725 3.516994 0.877552
v 0.894872 3.326113 0.896634
v 1.309488 3.586601 0.200272
v 1.339199 3.429201 0.268524
v 1.298301 3.479290 0.340070
v -0.018648 4.449195 0.859909
v -0.006598 4.568782 0.620318
v -0.209479 4.534785 0.596553
v -0.209148 4.422780 0.831403
v -0.041559 4.128134 1.148447
v -0.243926 4.115078 1.120662
v -0.055413 3.916082 1.288070
v -0.253336 3.912197 1.261490
v -0.217538 3.633403 1.438050
v -0.073893 3.630980 1.462034
v -0.068439 3.715174 1.410653
v -0.227018 3.707248 1.391290
v -0.094905 3.255746 1.553911
v -0.206909 3.351889 1.529208
v -0.002213 4.543514 0.373908
v 0.121079 4.515913 0.411217
v 0.091170 4.510346 0.102140
v 0.005004 4.502000 -0.030908
v 0.169718 4.405485 0.839759
v 0.139800 4.519394 0.604661
v 0.159802 4.096278 1.130139
v 0.142442 3.893554 1.270836
v 0.070576 3.620232 1.444671
v 0.088513 3.688431 1.401300
v 0.028474 3.340130 1.534882
v 0.355176 4.296281 0.782931
v 0.313601 4.431344 0.599671
v 0.260778 4.185373 0.983493
v 0.315675 4.036643 1.086195
v 0.338074 3.843934 1.215580
v 0.213729 3.597797 1.390219
v 0.230658 3.631912 1.366161
v 0.159501 3.501397 1.445258
v 0.176694 4.476104 0.245070
v 0.252211 4.451399 0.449140
v -0.268207 3.630110 1.416354
v -0.271373 3.448559 1.475244
v -0.312282 3.627092 1.397394
v -0.359761 3.622541 1.377507
v -0.340953 3.578367 1.402836
v -0.267835 3.696193 1.378869
v -0.445759 4.058141 1.055251
v -0.448271 3.968317 1.127030
v -0.346012 4.051996 1.114985
v -0.326736 4.365768 0.791343
v -0.411146 4.264678 0.835756
v -0.260396 4.435487 0.736109
v -0.324411 4.419372 0.546984
v -0.372117 4.364434 0.683423
v -0.181975 4.541265 0.385853
v -0.256058 4.445326 0.399957
v -0.086481 4.518594 0.097665
v -0.146186 4.526728 0.336407
v -0.107157 4.528904 0.340213
v -0.183130 4.491790 0.235964
v -0.233854 4.505417 0.339265
v -0.204105 4.521676 0.595360
v -0.007629 4.554405 0.618455
v -0.019020 4.437184 0.852808
v -0.205030 4.411257 0.824951
v -0.041706 4.118680 1.138778
v -0.240603 4.105528 1.111689
v -0.055553 3.907813 1.277548
v -0.250501 3.903923 1.251379
v -0.214369 3.627527 1.426728
v -0.224556 3.705475 1.377284
v -0.067448 3.723278 1.390285
v -0.073789 3.625037 1.450305
v -0.094652 3.251917 1.541454
v -0.206651 3.347308 1.516975
v 0.134852 4.505936 0.603269
v -0.001781 4.521348 0.298603
v 0.104906 4.498973 0.262520
v 0.164647 4.394082 0.833576
v 0.155997 4.087114 1.120938
v 0.139122 3.885831 1.260472
v 0.067339 3.614450 1.433304
v 0.088518 3.694503 1.382334
v 0.027404 3.336437 1.522436
v 0.308201 4.418669 0.596154
v 0.348516 4.285684 0.777083
v 0.346645 4.087157 0.976117
v 0.254607 4.175976 0.975835
v 0.310294 4.027807 1.077502
v 0.343679 3.931704 1.129528
v 0.208745 3.592188 1.379400
v 0.225747 3.625516 1.355687
v 0.225747 3.625516 1.355687
v 0.154923 3.497382 1.433688
v 0.204679 4.457242 0.493220
v 0.171400 4.462661 0.245897
v 0.247490 4.437705 0.449897
v -0.266880 3.444427 1.463721
v -0.263279 3.624338 1.405655
v -0.335925 3.573512 1.391799
v -0.354668 3.618371 1.366243
v -0.307967 3.621413 1.386382
v -0.263084 3.689161 1.368726
v -0.341292 4.043340 1.105910
v -0.443422 3.959419 1.118206
v -0.440829 4.048488 1.047152
v -0.341139 4.076886 1.079283
v -0.320739 4.355309 0.784919
v -0.404896 4.254514 0.829205
v -0.253671 4.423821 0.732660
v -0.248467 4.433779 0.402180
v -0.178517 4.527324 0.387716
v -0.316214 4.408162 0.546954
v -0.106431 4.514365 0.341597
v -0.177378 4.478858 0.237761
v -0.087302 4.503993 0.098612
v -0.134558 4.511147 0.299596
v -0.206651 3.347308 1.516975
v -0.094652 3.251917 1.541454
v -0.094905 3.255746 1.553911
v -0.206909 3.351889 1.529208
v 0.090875 4.495715 0.102773
v 0.004218 4.487408 -0.029869
v 0.005004 4.502000 -0.030908
v 0.091170 4.510346 0.102140
v -0.094652 3.251917 1.541454
v 0.027404 3.336437 1.522436
v 0.028474 3.340130 1.534882
v -0.094905 3.255746 1.553911
v 0.348516 4.285684 0.777083
v 0.308201 4.418669 0.596154
v 0.313601 4.431344 0.599671
v 0.355176 4.296281 0.782931
v 0.254607 4.175976 0.975835
v 0.346645 4.087157 0.976117
v 0.353797 4.096261 0.983222
v 0.260778 4.185373 0.983493
v 0.346645 4.087157 0.976117
v 0.353797 4.096261 0.983222
v 0.310294 4.027807 1.077502
v 0.254607 4.175976 0.975835
v 0.260778 4.185373 0.983493
v 0.315675 4.036643 1.086195
v 0.333304 3.836411 1.205645
v 0.343679 3.931704 1.129528
v 0.349020 3.940102 1.138560
v 0.338074 3.843934 1.215580
v 0.209180 3.773191 1.288311
v 0.271244 3.714715 1.292228
v 0.275735 3.721250 1.302826
v 0.213820 3.779782 1.298822
v 0.271244 3.714715 1.292228
v 0.275735 3.721250 1.302826
v 0.208745 3.592188 1.379400
v 0.225747 3.625516 1.355687
v 0.230658 3.631912 1.366161
v 0.213729 3.597797 1.390219
v 0.213820 3.779782 1.298822
v 0.213820 3.779782 1.298822
v 0.225747 3.625516 1.355687
v 0.225747 3.625516 1.355687
v 0.225747 3.625516 1.355687
v 0.209180 3.773191 1.288311
v 0.154923 3.497382 1.433688
v 0.159501 3.501397 1.445258
v 0.204679 4.457242 0.493220
v 0.210284 4.470504 0.492008
v 0.171400 4.462661 0.245897
v 0.176694 4.476104 0.245070
v 0.247490 4.437705 0.449897
v 0.252211 4.451399 0.449140
v 0.204679 4.457242 0.493220
v 0.247490 4.437705 0.449897
v 0.252211 4.451399 0.449140
v 0.210284 4.470504 0.492008
v -0.266880 3.444427 1.463721
v -0.271373 3.448559 1.475244
v -0.263279 3.624338 1.405655
v -0.268207 3.630110 1.416354
v -0.354668 3.618371 1.366243
v -0.335925 3.573512 1.391799
v -0.340953 3.578367 1.402836
v -0.359761 3.622541 1.377507
v -0.335925 3.573512 1.391799
v -0.307967 3.621413 1.386382
v -0.312282 3.627092 1.397394
v -0.340953 3.578367 1.402836
v -0.418506 3.720703 1.306667
v -0.421913 3.727831 1.317281
v -0.263084 3.689161 1.368726
v -0.267835 3.696193 1.378869
v -0.263084 3.689161 1.368726
v -0.267835 3.696193 1.378869
v -0.413326 3.877831 1.198130
v -0.417510 3.886315 1.207597
v -0.440829 4.048488 1.047152
v -0.443422 3.959419 1.118206
v -0.448271 3.968317 1.127030
v -0.445759 4.058141 1.055251
v -0.443422 3.959419 1.118206
v -0.341292 4.043340 1.105910
v -0.346012 4.051996 1.114985
v -0.448271 3.968317 1.127030
v -0.341292 4.043340 1.105910
v -0.346012 4.051996 1.114985
v -0.404896 4.254514 0.829205
v -0.411146 4.264678 0.835756
v -0.320739 4.355309 0.784919
v -0.326736 4.365768 0.791343
v -0.253671 4.423821 0.732660
v -0.260396 4.435487 0.736109
v -0.316214 4.408162 0.546954
v -0.365300 4.352212 0.682223
v -0.372117 4.364434 0.683423
v -0.324411 4.419372 0.546984
v -0.365300 4.352212 0.682223
v -0.253671 4.423821 0.732660
v -0.260396 4.435487 0.736109
v -0.372117 4.364434 0.683423
v -0.248467 4.433779 0.402180
v -0.256058 4.445326 0.399957
v -0.178517 4.527324 0.387716
v -0.248467 4.433779 0.402180
v -0.256058 4.445326 0.399957
v -0.181975 4.541265 0.385853
v -0.106431 4.514365 0.341597
v -0.107157 4.528904 0.340213
v 0.004218 4.487408 -0.029869
v -0.087302 4.503993 0.098612
v -0.086481 4.518594 0.097665
v 0.005004 4.502000 -0.030908
v -0.143517 4.512498 0.337688
v -0.106431 4.514365 0.341597
v -0.107157 4.528904 0.340213
v -0.146186 4.526728 0.336407
v -0.177378 4.478858 0.237761
v -0.183130 4.491790 0.235964
v -0.227014 4.493152 0.340508
v -0.233854 4.505417 0.339265
v -0.227014 4.493152 0.340508
v -0.233854 4.505417 0.339265
v -0.003312 4.549840 0.435608
v 0.126815 4.516982 0.470505
v 0.210284 4.470504 0.492008
v 0.353797 4.096261 0.983222
v -0.417510 3.886315 1.207597
v 0.349020 3.940102 1.138560
v 0.213820 3.779782 1.298822
v -0.421913 3.727831 1.317281
v 0.275735 3.721250 1.302826
v -0.143517 4.512498 0.337688
v -0.227014 4.493152 0.340508
v 0.004218 4.487408 -0.029869
v 0.090875 4.495715 0.102773
v -0.365300 4.352212 0.682223
v -0.413326 3.877831 1.198130
v -0.418506 3.720703 1.306667
v 0.333304 3.836411 1.205645
v 0.271244 3.714715 1.292228
v 0.209180 3.773191 1.288311
v -0.278964 4.247726 -0.209505
v -0.278459 4.391160 -0.153259
v -0.212864 4.372823 -0.159988
v -0.164186 4.319598 -0.169195
v -0.145481 4.245726 -0.178440
v -0.161745 4.171031 -0.185216
v -0.208634 4.115496 -0.187732
v -0.273576 4.094026 -0.185300
v -0.339171 4.112363 -0.178571
v -0.387848 4.165605 -0.169348
v -0.406570 4.239459 -0.160117
v -0.390289 4.314172 -0.153327
v -0.343400 4.369689 -0.150827
v -0.278459 4.391160 -0.153259
v -0.272196 4.485891 -0.031619
v -0.158577 4.454137 -0.043258
v -0.212864 4.372823 -0.159988
v -0.074261 4.361928 -0.059234
v -0.164186 4.319598 -0.169195
v -0.041865 4.233992 -0.075231
v -0.145481 4.245726 -0.178440
v -0.070031 4.104601 -0.086978
v -0.161745 4.171031 -0.185216
v -0.151253 4.008437 -0.091320
v -0.208634 4.115496 -0.187732
v -0.263738 3.971238 -0.087108
v -0.273576 4.094026 -0.185300
v -0.377356 4.003010 -0.075452
v -0.339171 4.112363 -0.178571
v -0.339171 4.112363 -0.178571
v -0.377356 4.003010 -0.075452
v -0.461673 4.095201 -0.059493
v -0.387848 4.165605 -0.169348
v -0.494085 4.223138 -0.043495
v -0.406570 4.239459 -0.160117
v -0.465902 4.352528 -0.031749
v -0.390289 4.314172 -0.153327
v -0.384680 4.448710 -0.027390
v -0.343400 4.369689 -0.150827
v -0.261853 4.506538 0.122819
v -0.130662 4.469863 0.109377
v -0.033309 4.363397 0.090947
v 0.004120 4.215670 0.072470
v -0.028426 4.066263 0.058905
v -0.122203 3.955210 0.053889
v -0.252086 3.912270 0.058752
v -0.383294 3.948944 0.072196
v -0.383294 3.948944 0.072196
v -0.480645 4.055409 0.090642
v -0.518059 4.203136 0.109117
v -0.485528 4.352543 0.122683
v -0.391751 4.463597 0.127700
v -0.250202 4.447569 0.268679
v -0.136584 4.415798 0.257024
v -0.052266 4.323606 0.241064
v -0.019871 4.195669 0.225067
v -0.048037 4.066279 0.213320
v -0.129258 3.970096 0.208978
v -0.241743 3.932916 0.213190
v -0.355361 3.964669 0.224846
v -0.355361 3.964669 0.224846
v -0.439679 4.056879 0.240805
v -0.472090 4.184815 0.256804
v -0.443908 4.314206 0.268550
v -0.362686 4.410371 0.272892
v -0.240363 4.324781 0.366871
v -0.174768 4.306445 0.360142
v -0.126092 4.253202 0.350919
v -0.107385 4.179348 0.341690
v -0.123650 4.104636 0.334899
v -0.170539 4.049118 0.332398
v -0.235480 4.027647 0.334830
v -0.301076 4.045985 0.341559
v -0.301076 4.045985 0.341559
v -0.349753 4.099209 0.350766
v -0.368474 4.173081 0.360013
v -0.352194 4.247776 0.366787
v -0.305305 4.303311 0.369303
v -0.234976 4.171082 0.391076
v -0.174768 4.306445 0.360142
v -0.240363 4.324781 0.366871
v -0.126092 4.253202 0.350919
v -0.107385 4.179348 0.341690
v -0.123650 4.104636 0.334899
v -0.170539 4.049118 0.332398
v -0.235480 4.027647 0.334830
v -0.301076 4.045985 0.341559
v -0.349753 4.099209 0.350766
v -0.368474 4.173081 0.360013
v -0.352194 4.247776 0.366787
v -0.305305 4.303311 0.369303
v -0.177197 4.842385 -1.235122
v -0.078731 4.860770 -0.909447
v 0.123119 4.703165 -0.962364
v 0.016737 4.697100 -1.276282
v -0.396957 4.640015 -1.649897
v -0.181973 4.501649 -1.695193
v -0.535609 4.484331 -1.857841
v -0.319920 4.358070 -1.901928
v -0.559540 4.180435 -2.145081
v -0.720067 4.268955 -2.119688
v -0.665590 4.332555 -2.042370
v -0.496072 4.227485 -2.080684
v -0.945238 3.926177 -2.286816
v -0.760450 3.947925 -2.288661
v -0.061172 4.728227 -0.593737
v -0.217417 4.786374 -0.596215
v -0.140825 4.626226 -0.211299
v -0.032298 4.510478 -0.075081
v -0.404973 4.895256 -1.139906
v -0.265365 4.886591 -0.837119
v -0.631674 4.712708 -1.550646
v -0.760906 4.564807 -1.760337
v -0.880283 4.331235 -2.041738
v -0.850497 4.389520 -1.971520
v -1.023140 4.070258 -2.204676
v -0.664743 4.865217 -1.005804
v -0.507347 4.894125 -0.771907
v -0.662722 4.792009 -1.312764
v -0.830568 4.721034 -1.439337
v -0.994793 4.600209 -1.617768
v -1.040621 4.364640 -1.917879
v -1.033970 4.397200 -1.876597
v -1.050524 4.263325 -2.020415
v -0.276687 4.703821 -0.365101
v -0.405239 4.812557 -0.600378
v -0.503454 4.139179 -2.137487
v -0.622205 3.983692 -2.234147
v -0.454748 4.103127 -2.130783
v -0.403163 4.063218 -2.124373
v -0.454939 4.041228 -2.154336
v -0.456895 4.188189 -2.081968
v 0.010884 4.303276 -1.696662
v -0.053438 4.244857 -1.799667
v -0.110020 4.379560 -1.734891
v 0.114551 4.557009 -1.277225
v 0.135995 4.429463 -1.378487
v 0.094787 4.638546 -1.172569
v 0.183156 4.502434 -0.956403
v 0.179451 4.482203 -1.156498
v 0.129958 4.630929 -0.680023
v 0.148129 4.500735 -0.737712
v 0.057094 4.533194 -0.274523
v 0.089853 4.614460 -0.603982
v 0.048418 4.640113 -0.593283
v 0.123529 4.514359 -0.493193
v 0.170922 4.545639 -0.644451
v 0.109333 4.692635 -0.960151
v -0.086286 4.845119 -0.909014
v -0.183181 4.827107 -1.227470
v 0.006106 4.685073 -1.267608
v -0.401188 4.626239 -1.638561
v -0.190132 4.490037 -1.683379
v -0.538976 4.471367 -1.845281
v -0.326581 4.346951 -1.888726
v -0.564869 4.171331 -2.129940
v -0.497661 4.220851 -2.061908
v -0.658461 4.332043 -2.014916
v -0.722057 4.257889 -2.105214
v -0.945980 3.916955 -2.271119
v -0.761683 3.938071 -2.273340
v -0.268194 4.869859 -0.838733
v -0.063795 4.672894 -0.499185
v -0.187517 4.694187 -0.413274
v -0.405629 4.878362 -1.135193
v -0.631856 4.697399 -1.541314
v -0.760523 4.550661 -1.749165
v -0.878630 4.318620 -2.029028
v -0.843787 4.387060 -1.946470
v -1.022371 4.060442 -2.189494
v -0.508872 4.876979 -0.770896
v -0.663238 4.848370 -1.002042
v -0.815596 4.739285 -1.280173
v -0.660720 4.775825 -1.306365
v -0.828915 4.705394 -1.431242
v -0.932898 4.651956 -1.495421
v -1.037055 4.351470 -1.906536
v -1.031015 4.383428 -1.865773
v -1.031015 4.383429 -1.865772
v -1.046297 4.251643 -2.007791
v -0.357015 4.811479 -0.675099
v -0.279465 4.687909 -0.369718
v -0.408780 4.796683 -0.604707
v -0.627854 3.976976 -2.218022
v -0.510714 4.131438 -2.122419
v -0.461707 4.034294 -2.138696
v -0.409532 4.056892 -2.108361
v -0.461245 4.094990 -2.115544
v -0.464857 4.179347 -2.067823
v -0.119115 4.369566 -1.722304
v -0.062858 4.234805 -1.787393
v 0.000789 4.292851 -1.685350
v -0.094274 4.391028 -1.684363
v 0.102543 4.547119 -1.267734
v 0.123910 4.419948 -1.368708
v 0.080783 4.629193 -1.166753
v 0.132386 4.494519 -0.738852
v 0.117262 4.619876 -0.682578
v 0.167312 4.495886 -0.954340
v 0.038350 4.626707 -0.596348
v 0.108995 4.505556 -0.494640
v 0.048735 4.518684 -0.277641
v 0.073251 4.589066 -0.553784
v -0.761683 3.938071 -2.273340
v -0.945980 3.916955 -2.271119
v -0.945238 3.926177 -2.286816
v -0.760450 3.947925 -2.288661
v -0.149694 4.611849 -0.213824
v -0.040712 4.496026 -0.078308
v -0.032298 4.510478 -0.075081
v -0.140825 4.626226 -0.211299
v -0.945980 3.916955 -2.271119
v -1.022371 4.060442 -2.189494
v -1.023140 4.070258 -2.204676
v -0.945238 3.926177 -2.286816
v -0.663238 4.848370 -1.002042
v -0.508872 4.876979 -0.770896
v -0.507347 4.894125 -0.771907
v -0.664743 4.865217 -1.005804
v -0.660720 4.775825 -1.306365
v -0.815596 4.739285 -1.280173
v -0.818757 4.755494 -1.285515
v -0.662722 4.792009 -1.312764
v -0.815596 4.739285 -1.280173
v -0.818757 4.755494 -1.285515
v -0.828915 4.705394 -1.431242
v -0.660720 4.775825 -1.306365
v -0.662722 4.792009 -1.312764
v -0.830568 4.721034 -1.439337
v -0.992788 4.585657 -1.607708
v -0.932898 4.651956 -1.495421
v -0.934842 4.667314 -1.504025
v -0.994793 4.600209 -1.617768
v -0.910720 4.490533 -1.769633
v -1.014849 4.468963 -1.756614
v -1.017274 4.482681 -1.767753
v -0.913257 4.504346 -1.780610
v -1.014849 4.468963 -1.756614
v -1.017274 4.482681 -1.767753
v -1.037055 4.351470 -1.906536
v -1.031015 4.383428 -1.865773
v -1.033970 4.397200 -1.876597
v -1.040621 4.364640 -1.917879
v -0.913257 4.504346 -1.780610
v -0.913257 4.504346 -1.780610
v -1.031015 4.383428 -1.865773
v -1.031015 4.383429 -1.865772
v -1.031015 4.383429 -1.865772
v -0.910720 4.490533 -1.769633
v -1.046297 4.251643 -2.007791
v -1.050524 4.263325 -2.020415
v -0.357015 4.811479 -0.675099
v -0.354624 4.827221 -0.669910
v -0.279465 4.687909 -0.369718
v -0.276687 4.703821 -0.365101
v -0.408780 4.796683 -0.604707
v -0.405239 4.812557 -0.600378
v -0.357015 4.811479 -0.675099
v -0.408780 4.796683 -0.604707
v -0.405239 4.812557 -0.600378
v -0.354624 4.827221 -0.669910
v -0.627854 3.976976 -2.218022
v -0.622205 3.983692 -2.234147
v -0.510714 4.131438 -2.122419
v -0.503454 4.139179 -2.137487
v -0.409532 4.056892 -2.108361
v -0.461707 4.034294 -2.138696
v -0.454939 4.041228 -2.154336
v -0.403163 4.063218 -2.124373
v -0.461707 4.034294 -2.138696
v -0.461245 4.094990 -2.115544
v -0.454748 4.103127 -2.130783
v -0.454939 4.041228 -2.154336
v -0.267573 4.096114 -2.045760
v -0.261104 4.106038 -2.059969
v -0.464857 4.179347 -2.067823
v -0.456895 4.188189 -2.081968
v -0.464857 4.179347 -2.067823
v -0.456895 4.188189 -2.081968
v -0.158552 4.206390 -1.887148
v -0.150211 4.216676 -1.900043
v 0.000789 4.292851 -1.685350
v -0.062858 4.234805 -1.787393
v -0.053438 4.244857 -1.799667
v 0.010884 4.303276 -1.696662
v -0.062858 4.234805 -1.787393
v -0.119115 4.369566 -1.722304
v -0.110020 4.379560 -1.734891
v -0.053438 4.244857 -1.799667
v -0.119115 4.369566 -1.722304
v -0.110020 4.379560 -1.734891
v 0.123910 4.419948 -1.368708
v 0.135995 4.429463 -1.378487
v 0.102543 4.547119 -1.267734
v 0.114551 4.557009 -1.277225
v 0.080783 4.629193 -1.166753
v 0.094787 4.638546 -1.172569
v 0.167312 4.495886 -0.954340
v 0.164660 4.473354 -1.153603
v 0.179451 4.482203 -1.156498
v 0.183156 4.502434 -0.956403
v 0.164660 4.473354 -1.153603
v 0.080783 4.629193 -1.166753
v 0.094787 4.638546 -1.172569
v 0.179451 4.482203 -1.156498
v 0.132386 4.494519 -0.738852
v 0.148129 4.500735 -0.737712
v 0.117262 4.619876 -0.682578
v 0.132386 4.494519 -0.738852
v 0.148129 4.500735 -0.737712
v 0.129958 4.630929 -0.680023
v 0.038350 4.626707 -0.596348
v 0.048418 4.640113 -0.593283
v -0.040712 4.496026 -0.078308
v 0.048735 4.518684 -0.277641
v 0.057094 4.533194 -0.274523
v -0.032298 4.510478 -0.075081
v 0.077910 4.602407 -0.606120
v 0.038350 4.626707 -0.596348
v 0.048418 4.640113 -0.593283
v 0.089853 4.614460 -0.603982
v 0.108995 4.505556 -0.494640
v 0.123529 4.514359 -0.493193
v 0.155693 4.537853 -0.644685
v 0.170922 4.545639 -0.644451
v 0.155693 4.537853 -0.644685
v 0.170922 4.545639 -0.644451
v -0.065570 4.761405 -0.672782
v -0.232120 4.817084 -0.670030
v -0.354624 4.827221 -0.669910
v -0.818757 4.755494 -1.285515
v -0.150211 4.216676 -1.900043
v -0.934842 4.667314 -1.504025
v -0.913257 4.504346 -1.780610
v -0.261104 4.106038 -2.059969
v -1.017274 4.482681 -1.767753
v 0.077910 4.602407 -0.606120
v 0.155693 4.537853 -0.644685
v -0.040712 4.496026 -0.078308
v -0.149694 4.611849 -0.213824
v 0.164660 4.473354 -1.153603
v -0.158552 4.206390 -1.887148
v -0.267573 4.096114 -2.045760
v -0.992788 4.585657 -1.607708
v -1.014849 4.468963 -1.756614
v -0.910720 4.490533 -1.769633
v 0.140914 4.254758 0.106192
v 0.124669 4.111897 0.119949
v 0.166845 4.130271 0.174696
v 0.210883 4.177155 0.205912
v 0.245004 4.239980 0.205242
v 0.260060 4.301919 0.172861
v 0.252020 4.346383 0.117452
v 0.223030 4.361438 0.053843
v 0.180869 4.343077 -0.000896
v 0.136830 4.296193 -0.032112
v 0.102702 4.233367 -0.031454
v 0.087653 4.171429 0.000939
v 0.095694 4.126965 0.056349
v 0.124669 4.111897 0.119949
v 0.178653 3.971121 0.091427
v 0.251692 4.002943 0.186244
v 0.166845 4.130271 0.174696
v 0.327974 4.084128 0.240313
v 0.210883 4.177155 0.205912
v 0.387083 4.192965 0.239157
v 0.245004 4.239980 0.205242
v 0.413167 4.300246 0.183057
v 0.260060 4.301919 0.172861
v 0.399230 4.377247 0.087088
v 0.252020 4.346383 0.117452
v 0.349032 4.403342 -0.023080
v 0.223030 4.361438 0.053843
v 0.276000 4.371521 -0.117885
v 0.180869 4.343077 -0.000896
v 0.180869 4.343077 -0.000896
v 0.276000 4.371521 -0.117885
v 0.199722 4.290328 -0.171973
v 0.136830 4.296193 -0.032112
v 0.140615 4.181512 -0.170802
v 0.102702 4.233367 -0.031454
v 0.114529 4.074210 -0.114717
v 0.087653 4.171429 0.000939
v 0.128454 3.997216 -0.018741
v 0.095694 4.126965 0.056349
v 0.288421 3.870156 0.028255
v 0.372740 3.906886 0.137752
v 0.460836 4.000646 0.200189
v 0.529084 4.126309 0.198844
v 0.559197 4.250188 0.134083
v 0.543119 4.339108 0.023245
v 0.485142 4.369238 -0.103958
v 0.400817 4.332495 -0.213451
v 0.400817 4.332495 -0.213451
v 0.312729 4.238735 -0.275875
v 0.244487 4.113085 -0.274535
v 0.214368 3.989194 -0.209769
v 0.230438 3.900274 -0.098944
v 0.424527 3.836055 -0.052620
v 0.497556 3.867866 0.042204
v 0.573842 3.949067 0.096270
v 0.632949 4.057887 0.095115
v 0.659026 4.165173 0.039020
v 0.645098 4.242168 -0.056955
v 0.594895 4.268266 -0.167120
v 0.521868 4.236442 -0.261928
v 0.521868 4.236442 -0.261928
v 0.445581 4.155254 -0.316011
v 0.386481 4.046434 -0.314843
v 0.360397 3.939148 -0.258761
v 0.374318 3.862140 -0.162781
v 0.550521 3.877948 -0.129538
v 0.592686 3.896311 -0.074784
v 0.636729 3.943192 -0.043571
v 0.670851 4.006016 -0.044242
v 0.685914 4.067968 -0.076627
v 0.677871 4.112416 -0.132035
v 0.648885 4.127487 -0.195646
v 0.606720 4.109110 -0.250383
v 0.606720 4.109110 -0.250383
v 0.562683 4.062243 -0.281600
v 0.528548 3.999405 -0.280937
v 0.513491 3.937466 -0.248557
v 0.521535 3.893005 -0.193132
v 0.632643 3.984622 -0.181890
v 0.592686 3.896311 -0.074784
v 0.550521 3.877948 -0.129538
v 0.636729 3.943192 -0.043571
v 0.670851 4.006016 -0.044242
v 0.685914 4.067968 -0.076627
v 0.677871 4.112416 -0.132035
v 0.648885 4.127487 -0.195646
v 0.606720 4.109110 -0.250383
v 0.562683 4.062243 -0.281600
v 0.528548 3.999405 -0.280937
v 0.513491 3.937466 -0.248557
v 0.521535 3.893005 -0.193132
v -0.368380 -0.000000 0.358644
v 0.375123 0.000000 0.358644
v -0.368380 0.000000 -0.344635
v 0.375123 0.000000 -0.344635
v -0.368380 0.146489 0.358644
v 0.375124 0.146489 0.358644
v -0.368380 0.146489 -0.344635
v 0.375124 0.146489 -0.344635
v -0.014933 0.146489 -0.438684
v -0.014934 0.146489 0.471780
v -0.014934 0.000000 0.471780
v -0.014933 0.000000 -0.438684
v -0.489577 0.146489 -0.030557
v 0.151616 4.352007 -0.048371
v 0.505960 0.146489 -0.030557
v 0.505960 0.000000 -0.030557
v -0.489577 0.000000 -0.030557
v -0.222440 0.515140 0.213285
v -0.020613 0.493411 0.266098
v 0.202119 0.493411 0.201494
v 0.276830 0.493411 -0.020749
v 0.202119 0.493411 -0.200095
v -0.020613 0.493411 -0.253800
v -0.222440 0.493411 -0.200095
v -0.291646 0.515140 -0.020650
v -0.152694 0.591082 0.149609
v -0.017961 0.592974 0.194966
v 0.130728 0.591082 0.149609
v 0.180603 0.584572 -0.006423
v 0.130728 0.579319 -0.132339
v -0.017961 0.577746 -0.170043
v -0.152694 0.579319 -0.132339
v -0.198895 0.584572 -0.006423
v -0.228223 0.986196 0.150642
v -0.077909 0.978356 0.201309
v 0.087690 0.965267 0.150642
v 0.142796 0.954327 -0.023657
v 0.086818 0.952155 -0.164314
v -0.079041 0.961382 -0.206432
v -0.229095 0.973084 -0.164313
v -0.280206 0.982352 -0.023657
v -0.205223 1.008978 0.124003
v -0.078262 1.002112 0.166802
v 0.061600 0.990787 0.124003
v 0.108133 0.981458 -0.023231
v 0.060843 0.979713 -0.142046
v -0.079243 0.987776 -0.177625
v -0.205980 0.997904 -0.142046
v -0.249138 1.005815 -0.023231
v -0.272976 1.550041 0.139672
v -0.113368 1.537574 0.193518
v 0.062756 1.512693 0.139519
v 0.122309 1.488810 -0.046489
v 0.063699 1.483433 -0.197141
v -0.112699 1.494184 -0.242634
v -0.273551 1.517953 -0.197348
v -0.328182 1.539936 -0.046487
v -0.249732 1.571743 0.115040
v -0.111761 1.561014 0.161621
v 0.040565 1.539182 0.114924
v 0.091989 1.518689 -0.045935
v 0.041393 1.513516 -0.176170
v -0.110917 1.522593 -0.215469
v -0.250082 1.543839 -0.176315
v -0.297434 1.562879 -0.045933
v -0.256486 1.869516 0.092100
v -0.120357 1.858827 0.137884
v 0.029135 1.833336 0.092062
v 0.078684 1.805071 -0.065859
v 0.027676 1.794174 -0.193684
v -0.122780 1.807049 -0.232084
v -0.258904 1.829790 -0.193732
v -0.304485 1.853135 -0.065866
v -0.252211 2.317657 0.095445
v -0.086881 2.301360 0.151129
v 0.094243 2.270295 0.095439
v 0.153304 2.240522 -0.096355
v 0.090740 2.231266 -0.251413
v -0.091874 2.250658 -0.297903
v -0.256387 2.278339 -0.251424
v -0.311071 2.303736 -0.096358
v -0.227336 2.332642 0.069165
v -0.084213 2.318521 0.117376
v 0.072567 2.291568 0.069161
v 0.123650 2.265856 -0.096869
v 0.069467 2.257891 -0.231062
v -0.088562 2.274810 -0.271286
v -0.230933 2.298743 -0.231072
v -0.278264 2.320706 -0.096871
v -0.212533 2.453970 0.060240
v -0.070836 2.430443 0.108469
v 0.086582 2.412502 0.060239
v 0.140929 2.418675 -0.105682
v 0.089677 2.437026 -0.239577
v -0.066824 2.462222 -0.279666
v -0.209434 2.478516 -0.239579
v -0.259572 2.474224 -0.105682
v -0.216385 2.788948 0.129478
v -0.032522 2.758425 0.192081
v 0.171774 2.734545 0.129478
v 0.242320 2.741003 -0.085882
v 0.175830 2.763516 -0.259674
v -0.027274 2.795934 -0.311715
v -0.212329 2.817922 -0.259674
v -0.277420 2.813854 -0.085882
v -0.166863 2.793157 0.078501
v -0.029508 2.770344 0.125267
v 0.123101 2.752492 0.078501
v 0.175807 2.757313 -0.082381
v 0.126136 2.774135 -0.212210
v -0.025579 2.798364 -0.251086
v -0.163827 2.814801 -0.212210
v -0.212449 2.811764 -0.082381
v -0.119203 3.263353 0.133063
v 0.039819 3.233999 0.187339
v 0.216665 3.211475 0.133063
v 0.278011 3.218782 -0.053652
v 0.220710 3.241077 -0.204328
v 0.045031 3.272058 -0.249446
v -0.115196 3.292562 -0.204327
v -0.171737 3.287952 -0.053652
v -0.084138 3.288899 0.101945
v 0.045485 3.268832 0.146118
v 0.188533 3.246636 0.101945
v 0.236522 3.239227 -0.050012
v 0.188549 3.246750 -0.172639
v 0.045506 3.268982 -0.209359
v -0.084122 3.289014 -0.172639
v -0.128579 3.295824 -0.050012
v -0.053818 3.819747 0.128245
v 0.099863 3.800149 0.180451
v 0.269417 3.778549 0.128245
v 0.326333 3.771379 -0.051350
v 0.269582 3.778667 -0.196280
v 0.100280 3.800320 -0.239678
v -0.053655 3.819918 -0.196280
v -0.106464 3.826559 -0.051350
v -0.030384 3.854657 0.102292
v 0.102089 3.838214 0.147271
v 0.248281 3.820096 0.102292
v 0.297323 3.814080 -0.052438
v 0.248288 3.820223 -0.177302
v 0.102286 3.838355 -0.214692
v -0.030377 3.854781 -0.177302
v -0.075804 3.860354 -0.052438
v 0.011487 4.231911 0.102459
v 0.144787 4.224738 0.147438
v 0.291897 4.216865 0.102459
v 0.341245 4.214287 -0.052271
v 0.291903 4.216990 -0.177135
v 0.144796 4.224901 -0.214525
v 0.011494 4.232036 -0.177135
v -0.034218 4.234434 -0.052270
vn 0.0530 0.4283 0.9021
vn 0.0730 -0.1673 0.9832
vn 0.3551 -0.0910 0.9304
vn 0.5536 0.1037 0.8263
vn 0.6155 0.3646 0.6988
vn 0.5240 0.6218 0.5820
vn 0.3038 0.8064 0.5073
vn 0.0139 0.8690 0.4946
vn -0.2682 0.7927 0.5474
vn -0.4667 0.5981 0.6515
vn -0.5286 0.3371 0.7791
vn -0.4372 0.0799 0.8958
vn -0.2170 -0.1047 0.9705
vn 0.0697 -0.6211 0.7806
vn 0.5108 -0.5018 0.6980
vn 0.8213 -0.1974 0.5352
vn 0.6154 0.3646 0.6988
vn 0.9181 0.2107 0.3358
vn 0.7751 0.6130 0.1531
vn 0.3038 0.8065 0.5073
vn 0.4307 0.9018 0.0363
vn -0.0228 0.9996 0.0165
vn -0.4640 0.8803 0.0991
vn -0.4668 0.5981 0.6515
vn -0.4639 0.8803 0.0990
vn -0.7745 0.5758 0.2619
vn -0.8712 0.1678 0.4613
vn -0.7282 -0.2345 0.6439
vn -0.3839 -0.5232 0.7608
vn 0.0516 -0.9033 0.4259
vn 0.5433 -0.7703 0.3339
vn 0.8894 -0.4309 0.1523
vn 0.9973 0.0239 -0.0700
vn 0.8379 0.4724 -0.2735
vn 0.4540 0.7942 -0.4039
vn -0.0516 0.9033 -0.4259
vn -0.5433 0.7703 -0.3338
vn -0.8894 0.4309 -0.1523
vn -0.9973 -0.0239 0.0700
vn -0.8379 -0.4724 0.2735
vn -0.4540 -0.7942 0.4038
vn 0.0228 -0.9996 -0.0165
vn 0.4640 -0.8803 -0.0991
vn 0.7745 -0.5758 -0.2619
vn 0.8712 -0.1678 -0.4613
vn 0.7282 0.2346 -0.6440
vn 0.3838 0.5233 -0.7608
vn -0.0697 0.6211 -0.7806
vn -0.5108 0.5018 -0.6980
vn -0.8213 0.1974 -0.5352
vn -0.9181 -0.2107 -0.3357
vn -0.7751 -0.6130 -0.1531
vn -0.4307 -0.9018 -0.0363
vn -0.0138 -0.8690 -0.4946
vn 0.2682 -0.7927 -0.5474
vn 0.4667 -0.5980 -0.6515
vn 0.5286 -0.3371 -0.7791
vn 0.4372 -0.0799 -0.8958
vn 0.2170 0.1047 -0.9705
vn -0.0730 0.1673 -0.9832
vn -0.3551 0.0910 -0.9304
vn -0.5536 -0.1037 -0.8263
vn -0.6154 -0.3646 -0.6988
vn -0.5240 -0.6218 -0.5820
vn -0.3038 -0.8064 -0.5073
vn -0.0530 -0.4283 -0.9021
vn -0.0139 -0.8690 -0.4946
vn 0.4668 -0.5980 -0.6515
vn 0.2170 0.1047 -0.9706
vn -0.6155 -0.3646 -0.6988
vn -0.5241 -0.6218 -0.5820
vn -0.3039 -0.8065 -0.5073
vn -0.2980 0.6882 0.6615
vn 0.0678 0.8719 0.4850
vn -0.2175 0.9727 0.0804
vn -0.4814 0.7844 0.3913
vn -0.4848 0.5039 0.7149
vn -0.6175 0.6044 0.5033
vn -0.5460 0.4205 0.7246
vn -0.6671 0.4958 0.5561
vn -0.7722 0.3413 0.5360
vn -0.6474 0.2728 0.7117
vn -0.5564 0.4027 0.7268
vn -0.7099 0.4538 0.5386
vn -0.7142 0.1381 0.6862
vn -0.6902 0.1867 0.6991
vn 0.2733 0.9058 0.3238
vn 0.3930 0.7648 0.5104
vn 0.3202 0.8674 0.3808
vn 0.2628 0.9106 0.3190
vn -0.0272 0.5421 0.8399
vn 0.2699 0.7043 0.6566
vn -0.2854 0.4066 0.8679
vn -0.3881 0.3190 0.8647
vn -0.4685 0.1942 0.8618
vn -0.4045 0.2873 0.8683
vn -0.6458 0.1027 0.7565
vn 0.0514 0.4555 0.8888
vn 0.1506 0.6301 0.7618
vn -0.0828 0.3831 0.9200
vn -0.1876 0.3545 0.9160
vn -0.2994 0.2777 0.9128
vn -0.3622 0.1587 0.9185
vn -0.3412 0.2093 0.9164
vn -0.4369 0.0594 0.8976
vn 0.4460 0.7042 0.5524
vn 0.4129 0.7083 0.5725
vn -0.8267 0.3810 0.4141
vn -0.8629 0.2527 0.4376
vn -0.8102 0.4134 0.4155
vn -0.8239 0.3394 0.4538
vn -0.8596 0.3187 0.3994
vn -0.7723 0.4298 0.4678
vn -0.6338 0.6692 0.3878
vn -0.6923 0.5990 0.4025
vn -0.7023 0.5775 0.4162
vn -0.5760 0.7851 0.2277
vn -0.6308 0.7121 0.3082
vn -0.4343 0.8961 0.0922
vn -0.2727 0.9413 -0.1991
vn -0.2866 0.9578 -0.0213
vn 0.0178 0.9996 0.0240
vn -0.2303 0.8993 -0.3718
vn 0.2411 0.9074 0.3442
vn 0.1692 0.9783 0.1200
vn 0.2512 0.9375 0.2408
vn 0.0761 0.9961 -0.0439
vn 0.2207 0.9748 0.0317
vn 0.2127 -0.9741 -0.0763
vn -0.0730 -0.8690 -0.4893
vn 0.2983 -0.6877 -0.6619
vn 0.4884 -0.7824 -0.3865
vn 0.4849 -0.5037 -0.7150
vn 0.6178 -0.6020 -0.5059
vn 0.5459 -0.4207 -0.7246
vn 0.6672 -0.4960 -0.5557
vn 0.7727 -0.3417 -0.5350
vn 0.7109 -0.4542 -0.5369
vn 0.5561 -0.4030 -0.7269
vn 0.6473 -0.2727 -0.7117
vn 0.7144 -0.1375 -0.6861
vn 0.6918 -0.1856 -0.6978
vn -0.2721 -0.7098 -0.6498
vn -0.2601 -0.9039 -0.3397
vn -0.3813 -0.7779 -0.4995
vn 0.0272 -0.5414 -0.8404
vn 0.2851 -0.4062 -0.8682
vn 0.3876 -0.3196 -0.8647
vn 0.4682 -0.1941 -0.8621
vn 0.4059 -0.2872 -0.8677
vn 0.6463 -0.1023 -0.7562
vn -0.1522 -0.6298 -0.7617
vn -0.0515 -0.4550 -0.8890
vn 0.0087 -0.3491 -0.9370
vn 0.0823 -0.3825 -0.9203
vn 0.1872 -0.3542 -0.9162
vn 0.2114 -0.3285 -0.9205
vn 0.3616 -0.1595 -0.9186
vn 0.3091 -0.2426 -0.9196
vn -0.5597 0.7000 0.4435
vn -0.1023 -0.9903 0.0936
vn -0.0000 1.0000 -0.0000
vn 0.4356 -0.0588 -0.8982
vn -0.4560 -0.6963 -0.5543
vn -0.4475 -0.6975 -0.5597
vn -0.3956 -0.7453 -0.5366
vn 0.8651 -0.2552 -0.4318
vn 0.8275 -0.3817 -0.4118
vn 0.8599 -0.3186 -0.3989
vn 0.8238 -0.3384 -0.4548
vn 0.8105 -0.4111 -0.4173
vn 0.7732 -0.4305 -0.4657
vn 0.7031 -0.5769 -0.4158
vn 0.6924 -0.5987 -0.4028
vn 0.6470 -0.6605 -0.3810
vn 0.6491 -0.6534 -0.3896
vn 0.5947 -0.7612 -0.2586
vn 0.6195 -0.7463 -0.2434
vn 0.4354 -0.8958 -0.0892
vn 0.2375 -0.8935 0.3812
vn -0.0417 -0.9843 -0.1716
vn 0.2741 -0.9403 0.2018
vn -0.1864 -0.9428 -0.2763
vn -0.0674 -0.9965 0.0497
vn -0.2235 -0.9417 -0.2514
vn -0.0941 -0.9906 -0.0990
vn -0.6965 -0.3940 -0.5997
vn -0.6416 -0.5343 -0.5503
vn -0.6431 -0.5339 -0.5490
vn -0.6905 -0.3950 -0.6059
vn 0.9437 -0.1956 0.2666
vn 0.9468 -0.2324 0.2225
vn 0.9472 -0.2299 0.2235
vn 0.9449 -0.2014 0.2579
vn -0.0073 -0.9632 0.2689
vn 0.1766 -0.9254 0.3353
vn 0.1651 -0.9282 0.3336
vn -0.0103 -0.9625 0.2712
vn 0.8047 -0.5342 0.2592
vn 0.9294 -0.3397 0.1443
vn 0.9283 -0.3395 0.1516
vn 0.8062 -0.5333 0.2561
vn -0.9126 -0.3990 0.0890
vn -0.9160 -0.3779 0.1345
vn -0.9159 -0.3793 0.1316
vn -0.9123 -0.4004 0.0859
vn 0.7774 -0.5822 0.2381
vn 0.7775 -0.5827 0.2368
vn 0.9470 -0.1644 0.2759
vn 0.9554 -0.2199 0.1971
vn 0.9549 -0.2185 0.2012
vn 0.9463 -0.1640 0.2786
vn 0.6245 -0.6491 0.4343
vn 0.8682 -0.3518 0.3500
vn 0.8707 -0.3452 0.3503
vn 0.6257 -0.6474 0.4352
vn -0.8599 -0.4637 -0.2133
vn -0.8558 -0.4672 -0.2220
vn -0.8562 -0.4668 -0.2212
vn -0.8602 -0.4634 -0.2127
vn 0.5110 -0.7526 0.4154
vn 0.5115 -0.7528 0.4142
vn 0.5268 -0.7749 0.3492
vn 0.7461 -0.5355 0.3956
vn 0.7416 -0.5366 0.4026
vn 0.5299 -0.7746 0.3453
vn 0.8733 -0.2618 0.4109
vn 0.7058 -0.6960 -0.1318
vn 0.3395 0.9398 0.0391
vn 0.8727 -0.2614 0.4124
vn 0.9317 -0.2834 0.2272
vn 0.8723 -0.2613 0.4133
vn 0.4715 -0.8341 0.2863
vn 0.4700 -0.8341 0.2887
vn 0.9042 -0.3944 -0.1639
vn 0.9101 -0.3842 -0.1552
vn 0.8330 -0.5254 0.1733
vn 0.8313 -0.5303 0.1665
vn 0.7978 -0.5326 0.2825
vn 0.7983 -0.5314 0.2834
vn -0.2264 -0.4707 0.8528
vn -0.2211 -0.4511 0.8647
vn -0.2218 -0.4537 0.8631
vn -0.2271 -0.4735 0.8510
vn -0.4366 -0.0965 -0.8945
vn -0.4186 -0.0682 -0.9056
vn -0.3130 0.1389 -0.9395
vn -0.3158 0.1341 -0.9393
vn -0.4411 -0.2841 -0.8513
vn -0.4456 -0.2191 -0.8680
vn -0.4426 -0.2210 -0.8690
vn -0.4468 -0.2895 -0.8465
vn -0.0272 -0.6713 0.7407
vn -0.0083 -0.6639 0.7478
vn -0.0045 -0.6654 0.7465
vn -0.0301 -0.6709 0.7409
vn -0.5485 -0.0722 -0.8330
vn -0.5403 -0.0450 -0.8403
vn -0.3471 0.1010 -0.9324
vn -0.3484 0.1021 -0.9318
vn -0.0830 -0.6172 0.7824
vn -0.0730 -0.6219 0.7797
vn -0.2680 0.2590 -0.9279
vn -0.2563 0.2680 -0.9287
vn -0.3466 0.0689 -0.9355
vn -0.3670 0.0617 -0.9282
vn -0.3665 0.0611 -0.9284
vn -0.3443 0.0681 -0.9364
vn -0.3848 -0.6852 0.6184
vn -0.3668 -0.7009 0.6118
vn -0.3681 -0.6997 0.6123
vn -0.3864 -0.6837 0.6190
vn -0.0921 0.3722 -0.9236
vn -0.0905 0.3706 -0.9244
vn 0.0130 0.2080 -0.9780
vn 0.0233 0.2133 -0.9767
vn 0.2503 0.3729 -0.8935
vn 0.2571 0.3669 -0.8940
vn 0.2657 0.1736 -0.9483
vn 0.2709 0.1567 -0.9498
vn -0.1790 -0.2721 -0.9455
vn -0.1944 -0.1368 -0.9713
vn -0.1926 -0.1453 -0.9705
vn -0.1760 -0.2760 -0.9449
vn -0.9097 -0.2976 0.2897
vn -0.8527 -0.4259 0.3024
vn -0.8573 -0.4172 0.3017
vn -0.9129 -0.2886 0.2886
vn -0.1904 -0.3013 -0.9343
vn -0.1903 -0.3026 -0.9339
vn 0.5186 -0.0036 -0.8550
vn 0.7467 -0.0502 -0.6633
vn 0.7459 -0.0471 -0.6644
vn 0.4979 0.0072 -0.8672
vn 0.3113 0.1217 -0.9425
vn 0.3186 0.1354 -0.9382
vn -0.0324 0.2885 -0.9569
vn -0.0369 0.2853 -0.9577
vn -0.0357 0.2952 -0.9548
vn -0.0324 0.2883 -0.9570
vn -0.7860 -0.0344 0.6173
vn -0.8156 -0.0132 0.5785
vn -0.8155 -0.0173 0.5785
vn -0.7769 -0.0368 0.6285
vn -0.1796 -0.1545 -0.9715
vn -0.2045 -0.1437 -0.9683
vn -0.3146 -0.2309 -0.9207
vn -0.3131 -0.2250 -0.9227
vn -0.7457 -0.0278 0.6658
vn -0.7457 -0.0267 0.6658
vn 0.2880 0.8953 0.3399
vn 0.4171 0.7459 0.5193
vn 0.4367 0.7008 0.5641
vn -0.0085 0.3495 0.9369
vn -0.6994 0.5474 0.4596
vn -0.2122 0.3285 0.9203
vn -0.3595 0.2207 0.9066
vn -0.7432 0.4330 0.5101
vn -0.3587 0.2205 0.9070
vn -0.1732 -0.9768 -0.1257
vn -0.2264 -0.9733 -0.0388
vn -0.2792 -0.9083 -0.3114
vn -0.3188 -0.8674 -0.3820
vn 0.2881 -0.9573 0.0225
vn 0.6994 -0.5477 -0.4591
vn 0.7429 -0.4341 -0.5096
vn 0.2993 -0.2774 -0.9129
vn 0.3590 -0.2203 -0.9070
vn 0.3477 -0.2203 -0.9114
vn 0.2884 -0.2622 -0.9209
vn -0.0118 0.9856 0.1685
vn 0.2701 0.9596 0.0791
vn 0.4684 0.8747 -0.1249
vn 0.5298 0.7537 -0.3890
vn 0.4379 0.6290 -0.6423
vn 0.2174 0.5340 -0.8170
vn -0.0726 0.4942 -0.8663
vn -0.3546 0.5203 -0.7769
vn -0.5528 0.6052 -0.5728
vn -0.6143 0.7262 -0.3087
vn -0.5224 0.8509 -0.0554
vn -0.3019 0.9458 0.1193
vn 0.2701 0.9596 0.0792
vn 0.0248 0.7834 0.6211
vn 0.4657 0.7426 0.4813
vn 0.7758 0.6098 0.1621
vn 0.8719 0.4206 -0.2509
vn 0.4379 0.6290 -0.6424
vn 0.7282 0.2255 -0.6472
vn 0.3834 0.0770 -0.9204
vn -0.0727 0.4942 -0.8663
vn -0.0704 0.0148 -0.9974
vn -0.5113 0.0556 -0.8576
vn -0.8213 0.1884 -0.5385
vn -0.9174 0.3776 -0.1254
vn -0.7738 0.5726 0.2708
vn -0.4289 0.7211 0.5441
vn 0.0530 0.4284 0.9021
vn 0.5446 0.3829 0.7462
vn 0.8902 0.2349 0.3904
vn 0.8371 -0.1935 -0.5116
vn 0.4527 -0.3590 -0.8162
vn -0.5446 -0.3829 -0.7462
vn -0.5445 -0.3829 -0.7462
vn -0.8902 -0.2349 -0.3904
vn -0.8372 0.1934 0.5116
vn -0.4527 0.3590 0.8162
vn 0.0703 -0.0148 0.9974
vn 0.5113 -0.0555 0.8576
vn 0.8214 -0.1884 0.5384
vn 0.9174 -0.3776 0.1254
vn 0.7738 -0.5726 -0.2708
vn 0.4289 -0.7212 -0.5440
vn -0.0248 -0.7834 -0.6211
vn -0.4657 -0.7426 -0.4813
vn -0.7758 -0.6098 -0.1621
vn -0.8719 -0.4206 0.2509
vn -0.7282 -0.2256 0.6472
vn -0.3833 -0.0770 0.9204
vn 0.0727 -0.4942 0.8663
vn 0.3546 -0.5203 0.7769
vn 0.5529 -0.6052 0.5728
vn 0.6143 -0.7262 0.3087
vn 0.5224 -0.8509 0.0554
vn 0.3019 -0.9458 -0.1193
vn 0.0118 -0.9856 -0.1686
vn -0.2701 -0.9596 -0.0792
vn -0.4683 -0.8747 0.1249
vn -0.5298 -0.7537 0.3890
vn -0.4379 -0.6290 0.6423
vn -0.2174 -0.5340 0.8170
vn 0.0726 -0.4942 0.8663
vn 0.5528 -0.6052 0.5728
vn 0.0118 -0.9856 -0.1685
vn -0.4684 -0.8747 0.1249
vn -0.4379 -0.6290 0.6424
vn -0.3303 0.9389 0.0972
vn 0.0198 0.9336 0.3578
vn 0.3114 0.9481 -0.0643
vn -0.0973 0.9771 -0.1894
vn -0.5340 0.8426 -0.0697
vn -0.3279 0.9004 -0.2858
vn -0.6083 0.7826 -0.1326
vn -0.4486 0.8334 -0.3229
vn -0.5491 0.7030 -0.4520
vn -0.7087 0.6587 -0.2526
vn -0.6236 0.7685 -0.1436
vn -0.4690 0.7988 -0.3767
vn -0.7757 0.5312 -0.3407
vn -0.7539 0.5782 -0.3119
vn 0.2351 0.8547 0.4629
vn 0.0513 0.7597 0.6483
vn 0.1918 0.8308 0.5225
vn 0.2398 0.8600 0.4504
vn -0.4740 0.7748 0.4182
vn -0.1406 0.7831 0.6058
vn -0.6559 0.7318 0.1851
vn -0.7350 0.6736 0.0781
vn -0.8215 0.5702 -0.0119
vn -0.7594 0.6477 0.0618
vn -0.8319 0.4955 -0.2498
vn -0.5206 0.6824 0.5130
vn -0.2849 0.7782 0.5596
vn -0.6409 0.6585 0.3946
vn -0.6871 0.6626 0.2980
vn -0.7632 0.6190 0.1856
vn -0.8479 0.5172 0.1161
vn -0.8162 0.5608 0.1390
vn -0.9034 0.4282 0.0244
vn 0.0021 0.7028 0.7114
vn -0.0224 0.7213 0.6923
vn -0.4289 0.7109 -0.5574
vn -0.5290 0.6065 -0.5936
vn -0.4043 0.7438 -0.5324
vn -0.4850 0.6871 -0.5411
vn -0.4562 0.6575 -0.5996
vn -0.4354 0.7670 -0.4713
vn -0.1925 0.9178 -0.3473
vn -0.2579 0.8782 -0.4028
vn -0.2852 0.8666 -0.4096
vn 0.0235 0.9387 -0.3440
vn -0.0973 0.9235 -0.3711
vn 0.2197 0.9406 -0.2588
vn 0.5083 0.8291 -0.2329
vn 0.3758 0.9103 -0.1733
vn 0.4371 0.8909 0.1234
vn 0.6224 0.7323 -0.2763
vn 0.2063 0.8693 0.4492
vn 0.3973 0.8725 0.2845
vn 0.3114 0.8619 0.4002
vn 0.5074 0.8533 0.1202
vn 0.4815 0.8299 0.2818
vn -0.3162 -0.9466 0.0628
vn -0.0172 -0.9314 -0.3637
vn 0.3310 -0.9386 -0.0970
vn 0.0963 -0.9755 0.1980
vn 0.5343 -0.8424 0.0698
vn 0.3315 -0.8993 0.2853
vn 0.6082 -0.7827 0.1325
vn 0.4482 -0.8335 0.3231
vn 0.5482 -0.7032 0.4529
vn 0.4676 -0.7989 0.3783
vn 0.6233 -0.7687 0.1431
vn 0.7088 -0.6586 0.2525
vn 0.7760 -0.5306 0.3411
vn 0.7539 -0.5771 0.3139
vn 0.1314 -0.7848 -0.6057
vn -0.2179 -0.8625 -0.4567
vn -0.0631 -0.7707 -0.6341
vn 0.4748 -0.7742 -0.4185
vn 0.6562 -0.7315 -0.1853
vn 0.7345 -0.6741 -0.0786
vn 0.8216 -0.5700 0.0114
vn 0.7594 -0.6478 -0.0603
vn 0.8320 -0.4951 0.2504
vn 0.2840 -0.7775 -0.5611
vn 0.5211 -0.6820 -0.5132
vn 0.6454 -0.6048 -0.4665
vn 0.6413 -0.6577 -0.3951
vn 0.6873 -0.6622 -0.2985
vn 0.7149 -0.6434 -0.2736
vn 0.8474 -0.5180 -0.1168
vn 0.8191 -0.5491 -0.1661
vn 0.8091 -0.5596 -0.1794
vn 0.9037 -0.4274 -0.0258
vn 0.0035 -0.6913 -0.7225
vn 0.0065 -0.6984 -0.7157
vn -0.0209 -0.7491 -0.6621
vn 0.5228 -0.6076 0.5979
vn 0.4267 -0.7110 0.5589
vn 0.4561 -0.6571 0.6002
vn 0.4864 -0.6865 0.5405
vn 0.4075 -0.7422 0.5320
vn 0.4333 -0.7671 0.4730
vn 0.2854 -0.8661 0.4105
vn 0.2583 -0.8780 0.4029
vn 0.1949 -0.9112 0.3629
vn 0.2051 -0.9096 0.3613
vn 0.0197 -0.9357 0.3522
vn 0.0211 -0.9238 0.3823
vn -0.2217 -0.9395 0.2610
vn -0.6249 -0.7261 0.2867
vn -0.3130 -0.9250 -0.2152
vn -0.5096 -0.8277 0.2352
vn -0.2691 -0.8914 -0.3646
vn -0.5095 -0.8534 -0.1102
vn -0.2931 -0.8719 -0.3923
vn -0.3992 -0.8930 -0.2078
vn 0.1148 -0.3625 -0.9249
vn 0.0224 -0.4946 -0.8689
vn 0.0209 -0.4934 -0.8696
vn 0.1218 -0.3679 -0.9219
vn -0.0476 -0.3369 0.9403
vn -0.0294 -0.3840 0.9229
vn -0.0291 -0.3823 0.9236
vn -0.0466 -0.3446 0.9376
vn -0.6393 -0.7683 0.0302
vn -0.6210 -0.7547 0.2117
vn -0.6242 -0.7554 0.1994
vn -0.6416 -0.7665 0.0288
vn -0.2352 -0.6022 0.7629
vn -0.0047 -0.4982 0.8670
vn -0.0328 -0.5008 0.8649
vn -0.2350 -0.6038 0.7617
vn -0.5398 -0.1342 -0.8310
vn -0.5715 -0.1012 -0.8144
vn -0.5695 -0.1033 -0.8154
vn -0.5376 -0.1364 -0.8321
vn -0.2489 -0.6439 0.7235
vn -0.2481 -0.6447 0.7231
vn -0.0412 -0.3065 0.9510
vn 0.0001 -0.3831 0.9237
vn -0.0031 -0.3801 0.9249
vn -0.0434 -0.3047 0.9515
vn -0.4623 -0.5967 0.6559
vn -0.2034 -0.4264 0.8814
vn -0.2044 -0.4252 0.8817
vn -0.4661 -0.5988 0.6513
vn -0.2906 -0.2878 -0.9126
vn -0.2836 -0.2943 -0.9127
vn -0.2844 -0.2936 -0.9126
vn -0.2914 -0.2870 -0.9125
vn -0.5221 -0.6632 0.5363
vn -0.5214 -0.6637 0.5363
vn -0.4790 -0.7054 0.5224
vn -0.3518 -0.5404 0.7643
vn -0.3618 -0.5404 0.7597
vn -0.4752 -0.7076 0.5230
vn -0.2177 -0.3342 0.9170
vn -0.4509 -0.1793 0.8744
vn -0.5253 -0.4043 0.7487
vn -0.2951 -0.2833 0.9125
vn -0.2171 -0.3347 0.9170
vn -0.0493 -0.4335 0.8998
vn -0.2180 -0.3341 0.9170
vn -0.4713 -0.7606 0.4465
vn -0.4744 -0.7601 0.4441
vn 0.2118 -0.6545 0.7258
vn 0.2110 -0.6436 0.7357
vn -0.1518 -0.6319 0.7601
vn -0.1575 -0.6373 0.7543
vn -0.2562 -0.5917 0.7643
vn -0.2562 -0.5907 0.7652
vn -0.9780 -0.1537 0.1411
vn -0.9791 -0.1346 0.1526
vn -0.9790 -0.1372 0.1510
vn -0.9778 -0.1564 0.1394
vn 0.5704 -0.2191 -0.7916
vn 0.5869 -0.2140 -0.7809
vn 0.7390 -0.0464 -0.6721
vn 0.7378 -0.0477 -0.6733
vn 0.4482 -0.3900 -0.8044
vn 0.4924 -0.3294 -0.8057
vn 0.4934 -0.3327 -0.8037
vn 0.4443 -0.3879 -0.8075
vn -0.8871 -0.3959 0.2373
vn -0.8840 -0.3912 0.2559
vn -0.8823 -0.3933 0.2585
vn -0.8883 -0.3946 0.2351
vn 0.5019 -0.1515 -0.8515
vn 0.5032 -0.1450 -0.8519
vn 0.7087 -0.0702 -0.7020
vn 0.7082 -0.0686 -0.7026
vn -0.9197 -0.3286 0.2148
vn -0.9154 -0.3359 0.2219
vn 0.7932 0.0600 -0.6060
vn 0.7924 0.0558 -0.6075
vn 0.6996 -0.0996 -0.7075
vn 0.6835 -0.1001 -0.7231
vn 0.6836 -0.1009 -0.7228
vn 0.6988 -0.1022 -0.7080
vn -0.9215 -0.3701 -0.1173
vn -0.9153 -0.3887 -0.1057
vn -0.9158 -0.3873 -0.1066
vn -0.9220 -0.3686 -0.1182
vn 0.8857 0.1182 -0.4490
vn 0.8863 0.1161 -0.4483
vn 0.9159 -0.0641 -0.3964
vn 0.9093 -0.0725 -0.4098
vn 0.9876 0.0489 -0.1489
vn 0.9889 0.0420 -0.1428
vn 0.9704 -0.1588 -0.1817
vn 0.9678 -0.1764 -0.1797
vn 0.6210 -0.4744 -0.6239
vn 0.6964 -0.3442 -0.6297
vn 0.6930 -0.3522 -0.6291
vn 0.6208 -0.4785 -0.6210
vn -0.6734 0.0182 -0.7390
vn -0.7222 -0.1170 -0.6817
vn -0.7193 -0.1075 -0.6863
vn -0.6695 0.0275 -0.7423
vn 0.5948 -0.4968 -0.6320
vn 0.5939 -0.4979 -0.6319
vn 0.9187 -0.3838 0.0938
vn 0.8078 -0.4397 0.3925
vn 0.8098 -0.4369 0.3915
vn 0.9284 -0.3686 0.0470
vn 0.9649 -0.2197 -0.1437
vn 0.9690 -0.2075 -0.1339
vn 0.9044 0.0210 -0.4261
vn 0.9023 0.0187 -0.4308
vn 0.9037 0.0280 -0.4272
vn 0.9043 0.0204 -0.4264
vn -0.8192 0.3480 -0.4558
vn -0.7814 0.3665 -0.5050
vn -0.7833 0.3624 -0.5050
vn -0.8242 0.3465 -0.4479
vn 0.6953 -0.3650 -0.6191
vn 0.6875 -0.3480 -0.6374
vn 0.5729 -0.3892 -0.7213
vn 0.5774 -0.3847 -0.7202
vn -0.8457 0.3586 -0.3952
vn -0.8452 0.3598 -0.3951
vn 0.2202 0.8473 0.4833
vn 0.0424 0.7388 0.6726
vn -0.0128 0.7040 0.7101
vn -0.6449 0.6053 0.4666
vn -0.3405 0.8546 -0.3919
vn -0.7151 0.6437 0.2728
vn -0.8096 0.5751 0.1176
vn -0.4672 0.7738 -0.4278
vn -0.8097 0.5747 0.1186
vn -0.3934 -0.8722 -0.2908
vn -0.4770 -0.8296 -0.2900
vn -0.2500 -0.8519 -0.4602
vn -0.1907 -0.8315 -0.5218
vn -0.3762 -0.9099 0.1751
vn 0.3400 -0.8548 0.3921
vn 0.4661 -0.7746 0.4275
vn 0.7634 -0.6187 -0.1857
vn 0.8098 -0.5746 -0.1182
vn 0.8094 -0.5725 -0.1309
vn 0.3599 0.8949 -0.2640
vn 0.0630 0.9961 0.0619
vn 0.4126 0.8399 0.3525
vn 0.5910 0.8064 -0.0227
vn 0.5027 0.7386 -0.4492
vn 0.6755 0.6997 -0.2325
vn 0.5448 0.6606 -0.5165
vn 0.6976 0.6285 -0.3439
vn 0.7650 0.4737 -0.4363
vn 0.6087 0.5098 -0.6079
vn 0.5507 0.6441 -0.5309
vn 0.7299 0.5807 -0.3607
vn 0.6459 0.3674 -0.6692
vn 0.6403 0.4157 -0.6459
vn -0.0982 0.9588 0.2667
vn -0.3019 0.9505 0.0740
vn -0.1614 0.9616 0.2219
vn -0.0832 0.9587 0.2720
vn 0.0104 0.8933 -0.4494
vn -0.2208 0.9681 -0.1184
vn 0.2490 0.7522 -0.6101
vn 0.3367 0.6525 -0.6789
vn 0.3847 0.5234 -0.7603
vn 0.3440 0.6221 -0.7033
vn 0.5669 0.3662 -0.7379
vn -0.1143 0.8459 -0.5209
vn -0.1423 0.9503 -0.2770
vn 0.0121 0.7758 -0.6308
vn 0.1190 0.7379 -0.6644
vn 0.2200 0.6488 -0.7285
vn 0.2526 0.5263 -0.8119
vn 0.2457 0.5754 -0.7801
vn 0.3079 0.4061 -0.8604
vn -0.3854 0.9226 0.0182
vn -0.3517 0.9361 -0.0065
vn 0.8386 0.4418 -0.3186
vn 0.8431 0.3462 -0.4115
vn 0.8248 0.4840 -0.2925
vn 0.8237 0.4285 -0.3715
vn 0.8560 0.3872 -0.3426
vn 0.7890 0.5217 -0.3244
vn 0.7146 0.6916 -0.1046
vn 0.7526 0.6381 -0.1623
vn 0.7570 0.6259 -0.1875
vn 0.6944 0.7139 0.0897
vn 0.7218 0.6919 -0.0181
vn 0.6016 0.7515 0.2708
vn 0.4951 0.6831 0.5370
vn 0.4944 0.7646 0.4134
vn 0.2174 0.8528 0.4749
vn 0.4776 0.5928 0.6484
vn -0.0676 0.9666 0.2473
vn 0.0594 0.9048 0.4216
vn -0.0484 0.9375 0.3445
vn 0.1804 0.8264 0.5334
vn 0.0285 0.8617 0.5066
vn -0.4090 -0.8394 -0.3579
vn -0.0557 -0.9967 -0.0591
vn -0.3600 -0.8946 0.2647
vn -0.5970 -0.8019 0.0212
vn -0.5027 -0.7384 0.4495
vn -0.6750 -0.6992 0.2358
vn -0.5448 -0.6607 0.5164
vn -0.6979 -0.6285 0.3435
vn -0.7657 -0.4735 0.4354
vn -0.7310 -0.5801 0.3593
vn -0.5504 -0.6445 0.5307
vn -0.6086 -0.5098 0.6080
vn -0.6460 -0.3667 0.6695
vn -0.6416 -0.4141 0.6457
vn 0.2207 -0.9691 0.1100
vn 0.0867 -0.9636 -0.2527
vn 0.2840 -0.9549 -0.0868
vn -0.0100 -0.8929 0.4502
vn -0.2486 -0.7520 0.6105
vn -0.3363 -0.6532 0.6784
vn -0.3842 -0.5235 0.7605
vn -0.3455 -0.6215 0.7032
vn -0.5672 -0.3657 0.7380
vn 0.1444 -0.9501 0.2764
vn 0.1146 -0.8456 0.5214
vn 0.0846 -0.7558 0.6494
vn -0.0113 -0.7754 0.6314
vn -0.1184 -0.7377 0.6646
vn -0.1385 -0.7095 0.6910
vn -0.2521 -0.5273 0.8114
vn -0.4138 0.5865 0.6963
vn -0.2166 0.6779 0.7025
vn -0.3063 -0.4059 0.8611
vn 0.3998 -0.9165 -0.0119
vn 0.3911 -0.9203 -0.0087
vn 0.3159 -0.9479 -0.0424
vn -0.8461 -0.3458 0.4056
vn -0.8397 -0.4414 0.3165
vn -0.8563 -0.3866 0.3423
vn -0.8233 -0.4282 0.3727
vn -0.8243 -0.4829 0.2954
vn -0.7902 -0.5212 0.3225
vn -0.7576 -0.6251 0.1877
vn -0.7527 -0.6379 0.1627
vn -0.7254 -0.6802 0.1057
vn -0.7240 -0.6801 0.1150
vn -0.7044 -0.7081 -0.0492
vn -0.7239 -0.6880 -0.0519
vn -0.6028 -0.7499 -0.2726
vn -0.4840 -0.5847 -0.6511
vn -0.1647 -0.9198 -0.3562
vn -0.4965 -0.6812 -0.5380
vn -0.0077 -0.9537 -0.3006
vn -0.1892 -0.8231 -0.5355
vn 0.0239 -0.9433 -0.3311
vn -0.1368 -0.8920 -0.4307
vn 0.7441 -0.6531 0.1406
vn 0.6373 -0.7701 0.0280
vn 0.6389 -0.7689 0.0265
vn 0.7316 -0.6686 0.1333
vn -0.9945 -0.0191 -0.1028
vn -0.9939 -0.0663 -0.0881
vn -0.9941 -0.0642 -0.0877
vn -0.9943 -0.0266 -0.1033
vn -0.2715 -0.6999 -0.6606
vn -0.4271 -0.6343 -0.6444
vn -0.4345 -0.6237 -0.6498
vn -0.2689 -0.6988 -0.6629
vn -0.9086 -0.3065 -0.2837
vn -0.9814 -0.1800 -0.0672
vn -0.9769 -0.1874 -0.1027
vn -0.9085 -0.3078 -0.2827
vn 0.7910 -0.3764 -0.4822
vn 0.7911 -0.3405 -0.5082
vn 0.7911 -0.3435 -0.5061
vn 0.7910 -0.3794 -0.4800
vn -0.8871 -0.3539 -0.2963
vn -0.8870 -0.3551 -0.2952
vn -0.9953 0.0107 -0.0963
vn -0.9960 -0.0651 -0.0604
vn -0.9961 -0.0617 -0.0636
vn -0.9951 0.0127 -0.0982
vn -0.7918 -0.3477 -0.5022
vn -0.9595 -0.1209 -0.2546
vn -0.9614 -0.1139 -0.2504
vn -0.7978 -0.3406 -0.4975
vn 0.7885 -0.5565 -0.2617
vn 0.7857 -0.5632 -0.2559
vn 0.7861 -0.5624 -0.2566
vn 0.7888 -0.5557 -0.2624
vn -0.7068 -0.4396 -0.5542
vn -0.7071 -0.4401 -0.5535
vn -0.7126 -0.4791 -0.5125
vn -0.8775 -0.2656 -0.3993
vn -0.8842 -0.2482 -0.3957
vn -0.7159 -0.4788 -0.5081
vn -0.9639 -0.0250 -0.2650
vn 0.0655 -0.9978 0.0137
vn 0.8078 0.5427 0.2299
vn -0.9643 -0.0261 -0.2636
vn -0.9877 -0.1235 -0.0957
vn -0.9640 -0.0253 -0.2647
vn -0.6628 -0.5526 -0.5052
vn -0.6679 -0.5460 -0.5058
vn -0.9292 -0.3493 0.1206
vn -0.9337 -0.3374 0.1201
vn -0.9222 -0.3292 -0.2032
vn -0.9166 -0.3361 -0.2166
vn -0.9053 -0.2981 -0.3026
vn -0.9059 -0.2964 -0.3026
vn -0.0582 -0.1080 -0.9924
vn -0.0607 -0.0869 -0.9944
vn -0.0604 -0.0898 -0.9941
vn -0.0578 -0.1115 -0.9921
vn 0.6186 -0.4822 0.6203
vn 0.6086 -0.4815 0.6307
vn 0.5463 -0.2658 0.7943
vn 0.5473 -0.2684 0.7927
vn 0.5714 -0.6654 0.4803
vn 0.5950 -0.6026 0.5319
vn 0.5915 -0.6052 0.5327
vn 0.5760 -0.6624 0.4790
vn -0.2745 -0.3058 -0.9116
vn -0.2920 -0.2963 -0.9094
vn -0.2959 -0.2964 -0.9081
vn -0.2723 -0.3054 -0.9125
vn 0.7165 -0.4324 0.5475
vn 0.7195 -0.4251 0.5492
vn 0.5713 -0.3004 0.7638
vn 0.5727 -0.2991 0.7633
vn -0.2188 -0.2506 -0.9430
vn -0.2283 -0.2546 -0.9397
vn 0.5210 -0.1434 0.8414
vn 0.5124 -0.1362 0.8479
vn 0.5663 -0.3331 0.7539
vn 0.5838 -0.3385 0.7380
vn 0.5832 -0.3392 0.7381
vn 0.5645 -0.3353 0.7542
vn 0.0860 -0.3893 -0.9171
vn 0.0653 -0.4032 -0.9128
vn 0.0668 -0.4022 -0.9131
vn 0.0875 -0.3883 -0.9174
vn 0.3659 -0.0263 0.9303
vn 0.3643 -0.0279 0.9308
vn 0.2462 -0.2077 0.9467
vn 0.2308 -0.1963 0.9530
vn 0.0144 0.0077 0.9999
vn 0.0105 -0.0010 0.9999
vn -0.0457 -0.2088 0.9769
vn -0.0546 -0.2237 0.9731
vn 0.3163 -0.6898 0.6512
vn 0.3740 -0.5590 0.7400
vn 0.3702 -0.5667 0.7361
vn 0.3127 -0.6932 0.6494
vn 0.7790 -0.2077 -0.5916
vn 0.6846 -0.3162 -0.6568
vn 0.6912 -0.3095 -0.6530
vn 0.7842 -0.2008 -0.5872
vn 0.3190 -0.7150 0.6221
vn 0.3185 -0.7161 0.6211
vn -0.3908 -0.3231 0.8619
vn -0.6589 -0.2684 0.7027
vn -0.6575 -0.2666 0.7047
vn -0.3254 -0.3305 0.8860
vn -0.1093 -0.2530 0.9613
vn -0.1140 -0.2371 0.9648
vn 0.2969 -0.1141 0.9481
vn 0.3012 -0.1183 0.9462
vn 0.3011 -0.1075 0.9475
vn 0.2969 -0.1144 0.9480
vn 0.6759 0.1695 -0.7172
vn 0.7205 0.1691 -0.6725
vn 0.7193 0.1652 -0.6747
vn 0.6744 0.1688 -0.7189
vn 0.3583 -0.5768 0.7341
vn 0.3776 -0.5651 0.7336
vn 0.4685 -0.6374 0.6118
vn 0.4688 -0.6322 0.6169
vn 0.6359 0.1967 -0.7463
vn 0.6364 0.1981 -0.7455
vn -0.1184 0.9604 0.2522
vn -0.3357 0.9399 0.0622
vn -0.3815 0.9244 0.0029
vn -0.0847 0.7561 -0.6489
vn 0.7463 0.6212 -0.2388
vn 0.1394 0.7094 -0.6909
vn 0.2710 0.5798 -0.7684
vn 0.7633 0.5396 -0.3553
vn 0.2701 0.5797 -0.7688
vn -0.0542 -0.9069 -0.4179
vn -0.0214 -0.8644 -0.5023
vn 0.0982 -0.9542 -0.2827
vn 0.1603 -0.9621 -0.2204
vn -0.4957 -0.7636 -0.4137
vn -0.7465 -0.6213 0.2383
vn -0.7633 -0.5404 0.3541
vn -0.2198 -0.6486 0.7287
vn -0.2704 -0.5796 0.7688
vn -0.2576 -0.5829 0.7706
vn 0.4314 0.8560 0.2849
vn 0.0092 0.9446 0.3280
vn 0.0163 0.6729 0.7396
vn 0.4061 0.6995 0.5881
vn 0.6420 0.7337 0.2226
vn 0.6027 0.6395 0.4772
vn 0.7130 0.6750 0.1897
vn 0.6934 0.5981 0.4019
vn 0.8060 0.4719 0.3572
vn 0.8185 0.5566 0.1423
vn 0.7266 0.6629 0.1808
vn 0.7273 0.5556 0.4028
vn 0.8893 0.4473 0.0947
vn 0.8674 0.4840 0.1155
vn -0.2469 0.9026 0.3527
vn -0.2278 0.9715 0.0648
vn -0.2527 0.9283 0.2729
vn -0.2416 0.8977 0.3684
vn 0.3495 0.9339 -0.0747
vn -0.0294 0.9996 -0.0033
vn 0.5966 0.8012 -0.0459
vn 0.6935 0.7186 -0.0525
vn 0.7769 0.6215 -0.1005
vn 0.7133 0.6973 -0.0700
vn 0.8856 0.4644 0.0045
vn 0.3249 0.9216 -0.2123
vn 0.1308 0.9898 -0.0570
vn 0.4747 0.8544 -0.2111
vn 0.5551 0.8146 -0.1681
vn 0.6555 0.7380 -0.1602
vn 0.7299 0.6480 -0.2176
vn 0.7049 0.6828 -0.1921
vn 0.8000 0.5500 -0.2397
vn -0.2400 0.9698 -0.0430
vn -0.1980 0.9797 -0.0320
vn 0.7749 0.4113 0.4799
vn 0.8473 0.3483 0.4010
vn 0.7464 0.4440 0.4958
vn 0.7994 0.4145 0.4349
vn 0.8046 0.3674 0.4664
vn 0.7435 0.4898 0.4552
vn 0.5443 0.5987 0.5876
vn 0.6049 0.5615 0.5647
vn 0.6254 0.5552 0.5483
vn 0.3910 0.5792 0.7153
vn 0.4857 0.5788 0.6550
vn 0.1939 0.5829 0.7891
vn -0.0582 0.4611 0.8855
vn 0.0233 0.5745 0.8182
vn -0.2023 0.7142 0.6701
vn -0.1718 0.3424 0.9237
vn -0.2084 0.9107 0.3567
vn -0.2705 0.7755 0.5705
vn -0.2761 0.8550 0.4390
vn -0.2761 0.6541 0.7042
vn -0.3568 0.7226 0.5921
vn -0.0102 -0.6723 -0.7402
vn -0.0067 -0.9472 -0.3206
vn -0.4320 -0.8559 -0.2844
vn -0.4090 -0.6945 -0.5919
vn -0.6422 -0.7335 -0.2224
vn -0.6051 -0.6396 -0.4740
vn -0.7129 -0.6751 -0.1897
vn -0.6933 -0.5980 -0.4023
vn -0.8058 -0.4715 -0.3583
vn -0.7271 -0.5547 -0.4046
vn -0.7263 -0.6632 -0.1809
vn -0.8185 -0.5567 -0.1422
vn -0.8897 -0.4467 -0.0945
vn -0.8682 -0.4825 -0.1159
vn 0.0366 -0.9993 -0.0035
vn 0.2266 -0.9087 -0.3507
vn 0.2262 -0.9701 -0.0879
vn -0.3499 -0.9337 0.0756
vn -0.5966 -0.8012 0.0465
vn -0.6929 -0.7191 0.0524
vn -0.7767 -0.6217 0.1010
vn -0.7142 -0.6966 0.0691
vn -0.8859 -0.4639 -0.0046
vn -0.1290 -0.9900 0.0579
vn -0.3251 -0.9214 0.2129
vn -0.4313 -0.8537 0.2917
vn -0.4747 -0.8542 0.2122
vn -0.5549 -0.8146 0.1687
vn -0.5850 -0.7912 0.1783
vn -0.7292 -0.6489 0.2174
vn -0.3881 0.7497 -0.5360
vn -0.7507 0.6272 0.2077
vn -0.7995 -0.5501 0.2412
vn 0.2456 -0.9675 0.0597
vn 0.2361 -0.9702 0.0542
vn 0.2116 -0.9768 -0.0318
vn -0.8452 -0.3462 -0.4073
vn -0.7741 -0.4103 -0.4820
vn -0.8048 -0.3667 -0.4667
vn -0.7999 -0.4147 -0.4337
vn -0.7482 -0.4437 -0.4933
vn -0.7430 -0.4887 -0.4573
vn -0.6260 -0.5545 -0.5484
vn -0.6051 -0.5615 -0.5644
vn -0.5517 -0.5884 -0.5911
vn -0.5537 -0.5919 -0.5858
vn -0.4274 -0.5797 -0.6937
vn -0.4351 -0.5610 -0.7042
vn -0.1932 -0.5808 -0.7908
vn 0.1699 -0.3328 -0.9276
vn 0.1411 -0.8205 -0.5540
vn 0.0582 -0.4587 -0.8867
vn 0.2033 -0.8675 -0.4541
vn 0.2720 -0.6489 -0.7106
vn 0.2477 -0.8606 -0.4450
vn 0.2201 -0.7540 -0.6189
vn 0.3651 -0.7929 0.4878
vn 0.3814 -0.8725 0.3055
vn 0.3837 -0.8713 0.3059
vn 0.3620 -0.8032 0.4732
vn -0.5725 0.1256 -0.8103
vn -0.5846 0.0734 -0.8080
vn -0.5853 0.0760 -0.8073
vn -0.5747 0.1159 -0.8101
vn 0.3164 -0.4749 -0.8212
vn 0.1988 -0.3854 -0.9011
vn 0.2066 -0.3898 -0.8974
vn 0.3194 -0.4737 -0.8207
vn -0.3718 -0.1193 -0.9206
vn -0.5793 -0.0479 -0.8137
vn -0.5798 -0.0429 -0.8136
vn -0.3792 -0.1186 -0.9177
vn 0.9245 -0.3450 0.1623
vn 0.9424 -0.2980 0.1520
vn 0.9412 -0.3015 0.1528
vn 0.9231 -0.3483 0.1631
vn -0.3519 -0.1628 -0.9218
vn -0.3525 -0.1639 -0.9214
vn -0.5806 0.1545 -0.7994
vn -0.6083 0.0675 -0.7909
vn -0.6061 0.0712 -0.7922
vn -0.5779 0.1553 -0.8012
vn -0.1311 -0.1103 -0.9852
vn -0.4252 0.0599 -0.9031
vn -0.4416 0.0734 -0.8942
vn -0.1401 -0.1019 -0.9849
vn 0.7463 -0.6054 0.2766
vn 0.7391 -0.6140 0.2770
vn 0.7399 -0.6130 0.2769
vn 0.7471 -0.6044 0.2766
vn -0.0409 -0.1937 -0.9802
vn -0.0415 -0.1942 -0.9801
vn -0.0782 -0.2429 -0.9669
vn -0.2683 -0.0439 -0.9623
vn -0.2716 -0.0308 -0.9619
vn -0.0827 -0.2437 -0.9663
vn -0.4238 0.1588 -0.8917
vn -0.3131 -0.9485 0.0486
vn 0.9122 0.4061 0.0552
vn -0.4234 0.1592 -0.8918
vn -0.5598 0.0347 -0.8279
vn -0.4226 0.1600 -0.8921
vn -0.0560 -0.3203 -0.9457
vn -0.0553 -0.3176 -0.9466
vn -0.6952 -0.2677 -0.6671
vn -0.6987 -0.2542 -0.6687
vn -0.4381 -0.1580 -0.8849
vn -0.4402 -0.1663 -0.8823
vn -0.3577 -0.1046 -0.9280
vn -0.3580 -0.1029 -0.9280
vn 0.6891 0.1687 -0.7048
vn 0.6878 0.1886 -0.7010
vn 0.6880 0.1853 -0.7016
vn 0.6893 0.1651 -0.7055
vn -0.0942 -0.6850 0.7224
vn -0.0966 -0.6981 0.7094
vn -0.2533 -0.5146 0.8191
vn -0.2543 -0.5140 0.8192
vn -0.0222 -0.8284 0.5597
vn -0.0444 -0.7803 0.6238
vn -0.0471 -0.7823 0.6212
vn -0.0193 -0.8250 0.5649
vn 0.5021 -0.0140 -0.8647
vn 0.4883 -0.0031 -0.8726
vn 0.4862 -0.0045 -0.8738
vn 0.5041 -0.0137 -0.8636
vn 0.0288 -0.6453 0.7634
vn 0.0304 -0.6403 0.7675
vn -0.2180 -0.5410 0.8123
vn -0.2169 -0.5399 0.8133
vn 0.5585 0.0404 -0.8285
vn 0.5515 0.0374 -0.8333
vn -0.3025 -0.4080 0.8614
vn -0.3072 -0.4064 0.8605
vn -0.2150 -0.5683 0.7943
vn -0.1938 -0.5726 0.7966
vn -0.1942 -0.5730 0.7962
vn -0.2165 -0.5697 0.7928
vn 0.7468 -0.1351 -0.6512
vn 0.7303 -0.1476 -0.6669
vn 0.7314 -0.1468 -0.6659
vn 0.7479 -0.1343 -0.6501
vn -0.4543 -0.3070 0.8363
vn -0.4555 -0.3082 0.8352
vn -0.5365 -0.4553 0.7105
vn -0.5481 -0.4464 0.7073
vn -0.7162 -0.2565 0.6490
vn -0.7185 -0.2624 0.6441
vn -0.7268 -0.4346 0.5318
vn -0.7288 -0.4448 0.5206
vn -0.2989 -0.8317 0.4679
vn -0.3228 -0.7394 0.5908
vn -0.3225 -0.7444 0.5846
vn -0.2989 -0.8337 0.4643
vn 0.9847 -0.1315 0.1145
vn 0.9766 -0.2130 -0.0292
vn 0.9780 -0.2079 -0.0198
vn 0.9843 -0.1262 0.1234
vn -0.2775 -0.8503 0.4472
vn -0.2772 -0.8510 0.4461
vn -0.8633 -0.4661 0.1936
vn -0.9286 -0.3658 -0.0615
vn -0.9292 -0.3648 -0.0588
vn -0.8263 -0.4941 0.2703
vn -0.7528 -0.4612 0.4697
vn -0.7584 -0.4486 0.4728
vn -0.5068 -0.3815 0.7730
vn -0.5025 -0.3854 0.7739
vn -0.5043 -0.3765 0.7771
vn -0.5068 -0.3818 0.7729
vn 0.9594 0.2791 0.0406
vn 0.9592 0.2634 0.1024
vn 0.9605 0.2602 0.0989
vn 0.9598 0.2779 0.0400
vn -0.3218 -0.7521 0.5751
vn -0.3199 -0.7442 0.5864
vn -0.1804 -0.8037 0.5671
vn -0.1837 -0.7999 0.5714
vn 0.9493 0.3144 0.0007
vn 0.9490 0.3152 0.0016
vn -0.2502 0.9113 0.3271
vn -0.2413 0.9700 0.0292
vn -0.2252 0.9730 -0.0497
vn 0.4310 0.8540 -0.2914
vn 0.6542 0.5639 0.5040
vn 0.5855 0.7909 -0.1777
vn 0.7126 0.6813 -0.1675
vn 0.7504 0.5133 0.4163
vn 0.7122 0.6815 -0.1683
vn 0.2710 -0.7796 -0.5647
vn 0.3582 -0.7279 -0.5847
vn 0.2594 -0.8949 -0.3631
vn 0.2509 -0.9287 -0.2730
vn -0.0238 -0.5733 -0.8190
vn -0.6539 -0.5638 -0.5045
vn -0.7497 -0.5138 -0.4171
vn -0.6555 -0.7379 0.1606
vn -0.7124 -0.6813 0.1683
vn -0.7059 -0.6858 0.1768
vn 0.5747 0.6355 0.5156
vn 0.3099 0.8966 0.3162
vn -0.0255 0.7421 0.6698
vn 0.3405 0.5612 0.7544
vn 0.6908 0.4299 0.5813
vn 0.4996 0.3993 0.7687
vn 0.7272 0.3432 0.5945
vn 0.5767 0.3110 0.7554
vn 0.6093 0.1416 0.7802
vn 0.7668 0.1817 0.6156
vn 0.7348 0.3256 0.5951
vn 0.5769 0.2568 0.7754
vn 0.7858 0.0422 0.6170
vn 0.7834 0.0944 0.6143
vn 0.1125 0.9766 0.1830
vn 0.2886 0.9568 -0.0344
vn 0.1582 0.9807 0.1151
vn 0.1092 0.9745 0.1960
vn 0.7155 0.6753 0.1790
vn 0.4594 0.8879 0.0236
vn 0.8149 0.4711 0.3375
vn 0.8490 0.3596 0.3871
vn 0.8898 0.2272 0.3957
vn 0.8625 0.3291 0.3844
vn 0.8421 0.0534 0.5366
vn 0.7595 0.6482 0.0549
vn 0.5935 0.8012 0.0770
vn 0.8285 0.5432 0.1358
vn 0.8499 0.4804 0.2165
vn 0.8849 0.3720 0.2805
vn 0.9275 0.2542 0.2740
vn 0.9107 0.3029 0.2810
vn 0.9452 0.1361 0.2967
vn 0.3275 0.9367 -0.1238
vn 0.3550 0.9304 -0.0913
vn 0.4975 0.1216 0.8589
vn 0.5532 0.0120 0.8330
vn 0.4893 0.1521 0.8588
vn 0.5402 0.1019 0.8354
vn 0.5024 0.0566 0.8628
vn 0.5278 0.1940 0.8269
vn 0.3841 0.4107 0.8269
vn 0.4204 0.3388 0.8417
vn 0.4383 0.3219 0.8392
vn 0.2085 0.4801 0.8521
vn 0.3032 0.4212 0.8548
vn 0.0438 0.5852 0.8097
vn -0.2651 0.6085 0.7480
vn -0.1000 0.6646 0.7405
vn -0.1252 0.8623 0.4907
vn -0.4270 0.5480 0.7192
vn 0.1395 0.9681 0.2083
vn -0.0702 0.9353 0.3467
vn 0.0295 0.9717 0.2344
vn -0.2128 0.8586 0.4664
vn -0.1723 0.9330 0.3158
vn 0.0311 -0.7444 -0.6670
vn -0.3131 -0.8981 -0.3089
vn -0.5752 -0.6351 -0.5156
vn -0.3381 -0.5555 -0.7597
vn -0.6910 -0.4297 -0.5813
vn -0.5024 -0.3977 -0.7677
vn -0.7271 -0.3433 -0.5945
vn -0.5764 -0.3110 -0.7557
vn -0.6083 -0.1414 -0.7810
vn -0.5754 -0.2562 -0.7767
vn -0.7347 -0.3260 -0.5949
vn -0.7669 -0.1817 -0.6156
vn -0.7859 -0.0415 -0.6169
vn -0.7829 -0.0926 -0.6153
vn -0.4519 -0.8917 -0.0250
vn -0.1301 -0.9726 -0.1926
vn -0.2789 -0.9602 0.0148
vn -0.7160 -0.6749 -0.1785
vn -0.8152 -0.4710 -0.3371
vn -0.8488 -0.3602 -0.3870
vn -0.8900 -0.2273 -0.3952
vn -0.8623 -0.3282 -0.3856
vn -0.8420 -0.0528 -0.5369
vn -0.5928 -0.8018 -0.0751
vn -0.7598 -0.6479 -0.0545
vn -0.8349 -0.5483 -0.0488
vn -0.8288 -0.5429 -0.1350
vn -0.8501 -0.4804 -0.2159
vn -0.8644 -0.4500 -0.2242
vn -0.9273 -0.2552 -0.2738
vn -0.0357 0.8980 0.4386
vn -0.6242 0.7577 -0.1901
vn -0.9457 -0.1362 -0.2951
vn -0.3292 -0.9341 0.1379
vn -0.3351 -0.9331 0.1303
vn -0.3166 -0.9472 0.0513
vn -0.5475 -0.0118 -0.8367
vn -0.4954 -0.1214 -0.8602
vn -0.5022 -0.0558 -0.8629
vn -0.5415 -0.1015 -0.8346
vn -0.4917 -0.1504 -0.8577
vn -0.5258 -0.1935 -0.8283
vn -0.4382 -0.3210 -0.8396
vn -0.4208 -0.3385 -0.8416
vn -0.3825 -0.3972 -0.8342
vn -0.3912 -0.3932 -0.8321
vn -0.2420 -0.4623 -0.8530
vn -0.2382 -0.4360 -0.8679
vn -0.0413 -0.5838 -0.8109
vn 0.4330 -0.5377 -0.7234
vn -0.0209 -0.8987 -0.4380
vn 0.2671 -0.6064 -0.7490
vn -0.0796 -0.9542 -0.2885
vn 0.2164 -0.8530 -0.4749
vn -0.0479 -0.9653 -0.2567
vn 0.0781 -0.9022 -0.4242
vn -0.3651 -0.7642 0.5317
vn -0.3077 -0.8638 0.3990
vn -0.3060 -0.8637 0.4005
vn -0.3618 -0.7771 0.5150
vn 0.0732 0.2510 -0.9652
vn 0.0369 0.2103 -0.9769
vn 0.0373 0.2127 -0.9764
vn 0.0642 0.2447 -0.9675
vn 0.4047 -0.7362 -0.5424
vn 0.4112 -0.6030 -0.6836
vn 0.4114 -0.6146 -0.6731
vn 0.4076 -0.7364 -0.5399
vn 0.1413 -0.0717 -0.9874
vn -0.0137 0.0957 -0.9953
vn -0.0149 0.1018 -0.9947
vn 0.1378 -0.0701 -0.9880
vn 0.3625 -0.6798 0.6375
vn 0.4048 -0.6487 0.6445
vn 0.4020 -0.6508 0.6441
vn 0.3598 -0.6818 0.6370
vn 0.1347 -0.1237 -0.9831
vn 0.1337 -0.1243 -0.9832
vn 0.0762 0.2807 -0.9568
vn 0.0101 0.2169 -0.9762
vn 0.0135 0.2188 -0.9757
vn 0.0779 0.2819 -0.9563
vn 0.3509 -0.1780 -0.9193
vn 0.1819 0.1248 -0.9754
vn 0.1838 0.1252 -0.9750
vn 0.3523 -0.1800 -0.9184
vn 0.0602 -0.8002 0.5967
vn 0.0513 -0.8041 0.5923
vn 0.0522 -0.8037 0.5928
vn 0.0612 -0.7997 0.5972
vn 0.3749 -0.3072 -0.8747
vn 0.3742 -0.3074 -0.8749
vn 0.3150 -0.3354 -0.8879
vn 0.2709 -0.0468 -0.9615
vn 0.2838 -0.0636 -0.9568
vn 0.3109 -0.3358 -0.8891
vn 0.2279 0.2100 -0.9508
vn 0.2707 -0.9541 0.1283
vn -0.4636 0.8176 -0.3415
vn 0.2282 0.2102 -0.9506
vn 0.0420 0.1623 -0.9858
vn 0.2292 0.2104 -0.9504
vn 0.2796 -0.4184 -0.8642
vn 0.2819 -0.4222 -0.8615
vn -0.2797 -0.0374 -0.9593
vn -0.2746 -0.0247 -0.9612
vn 0.0617 -0.0778 -0.9951
vn 0.0485 -0.0818 -0.9955
vn 0.1630 -0.0664 -0.9844
vn 0.1636 -0.0647 -0.9844
vn 0.9531 -0.2468 -0.1753
vn 0.9591 -0.2254 -0.1715
vn 0.9582 -0.2287 -0.1721
vn 0.9521 -0.2503 -0.1759
vn -0.7369 -0.4731 0.4829
vn -0.7392 -0.4801 0.4723
vn -0.8302 -0.2595 0.4934
vn -0.8300 -0.2600 0.4935
vn -0.6648 -0.6427 0.3808
vn -0.6896 -0.5887 0.4217
vn -0.6907 -0.5897 0.4185
vn -0.6633 -0.6416 0.3852
vn 0.8163 -0.3691 -0.4443
vn 0.8160 -0.3527 -0.4579
vn 0.8141 -0.3532 -0.4610
vn 0.8176 -0.3697 -0.4413
vn -0.6533 -0.4838 0.5824
vn -0.6539 -0.4774 0.5869
vn -0.8105 -0.2990 0.5036
vn -0.8097 -0.2982 0.5055
vn 0.8654 -0.3345 -0.3732
vn 0.8608 -0.3352 -0.3830
vn -0.8477 -0.1350 0.5130
vn -0.8511 -0.1287 0.5090
vn -0.8095 -0.3264 0.4880
vn -0.7968 -0.3378 0.5010
vn -0.7972 -0.3382 0.5001
vn -0.8108 -0.3264 0.4859
vn 0.8134 -0.5715 -0.1088
vn 0.8042 -0.5793 -0.1332
vn 0.8048 -0.5788 -0.1315
vn 0.8140 -0.5709 -0.1071
vn -0.9082 0.0204 0.4180
vn -0.9091 0.0195 0.4161
vn -0.9643 -0.0947 0.2473
vn -0.9697 -0.0722 0.2335
vn -0.9810 0.1627 0.1054
vn -0.9827 0.1570 0.0987
vn -0.9997 -0.0214 -0.0084
vn -0.9993 -0.0325 -0.0202
vn -0.8149 -0.5563 0.1629
vn -0.8539 -0.4555 0.2518
vn -0.8525 -0.4609 0.2464
vn -0.8134 -0.5594 0.1596
vn 0.5413 -0.5275 0.6548
vn 0.5698 -0.6233 0.5356
vn 0.5682 -0.6169 0.5446
vn 0.5389 -0.5208 0.6620
vn -0.7974 -0.5826 0.1572
vn -0.7968 -0.5837 0.1564
vn -0.9317 -0.0423 -0.3607
vn -0.7907 0.0519 -0.6100
vn -0.7922 0.0537 -0.6079
vn -0.9512 -0.0602 -0.3026
vn -0.9960 -0.0456 -0.0773
vn -0.9966 -0.0292 -0.0776
vn -0.9443 -0.0362 0.3272
vn -0.9431 -0.0415 0.3298
vn -0.9424 -0.0314 0.3329
vn -0.9443 -0.0365 0.3271
vn 0.7763 -0.1508 0.6121
vn 0.7383 -0.1555 0.6563
vn 0.7393 -0.1593 0.6543
vn 0.7829 -0.1483 0.6043
vn -0.8510 -0.4685 0.2373
vn -0.8518 -0.4603 0.2502
vn -0.7665 -0.5654 0.3047
vn -0.7696 -0.5600 0.3069
vn 0.8115 -0.1169 0.5725
vn 0.8113 -0.1164 0.5729
vn 0.1271 0.9787 0.1612
vn 0.2949 0.9530 -0.0692
vn 0.3413 0.9323 -0.1202
vn 0.8346 0.5487 0.0488
vn 0.4833 0.3119 0.8180
vn 0.8644 0.4497 0.2250
vn 0.9030 0.3026 0.3052
vn 0.5628 0.2175 0.7975
vn 0.9032 0.3028 0.3043
vn 0.0653 -0.9376 -0.3416
vn 0.1665 -0.9365 -0.3085
vn -0.0975 -0.9786 -0.1815
vn -0.1598 -0.9803 -0.1161
vn 0.1007 -0.6632 -0.7416
vn -0.4828 -0.3121 -0.8183
vn -0.5622 -0.2183 -0.7977
vn -0.8850 -0.3718 -0.2802
vn -0.9032 -0.3025 -0.3045
vn -0.9049 -0.3080 -0.2938
vn 0.0180 0.7994 0.6006
vn 0.0620 0.9805 0.1867
vn -0.4531 0.8809 0.1366
vn -0.3391 0.7675 0.5440
vn 0.0035 0.6176 0.7864
vn -0.2759 0.6265 0.7289
vn 0.0024 0.5370 0.8436
vn -0.2292 0.5421 0.8084
vn -0.2497 0.3892 0.8867
vn -0.0125 0.3925 0.9197
vn 0.0041 0.5200 0.8541
vn -0.2511 0.4953 0.8317
vn -0.0207 0.2617 0.9649
vn -0.0159 0.3075 0.9514
vn 0.0583 0.9945 -0.0873
vn 0.3564 0.9330 -0.0499
vn 0.1463 0.9854 -0.0871
vn 0.0428 0.9957 -0.0826
vn 0.4016 0.7495 0.5263
vn 0.4076 0.8997 0.1560
vn 0.2925 0.5939 0.7495
vn 0.2522 0.4989 0.8291
vn 0.2483 0.3779 0.8919
vn 0.2577 0.4690 0.8448
vn 0.0724 0.2499 0.9656
vn 0.5289 0.6855 0.5003
vn 0.4350 0.8403 0.3234
vn 0.4835 0.6050 0.6326
vn 0.4174 0.5684 0.7090
vn 0.3654 0.4822 0.7962
vn 0.3750 0.3684 0.8507
vn 0.3681 0.4155 0.8318
vn 0.3456 0.2631 0.9007
vn 0.4557 0.8881 -0.0603
vn 0.4453 0.8952 -0.0167
vn -0.3848 0.3810 0.8407
vn -0.3418 0.2800 0.8971
vn -0.3850 0.4159 0.8239
vn -0.3440 0.3624 0.8662
vn -0.3916 0.3265 0.8602
vn -0.3298 0.4468 0.8316
vn -0.3931 0.6401 0.6601
vn -0.3915 0.5811 0.7135
vn -0.3805 0.5652 0.7320
vn -0.5098 0.6984 0.5024
vn -0.4615 0.6541 0.5993
vn -0.5598 0.7702 0.3056
vn -0.6739 0.7388 0.0113
vn -0.5738 0.8094 0.1253
vn -0.3475 0.9339 -0.0847
vn -0.7419 0.6589 -0.1241
vn 0.0529 0.9975 -0.0467
vn -0.2011 0.9697 -0.1388
vn -0.0410 0.9910 -0.1278
vn -0.3911 0.9044 -0.1707
vn -0.2367 0.9414 -0.2404
vn 0.4535 -0.8818 -0.1298
vn -0.0704 -0.9802 -0.1849
vn -0.0183 -0.7990 -0.6011
vn 0.3451 -0.7634 -0.5460
vn -0.0036 -0.6174 -0.7866
vn 0.2733 -0.6249 -0.7313
vn -0.0024 -0.5371 -0.8435
vn 0.2296 -0.5422 -0.8083
vn 0.2507 -0.3892 -0.8864
vn 0.2529 -0.4950 -0.8313
vn -0.0042 -0.5204 -0.8539
vn 0.0125 -0.3924 -0.9197
vn 0.0208 -0.2611 -0.9651
vn 0.0170 -0.3061 -0.9519
vn -0.4020 -0.9034 -0.1488
vn -0.0604 -0.9960 0.0653
vn -0.3337 -0.9414 0.0485
vn -0.4023 -0.7489 -0.5266
vn -0.2930 -0.5936 -0.7495
vn -0.2524 -0.4995 -0.8287
vn -0.2489 -0.3778 -0.8918
vn -0.2564 -0.4684 -0.8455
vn -0.0719 -0.2494 -0.9657
vn -0.4363 -0.8404 -0.3216
vn -0.5294 -0.6851 -0.5004
vn -0.5612 -0.5834 -0.5872
vn -0.4843 -0.6045 -0.6325
vn -0.4180 -0.5683 -0.7088
vn -0.4138 -0.5403 -0.7327
vn -0.3753 -0.3691 -0.8503
vn 0.0497 0.9471 -0.3170
vn -0.2812 0.7269 -0.6266
vn -0.3473 -0.2628 -0.9002
vn -0.4692 -0.8806 0.0660
vn -0.4654 -0.8833 0.0561
vn -0.3880 -0.9211 0.0320
vn 0.3481 -0.2806 -0.8945
vn 0.3870 -0.3809 -0.8397
vn 0.3921 -0.3262 -0.8601
vn 0.3428 -0.3621 -0.8668
vn 0.3830 -0.4143 -0.8256
vn 0.3319 -0.4467 -0.8309
vn 0.3810 -0.5644 -0.7323
vn 0.3913 -0.5808 -0.7138
vn 0.4014 -0.6293 -0.6655
vn 0.3950 -0.6286 -0.6699
vn 0.4925 -0.6839 -0.5382
vn 0.5102 -0.6654 -0.5449
vn 0.5623 -0.7688 -0.3044
vn 0.7493 -0.6506 0.1239
vn 0.2024 -0.9793 -0.0017
vn 0.6760 -0.7368 -0.0108
vn 0.0585 -0.9970 0.0504
vn 0.4005 -0.9008 0.1676
vn 0.0482 -0.9940 0.0983
vn 0.2704 -0.9582 0.0931
vn -0.7809 -0.5906 0.2034
vn -0.6602 -0.7216 0.2084
vn -0.6603 -0.7208 0.2107
vn -0.7771 -0.5979 0.1968
vn 0.8543 -0.0416 -0.5181
vn 0.8366 -0.0836 -0.5413
vn 0.8369 -0.0811 -0.5414
vn 0.8510 -0.0491 -0.5229
vn 0.5729 -0.7810 0.2486
vn 0.6981 -0.7013 0.1445
vn 0.6968 -0.7014 0.1503
vn 0.5725 -0.7802 0.2522
vn 0.8636 -0.3320 -0.3795
vn 0.8054 -0.1950 -0.5597
vn 0.8035 -0.1868 -0.5652
vn 0.8617 -0.3285 -0.3866
vn -0.3909 -0.4101 0.8240
vn -0.3660 -0.3766 0.8510
vn -0.3678 -0.3789 0.8492
vn -0.3925 -0.4122 0.8222
vn 0.8493 -0.3765 -0.3701
vn 0.8486 -0.3772 -0.3709
vn 0.8541 -0.0115 -0.5200
vn 0.8213 -0.0789 -0.5649
vn 0.8235 -0.0766 -0.5621
vn 0.8562 -0.0123 -0.5165
vn 0.9081 -0.3951 -0.1384
vn 0.9076 -0.1599 -0.3883
vn 0.9040 -0.1378 -0.4046
vn 0.9115 -0.3840 -0.1473
vn -0.5690 -0.5613 0.6010
vn -0.5719 -0.5672 0.5927
vn -0.5717 -0.5668 0.5932
vn -0.5687 -0.5605 0.6020
vn 0.8698 -0.4890 -0.0660
vn 0.8696 -0.4893 -0.0667
vn 0.8441 -0.5240 -0.1137
vn 0.9172 -0.3046 -0.2568
vn 0.9216 -0.2881 -0.2600
vn 0.8437 -0.5236 -0.1186
vn 0.9270 -0.0647 -0.3695
vn 0.3758 -0.9147 -0.1484
vn -0.6208 0.7750 0.1184
vn 0.9268 -0.0647 -0.3698
vn 0.8374 -0.1297 -0.5309
vn 0.9274 -0.0641 -0.3685
vn 0.7953 -0.5969 -0.1063
vn 0.7975 -0.5941 -0.1053
vn 0.6046 -0.3218 -0.7287
vn 0.6111 -0.3095 -0.7286
vn 0.8235 -0.3428 -0.4521
vn 0.8177 -0.3492 -0.4575
vn 0.8739 -0.3236 -0.3627
vn 0.8746 -0.3219 -0.3626
vn 0.6517 -0.2056 0.7301
vn 0.6558 -0.1857 0.7318
vn 0.6551 -0.1892 0.7315
vn 0.6510 -0.2088 0.7298
vn -0.9094 -0.3556 -0.2160
vn -0.9082 -0.3495 -0.2302
vn -0.9263 -0.1420 -0.3491
vn -0.9265 -0.1453 -0.3472
vn -0.8285 -0.5317 -0.1754
vn -0.8637 -0.4678 -0.1877
vn -0.8620 -0.4698 -0.1905
vn -0.8298 -0.5315 -0.1704
vn 0.7624 -0.3903 0.5162
vn 0.7749 -0.3805 0.5048
vn 0.7767 -0.3809 0.5016
vn 0.7609 -0.3899 0.5186
vn -0.9410 -0.3261 -0.0902
vn -0.9471 -0.3048 -0.1000
vn -0.9320 -0.1751 -0.3173
vn -0.9326 -0.1741 -0.3161
vn 0.7398 -0.3385 0.5815
vn 0.7448 -0.3421 0.5730
vn -0.9259 -0.0348 -0.3762
vn -0.9201 -0.0190 -0.3912
vn -0.9255 -0.2053 -0.3182
vn -0.9307 -0.2111 -0.2986
vn -0.9305 -0.2116 -0.2990
vn -0.9245 -0.2053 -0.3212
vn 0.4765 -0.4756 0.7394
vn 0.4893 -0.4897 0.7216
vn 0.4884 -0.4887 0.7229
vn 0.4756 -0.4746 0.7406
vn -0.8525 0.0793 -0.5166
vn -0.8518 0.0780 -0.5181
vn -0.7847 -0.0843 -0.6141
vn -0.7632 -0.0543 -0.6438
vn -0.6268 0.1145 -0.7708
vn -0.6266 0.1046 -0.7723
vn -0.5847 -0.0803 -0.8073
vn -0.5774 -0.0931 -0.8111
vn -0.7247 -0.5238 -0.4477
vn -0.7963 -0.3995 -0.4542
vn -0.7924 -0.4065 -0.4548
vn -0.7219 -0.5276 -0.4478
vn -0.2736 -0.2554 0.9273
vn -0.1746 -0.3704 0.9123
vn -0.1819 -0.3624 0.9141
vn -0.2802 -0.2473 0.9276
vn -0.7151 -0.5512 -0.4299
vn -0.7144 -0.5524 -0.4296
vn -0.2663 -0.1936 -0.9442
vn 0.0266 -0.1721 -0.9847
vn 0.0245 -0.1702 -0.9851
vn -0.3459 -0.1980 -0.9171
vn -0.5335 -0.1213 -0.8370
vn -0.5306 -0.1066 -0.8409
vn -0.8146 0.0029 -0.5800
vn -0.8170 -0.0017 -0.5766
vn -0.8170 0.0084 -0.5766
vn -0.8146 0.0026 -0.5800
vn -0.0468 0.0831 0.9954
vn -0.1086 0.0885 0.9901
vn -0.1066 0.0841 0.9907
vn -0.0430 0.0823 0.9957
vn -0.7857 -0.4162 -0.4577
vn -0.7954 -0.4048 -0.4511
vn -0.8117 -0.4856 -0.3246
vn -0.8140 -0.4799 -0.3273
vn 0.0075 0.1035 0.9946
vn 0.0070 0.1047 0.9945
vn 0.0867 0.9924 -0.0877
vn 0.3896 0.9188 -0.0629
vn 0.4610 0.8863 -0.0446
vn 0.5610 0.5838 0.5869
vn -0.3373 0.5528 0.7620
vn 0.4132 0.5402 0.7331
vn 0.3433 0.4216 0.8393
vn -0.2824 0.4585 0.8426
vn 0.3443 0.4216 0.8389
vn 0.1936 -0.9713 0.1385
vn 0.2268 -0.9437 0.2408
vn -0.0485 -0.9936 0.1018
vn -0.1464 -0.9856 0.0850
vn 0.5752 -0.8083 -0.1256
vn 0.3377 -0.5529 -0.7617
vn 0.2829 -0.4593 -0.8420
vn -0.3657 -0.4819 -0.7963
vn -0.3441 -0.4214 -0.8390
vn -0.3549 -0.4238 -0.8333
vn -0.0722 0.1072 -0.9916
vn -0.0693 0.6343 -0.7700
vn 0.2305 0.5611 -0.7950
vn 0.4402 0.3611 -0.8221
vn 0.5158 0.1000 -0.8509
vn 0.4474 -0.1626 -0.8794
vn 0.2444 -0.3691 -0.8967
vn -0.0515 -0.4549 -0.8891
vn -0.3493 -0.3833 -0.8550
vn -0.5575 -0.1867 -0.8089
vn -0.6336 0.0724 -0.7702
vn -0.5674 0.3369 -0.7514
vn -0.3658 0.5468 -0.7532
vn 0.2372 0.5476 -0.8024
vn -0.0698 0.6189 -0.7824
vn -0.0479 0.9303 -0.3637
vn 0.4358 0.8040 -0.4045
vn 0.4484 0.3525 -0.8214
vn 0.7563 0.4756 -0.4493
vn 0.5210 0.1019 -0.8475
vn 0.8644 0.0688 -0.4981
vn 0.4505 -0.1474 -0.8805
vn 0.7640 -0.3384 -0.5493
vn 0.2449 -0.3416 -0.9074
vn 0.4535 -0.6720 -0.5855
vn -0.0534 -0.4214 -0.9053
vn -0.0210 -0.8159 -0.5778
vn -0.3495 -0.3508 -0.8688
vn -0.4922 -0.6936 -0.5260
vn -0.5615 -0.1717 -0.8095
vn -0.3572 -0.3638 -0.8603
vn -0.5106 -0.6921 -0.5102
vn -0.8162 -0.3764 -0.4384
vn -0.6384 0.0741 -0.7661
vn -0.9278 0.0258 -0.3723
vn -0.5749 0.3279 -0.7496
vn -0.8334 0.4375 -0.3377
vn -0.3727 0.5329 -0.7597
vn -0.5259 0.7810 -0.3370
vn -0.0150 0.9920 0.1255
vn 0.5254 0.8481 0.0681
vn 0.8783 0.4781 -0.0041
vn 0.8921 -0.4356 -0.1202
vn 0.5506 -0.8223 -0.1436
vn 0.0150 -0.9920 -0.1255
vn -0.5182 -0.8523 -0.0706
vn -0.5413 -0.8384 -0.0643
vn -0.8783 -0.4781 0.0041
vn -0.8921 0.4356 0.1202
vn -0.5506 0.8223 0.1436
vn 0.0210 0.8159 0.5778
vn 0.4981 0.6948 0.5187
vn 0.8162 0.3764 0.4384
vn 0.9277 -0.0258 0.3723
vn 0.8334 -0.4374 0.3377
vn 0.5258 -0.7809 0.3371
vn 0.0478 -0.9303 0.3636
vn -0.4284 -0.8060 0.4086
vn -0.4510 -0.7972 0.4014
vn -0.7563 -0.4756 0.4493
vn -0.8644 -0.0688 0.4981
vn -0.7640 0.3385 0.5493
vn -0.4534 0.6720 0.5855
vn 0.0534 0.4214 0.9053
vn 0.3525 0.3559 0.8655
vn 0.5615 0.1717 0.8095
vn 0.6384 -0.0741 0.7661
vn 0.5749 -0.3280 0.7496
vn 0.3727 -0.5329 0.7596
vn 0.0698 -0.6189 0.7823
vn -0.2311 -0.5463 0.8051
vn -0.2450 -0.5513 0.7975
vn -0.4483 -0.3525 0.8214
vn -0.5210 -0.1019 0.8475
vn -0.4505 0.1474 0.8805
vn -0.2449 0.3416 0.9074
vn 0.0722 -0.1072 0.9916
vn 0.3493 0.3833 0.8550
vn 0.0515 0.4549 0.8891
vn 0.5575 0.1867 0.8089
vn 0.6337 -0.0724 0.7702
vn 0.5674 -0.3369 0.7514
vn 0.3658 -0.5468 0.7532
vn 0.0693 -0.6343 0.7700
vn -0.2305 -0.5611 0.7950
vn -0.4402 -0.3610 0.8221
vn -0.5157 -0.1000 0.8509
vn -0.4474 0.1626 0.8794
vn -0.2444 0.3691 0.8967
vn 0.3139 0.8830 -0.3489
vn 0.4274 0.9012 0.0722
vn 0.8132 0.5808 -0.0371
vn 0.6162 0.6751 -0.4056
vn 0.1937 0.7883 -0.5840
vn 0.4595 0.6432 -0.6125
vn 0.1356 0.7337 -0.6658
vn 0.3551 0.6133 -0.7055
vn 0.2656 0.4777 -0.8374
vn 0.0461 0.6080 -0.7926
vn 0.1217 0.7222 -0.6809
vn 0.3441 0.5645 -0.7503
vn -0.0374 0.4856 -0.8734
vn -0.0070 0.5297 -0.8481
vn 0.4751 0.8244 0.3076
vn 0.2147 0.9167 0.3369
vn 0.4059 0.8537 0.3262
vn 0.4869 0.8201 0.3007
vn -0.0217 0.9831 -0.1815
vn 0.1211 0.9774 0.1735
vn -0.0658 0.8853 -0.4604
vn -0.1067 0.8095 -0.5774
vn -0.1877 0.7111 -0.6776
vn -0.1316 0.7892 -0.5998
vn -0.1362 0.5275 -0.8386
vn -0.1504 0.9806 -0.1256
vn 0.0432 0.9980 0.0451
vn -0.1925 0.9388 -0.2855
vn -0.1782 0.9051 -0.3861
vn -0.2058 0.8364 -0.5081
vn -0.2935 0.7499 -0.5928
vn -0.2559 0.7848 -0.5645
vn -0.3444 0.6509 -0.6766
vn 0.1199 0.9248 0.3611
vn 0.1234 0.9369 0.3271
vn 0.3959 0.3847 -0.8339
vn 0.2819 0.3197 -0.9046
vn 0.4213 0.4150 -0.8064
vn 0.3372 0.3948 -0.8547
vn 0.3638 0.3303 -0.8710
vn 0.3883 0.4769 -0.7886
vn 0.5863 0.5762 -0.5694
vn 0.5433 0.5381 -0.6444
vn 0.5211 0.5349 -0.6651
vn 0.7400 0.5196 -0.4271
vn 0.6630 0.5347 -0.5239
vn 0.8332 0.5002 -0.2355
vn 0.9440 0.3300 -0.0006
vn 0.8803 0.4701 -0.0638
vn 0.7789 0.5967 0.1929
vn 0.9790 0.1931 0.0650
vn 0.4710 0.8380 0.2755
vn 0.6709 0.6846 0.2851
vn 0.5572 0.7693 0.3124
vn 0.8037 0.5420 0.2455
vn 0.7016 0.6216 0.3484
vn -0.8148 -0.5789 0.0325
vn -0.4217 -0.9036 -0.0750
vn -0.3133 -0.8830 0.3495
vn -0.6196 -0.6688 0.4108
vn -0.1934 -0.7882 0.5842
vn -0.4562 -0.6439 0.6143
vn -0.1356 -0.7338 0.6657
vn -0.3556 -0.6131 0.7055
vn -0.2668 -0.4771 0.8374
vn -0.3458 -0.5632 0.7505
vn -0.1218 -0.7225 0.6805
vn -0.0460 -0.6081 0.7925
vn 0.0379 -0.4850 0.8737
vn 0.0068 -0.5278 0.8493
vn -0.1283 -0.9754 -0.1791
vn -0.4712 -0.8330 -0.2900
vn -0.2355 -0.9133 -0.3324
vn 0.0227 -0.9831 0.1818
vn 0.0664 -0.8852 0.4604
vn 0.1064 -0.8100 0.5767
vn 0.1880 -0.7113 0.6772
vn 0.1309 -0.7885 0.6009
vn 0.1362 -0.5269 0.8389
vn -0.0427 -0.9980 -0.0469
vn 0.1510 -0.9805 0.1257
vn 0.2597 -0.9389 0.2260
vn 0.1935 -0.9387 0.2853
vn 0.1788 -0.9051 0.3859
vn 0.1976 -0.8866 0.4181
vn 0.2930 -0.7507 0.5921
vn 0.1037 -0.9046 0.4134
vn 0.0558 -0.9306 0.3618
vn 0.3457 -0.6512 0.6756
vn -0.1043 -0.9241 -0.3677
vn -0.1096 -0.9268 -0.3593
vn -0.1822 -0.9267 -0.3287
vn -0.2886 -0.3161 0.9038
vn -0.3980 -0.3832 0.8335
vn -0.3638 -0.3296 0.8712
vn -0.3357 -0.3951 0.8551
vn -0.4181 -0.4151 0.8080
vn -0.3904 -0.4753 0.7885
vn -0.5211 -0.5341 0.6657
vn -0.5430 -0.5381 0.6447
vn -0.5875 -0.5634 0.5808
vn -0.5792 -0.5666 0.5861
vn -0.7133 -0.5277 0.4612
vn -0.7183 -0.5026 0.4811
vn -0.8349 -0.4974 0.2356
vn -0.9815 -0.1818 -0.0605
vn -0.6779 -0.7157 -0.1682
vn -0.9450 -0.3272 0.0011
vn -0.5630 -0.7869 -0.2526
vn -0.8095 -0.5359 -0.2398
vn -0.5547 -0.7790 -0.2924
vn -0.7183 -0.6575 -0.2273
vn 0.2588 -0.8224 -0.5067
vn 0.0925 -0.8606 -0.5008
vn 0.0925 -0.8596 -0.5026
vn 0.2587 -0.8272 -0.4987
vn -0.6489 0.2743 0.7098
vn -0.6580 0.2225 0.7194
vn -0.6571 0.2241 0.7197
vn -0.6517 0.2665 0.7101
vn -0.9045 -0.3495 -0.2443
vn -0.9635 -0.2460 -0.1054
vn -0.9607 -0.2523 -0.1162
vn -0.9043 -0.3480 -0.2472
vn -0.8571 0.0392 0.5136
vn -0.6872 0.0963 0.7201
vn -0.7063 0.1028 0.7004
vn -0.8575 0.0373 0.5132
vn -0.0743 -0.3716 -0.9254
vn -0.0822 -0.3264 -0.9417
vn -0.0818 -0.3292 -0.9407
vn -0.0738 -0.3745 -0.9243
vn -0.8744 -0.0093 0.4851
vn -0.8742 -0.0105 0.4855
vn -0.6307 0.3011 0.7153
vn -0.6384 0.2134 0.7395
vn -0.6392 0.2175 0.7376
vn -0.6313 0.3035 0.7137
vn -0.9567 0.0631 0.2843
vn -0.7805 0.2273 0.5824
vn -0.7806 0.2288 0.5817
vn -0.9584 0.0603 0.2789
vn 0.0318 -0.6191 -0.7847
vn 0.0324 -0.6265 -0.7787
vn 0.0323 -0.6257 -0.7794
vn 0.0317 -0.6183 -0.7853
vn -0.9844 -0.0325 0.1729
vn -0.9843 -0.0331 0.1735
vn -0.9758 -0.0872 0.2007
vn -0.8969 0.1273 0.4236
vn -0.9014 0.1282 0.4136
vn -0.9748 -0.0898 0.2041
vn -0.7492 0.3220 0.5788
vn -0.4691 0.0685 0.8805
vn -0.8109 0.2614 0.5236
vn -0.5866 0.1704 0.7918
vn -0.7491 0.3214 0.5793
vn -0.6914 0.1789 0.7000
vn -0.7493 0.3222 0.5786
vn -0.9712 -0.1735 0.1634
vn -0.9718 -0.1734 0.1595
vn -0.5782 -0.1748 0.7970
vn -0.5764 -0.1607 0.8012
vn -0.8190 -0.0136 0.5736
vn -0.8236 -0.0190 0.5668
vn -0.8652 0.0552 0.4984
vn -0.8649 0.0565 0.4987
vn -0.8004 0.2966 -0.5209
vn -0.7945 0.3178 -0.5174
vn -0.7954 0.3149 -0.5179
vn -0.8012 0.2936 -0.5214
vn 0.5884 -0.7968 -0.1373
vn 0.5978 -0.7927 -0.1196
vn 0.7529 -0.6577 0.0244
vn 0.7518 -0.6590 0.0231
vn 0.4089 -0.8921 -0.1921
vn 0.4757 -0.8618 -0.1762
vn 0.4735 -0.8635 -0.1735
vn 0.4091 -0.8909 -0.1973
vn -0.9307 0.1332 -0.3405
vn -0.9339 0.1460 -0.3262
vn -0.9353 0.1452 -0.3228
vn -0.9297 0.1334 -0.3432
vn 0.6108 -0.7545 -0.2400
vn 0.6158 -0.7502 -0.2408
vn 0.7315 -0.6818 -0.0121
vn 0.7324 -0.6807 -0.0133
vn -0.9012 0.1835 -0.3926
vn -0.9060 0.1803 -0.3831
vn 0.8248 -0.5590 0.0854
vn 0.8223 -0.5628 0.0847
vn 0.7099 -0.7041 -0.0160
vn 0.7057 -0.7075 -0.0378
vn 0.7052 -0.7080 -0.0373
vn 0.7080 -0.7060 -0.0163
vn -0.7825 -0.0294 -0.6219
vn -0.7948 -0.0393 -0.6055
vn -0.7939 -0.0386 -0.6068
vn -0.7815 -0.0286 -0.6232
vn 0.8526 -0.4605 0.2470
vn 0.8514 -0.4619 0.2484
vn 0.7380 -0.5811 0.3431
vn 0.7344 -0.5926 0.3309
vn 0.7461 -0.3841 0.5438
vn 0.7401 -0.3865 0.5504
vn 0.6222 -0.5546 0.5526
vn 0.6088 -0.5660 0.5559
vn 0.3923 -0.9172 0.0699
vn 0.5242 -0.8470 0.0888
vn 0.5167 -0.8515 0.0887
vn 0.3884 -0.9186 0.0727
vn -0.1095 -0.1590 -0.9812
vn -0.2494 -0.2139 -0.9445
vn -0.2396 -0.2102 -0.9479
vn -0.0997 -0.1550 -0.9829
vn 0.3648 -0.9297 0.0513
vn 0.3636 -0.9301 0.0510
vn 0.3299 -0.5575 0.7618
vn 0.0919 -0.3985 0.9125
vn 0.0954 -0.3976 0.9126
vn 0.3661 -0.5749 0.7317
vn 0.5646 -0.5783 0.5889
vn 0.5705 -0.5651 0.5960
vn 0.7955 -0.5285 0.2963
vn 0.7947 -0.5321 0.2920
vn 0.7998 -0.5236 0.2936
vn 0.7952 -0.5291 0.2962
vn -0.1278 0.2979 -0.9460
vn -0.0700 0.2720 -0.9598
vn -0.0738 0.2695 -0.9602
vn -0.1355 0.3027 -0.9434
vn 0.5061 -0.8567 0.1001
vn 0.5193 -0.8510 0.0782
vn 0.4552 -0.8890 -0.0497
vn 0.4605 -0.8864 -0.0468
vn -0.1653 0.3482 -0.9227
vn -0.1642 0.3490 -0.9226
vn 0.4518 0.8351 0.3138
vn 0.1854 0.9172 0.3527
vn 0.1114 0.9301 0.3499
vn -0.2592 0.9391 -0.2257
vn 0.4696 0.5545 -0.6870
vn -0.1971 0.8864 -0.4189
vn -0.2334 0.7817 -0.5783
vn 0.3524 0.5168 -0.7802
vn -0.2343 0.7820 -0.5776
vn -0.6654 -0.6891 -0.2870
vn -0.6949 -0.6274 -0.3513
vn -0.4844 -0.8157 -0.3162
vn -0.4059 -0.8543 -0.3248
vn -0.8810 -0.4687 0.0647
vn -0.4702 -0.5544 0.6867
vn -0.3535 -0.5172 0.7795
vn 0.2061 -0.8363 0.5081
vn 0.2342 -0.7818 0.5779
vn 0.2407 -0.7869 0.5682
vn -0.7797 0.4283 0.4568
vn -0.8429 -0.1673 0.5114
vn -0.6678 -0.0910 0.7388
vn -0.4849 0.1037 0.8684
vn -0.3432 0.3646 0.8656
vn -0.2806 0.6218 0.7311
vn -0.3141 0.8064 0.5010
vn -0.4344 0.8690 0.2369
vn -0.6095 0.7927 0.0096
vn -0.7924 0.5981 -0.1201
vn -0.9341 0.3371 -0.1173
vn -0.9967 0.0799 0.0172
vn -0.9633 -0.1047 0.2473
vn -0.6639 -0.6211 0.4165
vn -0.3901 -0.5018 0.7720
vn -0.1040 -0.1974 0.9748
vn 0.1176 0.2107 0.9704
vn 0.2155 0.6130 0.7601
vn -0.3140 0.8065 0.5010
vn 0.1632 0.9018 0.4002
vn -0.0250 0.9996 -0.0129
vn -0.2989 0.8803 -0.3684
vn -0.6095 0.7927 0.0095
vn -0.5849 0.5758 -0.5712
vn -0.8066 0.1678 -0.5668
vn -0.9044 -0.2345 -0.3565
vn -0.8522 -0.5232 0.0034
vn -0.3560 -0.9033 0.2393
vn -0.0508 -0.7703 0.6356
vn 0.2681 -0.4309 0.8616
vn 0.5151 0.0239 0.8568
vn 0.6241 0.4724 0.6224
vn 0.5659 0.7942 0.2211
vn 0.3561 0.9033 -0.2393
vn 0.0508 0.7703 -0.6356
vn -0.2681 0.4309 -0.8617
vn -0.5151 -0.0239 -0.8568
vn -0.6241 -0.4724 -0.6224
vn -0.5659 -0.7942 -0.2212
vn 0.0250 -0.9996 0.0129
vn 0.2989 -0.8803 0.3684
vn 0.5850 -0.5758 0.5712
vn 0.8066 -0.1678 0.5668
vn 0.9044 0.2346 0.3565
vn 0.8522 0.5233 -0.0034
vn 0.6639 0.6211 -0.4165
vn 0.3900 0.5018 -0.7721
vn 0.3900 0.5018 -0.7720
vn 0.1040 0.1974 -0.9748
vn -0.1176 -0.2107 -0.9704
vn -0.2155 -0.6130 -0.7602
vn -0.1632 -0.9018 -0.4002
vn 0.4344 -0.8690 -0.2369
vn 0.6095 -0.7927 -0.0095
vn 0.7924 -0.5980 0.1201
vn 0.9341 -0.3371 0.1173
vn 0.9967 -0.0799 -0.0172
vn 0.9633 0.1047 -0.2473
vn 0.8429 0.1673 -0.5114
vn 0.6678 0.0910 -0.7388
vn 0.4849 -0.1037 -0.8684
vn 0.3432 -0.3646 -0.8656
vn 0.2806 -0.6218 -0.7311
vn 0.3141 -0.8064 -0.5010
vn 0.7797 -0.4283 -0.4568
vn 0.7924 -0.5981 0.1201
vn 0.3140 -0.8065 -0.5010
vn -0.3538 0.8637 0.3590
vn -0.3049 -0.0000 0.9524
vn 0.9479 -0.0000 0.3186
vn 0.2344 -0.0000 -0.9721
vn -0.9329 -0.0000 -0.3600
vn 0.4137 0.8348 0.3633
vn 0.2786 -0.0000 0.9604
vn -0.2571 -0.0000 -0.9664
vn -0.3358 0.8431 -0.4201
vn 0.9231 -0.0000 -0.3845
vn -0.9548 -0.0000 0.2973
vn 0.3946 0.8149 -0.4245
vn -0.2368 0.4649 0.8531
vn 0.2416 0.4978 0.8330
vn 0.8067 0.5251 0.2712
vn 0.7844 0.5273 -0.3267
vn 0.2078 0.4627 -0.8618
vn -0.2290 0.4549 -0.8606
vn -0.8185 0.4659 -0.3363
vn -0.8555 0.4470 0.2614
vn -0.1788 0.6447 0.7433
vn 0.2355 0.5721 0.7856
vn 0.7071 0.6716 0.2213
vn 0.6332 0.7250 -0.2709
vn 0.1696 0.6925 -0.7012
vn -0.1851 0.6961 -0.6937
vn -0.5822 0.7606 -0.2872
vn -0.6270 0.7596 0.1729
vn -0.3198 -0.0644 0.9453
vn 0.2934 0.0305 0.9555
vn 0.9489 0.1096 0.2958
vn 0.9259 0.0774 -0.3698
vn 0.2444 -0.0536 -0.9682
vn -0.2732 -0.1321 -0.9528
vn -0.9231 -0.2042 -0.3259
vn -0.9413 -0.1804 0.2854
vn -0.1470 0.8126 0.5640
vn 0.2318 0.8040 0.5476
vn 0.6117 0.7778 0.1444
vn 0.5957 0.7637 -0.2486
vn 0.2080 0.7238 -0.6579
vn -0.1311 0.7289 -0.6720
vn -0.5788 0.7724 -0.2614
vn -0.5955 0.7872 0.1605
vn -0.3229 -0.0680 0.9440
vn 0.2898 -0.0289 0.9567
vn 0.9525 -0.0119 0.3044
vn 0.9302 -0.0439 -0.3644
vn 0.2407 -0.1074 -0.9646
vn -0.2832 -0.1391 -0.9489
vn -0.9342 -0.1539 -0.3217
vn -0.9493 -0.1276 0.2873
vn -0.1338 0.8022 0.5818
vn 0.2852 0.7674 0.5743
vn 0.6964 0.7053 0.1326
vn 0.6673 0.6880 -0.2853
vn 0.2239 0.6649 -0.7125
vn -0.0999 0.6861 -0.7206
vn -0.5626 0.7642 -0.3155
vn -0.5956 0.7922 0.1333
vn -0.3140 0.0661 0.9471
vn 0.3042 0.0850 0.9488
vn 0.9542 0.0622 0.2927
vn 0.9299 0.0201 -0.3674
vn 0.2451 -0.0474 -0.9683
vn -0.2803 -0.0673 -0.9575
vn -0.9423 -0.0474 -0.3313
vn -0.9578 -0.0015 0.2875
vn -0.3193 -0.0041 0.9476
vn 0.2853 -0.0501 0.9571
vn 0.9387 -0.1406 0.3148
vn 0.9171 -0.1806 -0.3553
vn 0.2293 -0.1592 -0.9602
vn -0.2883 -0.1207 -0.9499
vn -0.9439 -0.0365 -0.3282
vn -0.9565 0.0064 0.2917
vn -0.0631 0.8916 0.4485
vn 0.2841 0.8458 0.4516
vn 0.6464 0.7587 0.0813
vn 0.6237 0.7239 -0.2948
vn 0.2448 0.7036 -0.6671
vn -0.0632 0.7431 -0.6662
vn -0.4428 0.8468 -0.2948
vn -0.4560 0.8867 0.0758
vn -0.3058 0.1093 0.9458
vn 0.2982 0.0379 0.9538
vn 0.9478 -0.0885 0.3062
vn 0.9219 -0.1233 -0.3673
vn 0.2377 -0.0719 -0.9687
vn -0.2728 -0.0121 -0.9620
vn -0.9336 0.0946 -0.3456
vn -0.9495 0.1340 0.2836
vn -0.3448 -0.1938 0.9184
vn 0.2540 -0.2669 0.9297
vn 0.9086 -0.3028 0.2876
vn 0.8905 -0.2576 -0.3750
vn 0.2283 -0.1198 -0.9662
vn -0.2766 -0.0592 -0.9592
vn -0.9358 -0.0287 -0.3513
vn -0.9620 -0.0659 0.2649
vn 0.1015 0.9786 0.1792
vn 0.1686 0.9690 0.1804
vn 0.2421 0.9642 0.1082
vn 0.2397 0.9702 0.0340
vn 0.1685 0.9847 -0.0441
vn 0.1060 0.9934 -0.0429
vn 0.0303 0.9989 0.0347
vn 0.0262 0.9939 0.1075
vn -0.3337 -0.0756 0.9397
vn 0.2702 -0.1676 0.9481
vn 0.9282 -0.2243 0.2967
vn 0.9108 -0.1784 -0.3722
vn 0.2432 -0.0329 -0.9694
vn -0.2657 0.0429 -0.9631
vn -0.9325 0.1006 -0.3469
vn -0.9582 0.0650 0.2786
vn -0.0748 0.7859 0.6138
vn 0.2920 0.7311 0.6167
vn 0.5683 0.8021 0.1832
vn 0.3248 0.9455 -0.0219
vn 0.1563 0.9872 0.0333
vn 0.1460 0.9889 0.0271
vn -0.0462 0.9986 -0.0251
vn -0.3318 0.9258 0.1812
vn -0.3255 -0.0280 0.9451
vn 0.2818 -0.0903 0.9552
vn 0.9394 -0.1578 0.3042
vn 0.9169 -0.1558 -0.3675
vn 0.2372 -0.0794 -0.9682
vn -0.2753 -0.0267 -0.9610
vn -0.9385 0.0384 -0.3431
vn -0.9584 0.0407 0.2823
vn -0.1675 0.6556 0.7363
vn 0.3018 0.6136 0.7297
vn 0.8013 0.5514 0.2322
vn 0.7951 0.5352 -0.2851
vn 0.2732 0.5150 -0.8125
vn -0.1618 0.5502 -0.8192
vn -0.7148 0.6368 -0.2891
vn -0.7167 0.6567 0.2348
vn -0.3176 0.0348 0.9476
vn 0.2904 -0.0324 0.9563
vn 0.9470 -0.1041 0.3040
vn 0.9244 -0.1014 -0.3677
vn 0.2449 -0.0265 -0.9692
vn -0.2681 0.0300 -0.9629
vn -0.9332 0.1038 -0.3439
vn -0.9531 0.1057 0.2835
vt 0.650311 0.946876
vt 0.669694 0.937177
vt 0.671959 0.948833
vt 0.669693 0.959701
vt 0.663504 0.966870
vt 0.655050 0.968421
vt 0.646594 0.963938
vt 0.680479 0.843171
vt 0.680479 0.857275
vt 0.668979 0.855296
vt 0.831974 0.360363
vt 0.831974 0.384065
vt 0.825153 0.379740
vt 0.818633 0.370912
vt 0.814161 0.359946
vt 0.646594 0.924926
vt 0.655050 0.923378
vt 0.663505 0.927861
vt 0.259986 0.865746
vt 0.259986 0.853872
vt 0.284950 0.849497
vt 0.284950 0.870061
vt 0.255688 0.875982
vt 0.277508 0.887789
vt 0.248244 0.881839
vt 0.264613 0.897936
vt 0.572377 0.819942
vt 0.569663 0.812053
vt 0.590514 0.797431
vt 0.595217 0.811096
vt 0.573370 0.831208
vt 0.596936 0.830610
vt 0.572377 0.842835
vt 0.595217 0.850748
vt 0.569663 0.851705
vt 0.590515 0.866109
vt 0.875079 0.320791
vt 0.885716 0.318087
vt 0.897424 0.340558
vt 0.879002 0.345244
vt 0.863236 0.320792
vt 0.858491 0.345242
vt 0.853363 0.318087
vt 0.841385 0.340559
vt 0.255689 0.843546
vt 0.248244 0.837532
vt 0.264615 0.821191
vt 0.277506 0.831609
vt 0.307311 0.847741
vt 0.307312 0.871486
vt 0.298717 0.891959
vt 0.037049 0.891180
vt 0.022211 0.876943
vt 0.035259 0.861594
vt 0.052392 0.878030
vt 0.616285 0.792461
vt 0.621714 0.808238
vt 0.623702 0.830774
vt 0.621715 0.854026
vt 0.616287 0.871767
vt 0.902339 0.365850
vt 0.881066 0.371256
vt 0.857382 0.371256
vt 0.837632 0.365847
vt 0.852968 0.139021
vt 0.873225 0.135522
vt 0.877092 0.151536
vt 0.853699 0.155576
vt 0.298717 0.827086
vt 0.024211 0.843090
vt 0.022211 0.827476
vt 0.043091 0.814629
vt 0.044824 0.828151
vt 0.054392 0.844175
vt 0.069229 0.858410
vt 0.071017 0.887993
vt 0.085359 0.867037
vt 0.644769 0.812140
vt 0.646490 0.831654
vt 0.644770 0.851792
vt 0.936296 0.459346
vt 0.916134 0.446826
vt 0.927165 0.430903
vt 0.944625 0.441744
vt 0.899142 0.387177
vt 0.880720 0.391861
vt 0.860209 0.391860
vt 0.898852 0.155437
vt 0.898169 0.178869
vt 0.879326 0.175491
vt 0.859067 0.178990
vt 0.834942 0.166478
vt 0.842822 0.188430
vt 0.834942 0.201280
vt 0.858250 0.208439
vt 0.853700 0.215858
vt 0.068957 0.820104
vt 0.074482 0.829355
vt 0.083047 0.837573
vt 0.092362 0.842556
vt 0.916737 0.414312
vt 0.916134 0.396422
vt 0.936990 0.392703
vt 0.937339 0.403031
vt 0.943360 0.412611
vt 0.953441 0.418870
vt 0.764143 0.228473
vt 0.759369 0.247827
vt 0.737850 0.236086
vt 0.740605 0.224914
vt 0.759368 0.210837
vt 0.737850 0.214729
vt 0.890205 0.202918
vt 0.879326 0.200968
vt 0.867628 0.202989
vt 0.720477 0.383931
vt 0.720477 0.359946
vt 0.728717 0.362750
vt 0.280448 0.361761
vt 0.266669 0.350642
vt 0.272977 0.341906
vt 0.262515 0.361761
vt 0.948635 0.219320
vt 0.958555 0.240903
vt 0.948635 0.241188
vt 0.966843 0.234731
vt 0.971284 0.224323
vt 0.970682 0.212473
vt 0.965204 0.202353
vt 0.956313 0.196672
vt 0.740647 0.381662
vt 0.741142 0.392703
vt 0.736099 0.370697
vt 0.119996 0.537444
vt 0.121839 0.574995
vt 0.086870 0.586084
vt 0.087332 0.549160
vt 0.103970 0.469819
vt 0.070416 0.483970
vt 0.091779 0.429929
vt 0.059610 0.444865
vt 0.051784 0.389564
vt 0.074926 0.377598
vt 0.079902 0.393051
vt 0.053857 0.404210
vt 0.048407 0.321574
vt 0.036803 0.343691
vt 0.796654 0.303918
vt 0.777399 0.292164
vt 0.809973 0.255172
vt 0.834685 0.247827
vt 0.737850 0.335687
vt 0.757011 0.315315
vt 0.773503 0.338060
vt 0.145657 0.521418
vt 0.132561 0.454305
vt 0.120521 0.415751
vt 0.096145 0.368439
vt 0.102227 0.380245
vt 0.072985 0.326279
vt 0.901963 0.719746
vt 0.904211 0.753763
vt 0.880335 0.756228
vt 0.868624 0.718500
vt 0.884829 0.681008
vt 0.870918 0.650435
vt 0.894638 0.654790
vt 0.145657 0.401830
vt 0.020613 0.444916
vt 0.021540 0.452148
vt 0.000000 0.451792
vt -0.000000 0.438277
vt 0.019178 0.425494
vt 0.101684 0.347182
vt 0.786847 0.261404
vt 0.759051 0.277379
vt 0.042857 0.394508
vt 0.031635 0.365570
vt 0.035082 0.398797
vt 0.026630 0.403202
vt 0.027351 0.393835
vt 0.046253 0.406625
vt 0.032515 0.495986
vt 0.028326 0.477665
vt 0.049798 0.482991
vt 0.063499 0.553253
vt 0.044737 0.541422
vt 0.076839 0.563231
vt 0.058995 0.583341
vt 0.796420 0.392379
vt 0.780776 0.379043
vt 0.796420 0.359946
vt 0.806231 0.357680
vt 0.821095 0.327232
vt 0.835667 0.332498
vt 0.833444 0.358479
vt 0.835016 0.276701
vt 0.821339 0.315579
vt 0.815357 0.311448
vt 0.837632 0.304938
vt 0.834664 0.325383
vt 0.619547 0.655221
vt 0.583663 0.652299
vt 0.577989 0.617077
vt 0.612086 0.621052
vt 0.578692 0.548874
vt 0.614507 0.555028
vt 0.581480 0.507683
vt 0.616253 0.514990
vt 0.610958 0.459899
vt 0.612451 0.475437
vt 0.584322 0.472315
vt 0.585834 0.453490
vt 0.597866 0.392703
vt 0.614908 0.411831
vt 0.685049 0.251407
vt 0.712244 0.262296
vt 0.683173 0.309748
vt 0.662022 0.305037
vt 0.689313 0.216126
vt 0.722705 0.230525
vt 0.549056 0.606872
vt 0.546885 0.539814
vt 0.549821 0.500044
vt 0.562926 0.449094
vt 0.559061 0.464124
vt 0.575001 0.402851
vt 0.728989 0.978887
vt 0.709127 0.958861
vt 0.728989 0.929004
vt 0.647420 0.208302
vt 0.108170 0.732676
vt 0.108794 0.686295
vt 0.127569 0.695596
vt 0.117195 0.667150
vt 0.143665 0.667015
vt 0.144454 0.736512
vt 0.109152 0.650231
vt 0.118436 0.754875
vt 0.140370 0.748055
vt 0.142340 0.763673
vt 0.118208 0.761839
vt 0.016283 0.321574
vt 0.118208 0.736512
vt 0.661475 0.261714
vt 0.650478 0.236936
vt 0.647420 0.301596
vt 0.649808 0.264278
vt 0.624474 0.431941
vt 0.620485 0.462560
vt 0.635369 0.458434
vt 0.638285 0.467528
vt 0.629189 0.464989
vt 0.620034 0.474891
vt 0.634177 0.549448
vt 0.653951 0.539325
vt 0.653951 0.557805
vt 0.634311 0.556423
vt 0.635820 0.619535
vt 0.651511 0.603897
vt 0.624575 0.631624
vt 0.211970 0.973070
vt 0.197874 0.980501
vt 0.197874 0.945131
vt 0.214539 0.944481
vt 0.737850 0.285468
vt 0.717914 0.313702
vt 0.702078 0.313710
vt 0.701750 0.336643
vt 0.678981 0.348084
vt 0.702800 0.322749
vt 0.110112 0.972852
vt 0.107581 0.946257
vt 0.109900 0.946297
vt 0.112440 0.972938
vt 0.985859 0.434099
vt 0.990480 0.458420
vt 0.988421 0.459346
vt 0.983850 0.435061
vt 0.581441 0.964815
vt 0.581475 0.948003
vt 0.583758 0.947639
vt 0.583758 0.964699
vt 0.003390 0.364418
vt 0.001929 0.400998
vt -0.000000 0.401782
vt 0.001398 0.364619
vt 0.646497 0.858017
vt 0.646497 0.835102
vt 0.648370 0.834694
vt 0.648435 0.857817
vt 0.016272 0.321715
vt 0.014305 0.321574
vt 0.309137 0.839980
vt 0.309620 0.872590
vt 0.307764 0.872658
vt 0.307419 0.839941
vt 0.675010 0.949673
vt 0.673959 0.969534
vt 0.672291 0.969796
vt 0.673295 0.949713
vt 0.309620 0.820285
vt 0.307929 0.820164
vt 0.966285 0.630529
vt 0.966285 0.615266
vt 0.968513 0.615125
vt 0.968505 0.630365
vt 0.673993 0.923537
vt 0.672291 0.923378
vt 0.197486 0.964224
vt 0.197793 0.971377
vt 0.196151 0.971239
vt 0.195899 0.963953
vt 0.230091 0.895560
vt 0.230091 0.868235
vt 0.231676 0.868342
vt 0.551287 0.950760
vt 0.551287 0.923951
vt 0.552861 0.950139
vt 0.551454 0.871609
vt 0.552869 0.906736
vt 0.551454 0.907418
vt 0.404747 0.964724
vt 0.404747 0.930789
vt 0.406550 0.931723
vt 0.197793 0.945037
vt 0.196271 0.944481
vt 0.016272 0.424226
vt 0.014353 0.425494
vt 0.987629 0.407072
vt 0.985344 0.407225
vt 0.990480 0.375839
vt 0.988212 0.376086
vt 0.927868 0.838639
vt 0.927868 0.827257
vt 0.930050 0.827677
vt 0.930017 0.838890
vt 0.107581 0.990671
vt 0.406550 0.930789
vt 0.409960 0.950464
vt 0.407593 0.950399
vt 0.408499 0.981514
vt 0.410877 0.981889
vt 0.002203 0.747771
vt 0.000184 0.739104
vt 0.002571 0.738895
vt 0.004572 0.747448
vt 0.948267 0.223280
vt 0.947488 0.231157
vt 0.945087 0.231131
vt 0.945870 0.223123
vt 0.008696 0.767801
vt 0.011053 0.767940
vt 0.406550 0.993700
vt 0.408896 0.994300
vt 0.948267 0.243095
vt 0.945848 0.243322
vt 0.006259 0.799285
vt 0.008646 0.799717
vt 0.307144 0.673436
vt 0.303647 0.654920
vt 0.306093 0.654671
vt 0.309620 0.673354
vt 0.667348 0.843171
vt 0.667348 0.858507
vt 0.664892 0.858500
vt 0.664890 0.843216
vt 0.000184 0.830113
vt 0.002585 0.830606
vt 0.306963 0.723646
vt 0.309469 0.723779
vt 0.306881 0.742143
vt 0.309387 0.742330
vt 0.303647 0.757706
vt 0.306068 0.758376
vt 0.978212 0.324531
vt 0.975043 0.298075
vt 0.977499 0.297708
vt 0.980572 0.324224
vt 0.964049 0.316676
vt 0.964049 0.295854
vt 0.966218 0.296595
vt 0.787997 0.945980
vt 0.787997 0.970526
vt 0.786118 0.970127
vt 0.975043 0.353055
vt 0.977377 0.353161
vt 0.962008 0.629183
vt 0.962008 0.609939
vt 0.964236 0.610550
vt 0.963851 0.630529
vt 0.571744 0.947639
vt 0.571744 0.962095
vt 0.569463 0.963077
vt 0.569453 0.948466
vt 0.994769 0.041647
vt 0.991211 0.070280
vt 0.988850 0.070346
vt 0.992404 0.041701
vt 0.143306 0.743351
vt 0.142340 0.736838
vt 0.144554 0.736512
vt 0.145513 0.743357
vt 0.994769 0.099653
vt 0.992368 0.100124
vt 0.992808 0.120514
vt 0.990475 0.121158
vt 0.142340 0.757888
vt 0.144367 0.758664
vt 0.790857 0.312466
vt 0.771151 0.299258
vt 0.737850 0.288366
vt 0.760014 0.289190
vt 0.902357 0.674562
vt 0.030201 0.457351
vt 0.904211 0.619210
vt 0.902514 0.639246
vt 0.124643 0.393681
vt 0.119226 0.366999
vt -0.000000 0.492439
vt 0.022211 0.426641
vt 0.130337 0.381677
vt 0.707314 0.317946
vt 0.718737 0.326007
vt 0.653317 0.358479
vt 0.651228 0.330180
vt 0.648677 0.628533
vt 0.645092 0.645897
vt 0.647658 0.520258
vt 0.648606 0.489005
vt 0.108170 0.630020
vt 0.138692 0.626803
vt 0.110438 0.604668
vt 0.122517 0.611192
vt 0.136091 0.589274
vt 0.112100 0.586084
vt 0.552019 0.429453
vt 0.696514 0.950796
vt 0.677460 0.961842
vt 0.675010 0.951793
vt 0.677457 0.941175
vt 0.684151 0.932834
vt 0.693290 0.929004
vt 0.702434 0.930711
vt 0.709127 0.937499
vt 0.932327 0.857385
vt 0.915484 0.857385
vt 0.918583 0.846925
vt 0.923939 0.838890
vt 0.709127 0.958166
vt 0.702438 0.966509
vt 0.693294 0.970338
vt 0.684153 0.968629
vt 0.607226 0.900128
vt 0.602580 0.890886
vt 0.621139 0.880619
vt 0.629187 0.896625
vt 0.607227 0.911024
vt 0.629186 0.915500
vt 0.602579 0.920656
vt 0.621137 0.932182
vt 0.594533 0.926442
vt 0.607200 0.942205
vt 0.283787 0.948151
vt 0.278182 0.953358
vt 0.262224 0.936956
vt 0.271934 0.927938
vt 0.293315 0.944854
vt 0.288437 0.922226
vt 0.304212 0.944348
vt 0.307312 0.921351
vt 0.456701 0.988668
vt 0.447144 0.987282
vt 0.447712 0.964084
vt 0.464265 0.966485
vt 0.748133 0.878431
vt 0.740320 0.875810
vt 0.740320 0.852496
vt 0.753857 0.857037
vt 0.757333 0.883802
vt 0.769787 0.866339
vt 0.765445 0.890483
vt 0.783844 0.877908
vt 0.594533 0.885776
vt 0.607203 0.871766
vt 0.637198 0.877880
vt 0.646490 0.896363
vt 0.646490 0.918156
vt 0.637198 0.937421
vt 0.851093 0.307553
vt 0.837632 0.295105
vt 0.849387 0.276156
vt 0.864932 0.290529
vt 0.866045 0.318087
vt 0.882197 0.302694
vt 0.266460 0.905540
vt 0.285515 0.898945
vt 0.307312 0.897936
vt 0.445152 0.940809
vt 0.464265 0.943580
vt 0.749819 0.830076
vt 0.765451 0.835320
vt 0.783845 0.846059
vt 0.800074 0.859420
vt 0.792255 0.888647
vt 0.809787 0.871821
vt 0.430347 0.916619
vt 0.430346 0.894783
vt 0.451895 0.896551
vt 0.451895 0.915462
vt 0.437659 0.935325
vt 0.458227 0.931663
vt 0.839729 0.263425
vt 0.858661 0.247827
vt 0.867027 0.258852
vt 0.880489 0.271299
vt 0.895442 0.281835
vt 0.896555 0.309392
vt 0.907876 0.287635
vt 0.980973 0.295854
vt 0.961039 0.292485
vt 0.962719 0.269558
vt 0.979980 0.272474
vt 0.946423 0.096477
vt 0.924907 0.100077
vt 0.922913 0.076760
vt 0.941548 0.073645
vt 0.963631 0.087736
vt 0.956452 0.066075
vt 0.779806 0.819101
vt 0.795736 0.828403
vt 0.809789 0.839973
vt 0.437659 0.875665
vt 0.458227 0.879996
vt 0.474981 0.900565
vt 0.474981 0.911483
vt 0.478637 0.920837
vt 0.469194 0.940809
vt 0.484969 0.926118
vt 0.885826 0.247827
vt 0.893598 0.255015
vt 0.902231 0.261096
vt 0.951569 0.262193
vt 0.964571 0.243385
vt 0.971007 0.247637
vt 0.980973 0.249320
vt 0.922913 0.053586
vt 0.933671 0.051789
vt 0.942277 0.047417
vt 0.963631 0.056079
vt 0.946420 0.041647
vt 0.469195 0.870232
vt 0.484969 0.885371
vt 0.478636 0.891008
vt 0.022211 0.869086
vt 0.003774 0.874818
vt 0.003774 0.863900
vt 0.007430 0.884172
vt 0.013763 0.889452
vt 0.021074 0.889248
vt 0.878853 0.114298
vt 0.885516 0.135210
vt 0.879714 0.135210
vt 0.890992 0.129776
vt 0.894672 0.120363
vt 0.895574 0.109494
vt 0.893451 0.100077
vt 0.013762 0.848706
vt 0.021073 0.848499
vt 0.007429 0.854343
vt 0.772065 0.136584
vt 0.780554 0.097329
vt 0.808903 0.106907
vt 0.798786 0.144537
vt 0.774172 0.188029
vt 0.801419 0.196542
vt 0.048301 0.681507
vt 0.044140 0.717301
vt 0.022211 0.712998
vt 0.026119 0.678174
vt 0.038813 0.633258
vt 0.054962 0.634683
vt 0.052994 0.648510
vt 0.035450 0.645154
vt 0.979846 0.551012
vt 0.994247 0.597529
vt 0.979846 0.609222
vt 0.886872 0.616280
vt 0.876997 0.576286
vt 0.886872 0.557078
vt 0.799724 0.060501
vt 0.783902 0.059116
vt 0.810545 0.014558
vt 0.831219 0.000000
vt 0.072222 0.781318
vt 0.077559 0.814629
vt 0.054390 0.814311
vt 0.043957 0.778830
vt 0.072950 0.721215
vt 0.075870 0.686202
vt 0.075012 0.639160
vt 0.075226 0.650898
vt 0.084739 0.600116
vt 0.074584 0.586084
vt 0.108024 0.780320
vt 0.106320 0.810638
vt 0.089690 0.747170
vt 0.100246 0.723388
vt 0.108170 0.691584
vt 0.098635 0.645876
vt 0.099908 0.652189
vt 0.095235 0.629084
vt 0.791945 0.031520
vt 0.769453 0.058099
vt 0.118208 0.774070
vt 0.110938 0.777274
vt 0.108170 0.753761
vt 0.115237 0.736512
vt 0.868239 0.223629
vt 0.866228 0.230743
vt 0.862098 0.224455
vt 0.109869 0.785926
vt 0.115550 0.784447
vt 0.834167 0.200263
vt 0.834942 0.213070
vt 0.818162 0.203255
vt 0.819534 0.146903
vt 0.832902 0.160852
vt 0.811141 0.133082
vt 0.833760 0.108886
vt 0.833004 0.133477
vt 0.820641 0.073381
vt 0.834660 0.082029
vt 0.831741 0.024622
vt 0.820888 0.064044
vt 0.815769 0.062175
vt 0.834942 0.051917
vt 0.832598 0.070296
vt 0.598519 0.761640
vt 0.625750 0.747230
vt 0.637180 0.775927
vt 0.611186 0.788938
vt 0.816856 0.578830
vt 0.799268 0.583826
vt 0.799213 0.522645
vt 0.819437 0.518547
vt 0.794903 0.487061
vt 0.815493 0.483937
vt 0.802891 0.439389
vt 0.806445 0.451953
vt 0.790392 0.456767
vt 0.787991 0.440641
vt 0.357869 0.992727
vt 0.342397 0.983540
vt 0.357869 0.933986
vt 0.738572 0.947886
vt 0.728989 0.987707
vt 0.638770 0.729750
vt 0.598079 0.701837
vt 0.606567 0.685894
vt 0.788367 0.618911
vt 0.766300 0.619209
vt 0.772441 0.586182
vt 0.771787 0.526435
vt 0.768683 0.491685
vt 0.769044 0.444992
vt 0.768937 0.458765
vt 0.758248 0.406566
vt 0.767302 0.392703
vt 0.738061 0.615551
vt 0.737184 0.585397
vt 0.737399 0.545582
vt 0.755547 0.552308
vt 0.745123 0.528665
vt 0.737547 0.514602
vt 0.746087 0.451716
vt 0.744873 0.457910
vt 0.744873 0.457910
vt 0.749115 0.435218
vt 0.635239 0.706269
vt 0.653951 0.708984
vt 0.611080 0.675931
vt 0.635658 0.695549
vt 0.911239 0.411014
vt 0.900936 0.434043
vt 0.894619 0.429578
vt 0.909655 0.392703
vt 0.912611 0.434570
vt 0.912738 0.442387
vt 0.906707 0.438123
vt 0.898993 0.443257
vt 0.893629 0.441715
vt 0.900985 0.502821
vt 0.915173 0.500505
vt 0.914465 0.514046
vt 0.900769 0.507977
vt 0.905202 0.553125
vt 0.916134 0.545872
vt 0.598441 0.781469
vt 0.572246 0.736283
vt 0.584690 0.731094
vt 0.574701 0.761542
vt 0.588747 0.717437
vt 0.569663 0.708743
vt 0.570314 0.682097
vt 0.581726 0.714280
vt 0.307564 0.894549
vt 0.307419 0.872818
vt 0.309225 0.872658
vt 0.309415 0.894474
vt 0.994689 0.830943
vt 0.997597 0.855644
vt 0.995527 0.855626
vt 0.992602 0.830930
vt 0.303167 0.819755
vt 0.307423 0.799217
vt 0.309620 0.799427
vt 0.305358 0.820164
vt 0.980167 0.641628
vt 0.980266 0.670961
vt 0.978169 0.671077
vt 0.978076 0.641263
vt 0.579337 0.965967
vt 0.579354 0.947639
vt 0.581441 0.947948
vt 0.581441 0.966381
vt 0.988650 0.610015
vt 0.986619 0.609383
vt 0.983526 0.170243
vt 0.985339 0.196476
vt 0.983209 0.196672
vt 0.981400 0.170382
vt 0.985339 0.140240
vt 0.984033 0.154156
vt 0.981910 0.154231
vt 0.983248 0.140213
vt 0.925733 0.838849
vt 0.925733 0.826556
vt 0.927863 0.826602
vt 0.927868 0.838890
vt 0.262224 0.968376
vt 0.262224 0.953358
vt 0.264382 0.953531
vt 0.264391 0.968637
vt 0.304435 0.762775
vt 0.303167 0.758864
vt 0.305287 0.758376
vt 0.306558 0.762303
vt 0.966160 0.402340
vt 0.964139 0.380432
vt 0.966160 0.379983
vt 0.016272 0.344684
vt 0.016272 0.321574
vt 0.016272 0.321574
vt 0.966160 0.402340
vt 0.968167 0.401853
vt 0.305922 0.774286
vt 0.308048 0.773926
vt 0.988650 0.692820
vt 0.986851 0.693361
vt 0.997426 0.805843
vt 0.995582 0.805318
vt 0.997597 0.774171
vt 0.995707 0.773699
vt 0.544951 0.654576
vt 0.544951 0.643955
vt 0.546640 0.643862
vt 0.546607 0.654311
vt 0.307419 0.912786
vt 0.788981 0.945980
vt 0.793842 0.962771
vt 0.791858 0.962792
vt 0.790984 0.988904
vt 0.792983 0.989147
vt 0.193823 0.952102
vt 0.193909 0.944481
vt 0.195899 0.944845
vt 0.195832 0.952370
vt 0.005156 0.845148
vt 0.005900 0.839364
vt 0.008135 0.839555
vt 0.007377 0.845476
vt 0.195899 0.970320
vt 0.969925 0.295854
vt 0.969925 0.315437
vt 0.968181 0.314895
vt 0.788981 0.999236
vt 0.790940 0.999669
vt 0.005156 0.830606
vt 0.007347 0.830832
vt 0.994497 0.884662
vt 0.991547 0.857734
vt 0.993408 0.857385
vt 0.996464 0.884542
vt 0.985493 0.319789
vt 0.989455 0.335488
vt 0.987472 0.335901
vt 0.983472 0.320063
vt 0.573638 0.965608
vt 0.573638 0.947639
vt 0.575733 0.947970
vt 0.575710 0.965952
vt 0.991547 0.912580
vt 0.993560 0.912502
vt 0.983094 0.276212
vt 0.980973 0.276332
vt 0.985384 0.258583
vt 0.983270 0.258652
vt 0.989455 0.243713
vt 0.987332 0.243385
vt 0.991523 0.350350
vt 0.994208 0.373825
vt 0.992112 0.374234
vt 0.989455 0.350774
vt 0.966285 0.610032
vt 0.966285 0.629915
vt 0.964337 0.630529
vt 0.964236 0.610393
vt 0.994208 0.324874
vt 0.992156 0.324942
vt 0.943352 0.846177
vt 0.950323 0.857238
vt 0.948276 0.857385
vt 0.941299 0.845908
vt 0.950323 0.833704
vt 0.948389 0.833217
vt 0.997455 0.701669
vt 0.994515 0.727745
vt 0.992602 0.727601
vt 0.995537 0.701517
vt 0.000105 0.737266
vt 0.000095 0.732782
vt 0.002039 0.733346
vt 0.002039 0.738025
vt 0.997455 0.754795
vt 0.995419 0.755268
vt 0.996119 0.773039
vt 0.994132 0.773699
vt 0.959868 0.763859
vt 0.959868 0.753716
vt 0.961848 0.754215
vt 0.961725 0.764833
vt 0.794925 0.069722
vt 0.767228 0.087003
vt 0.778792 0.067661
vt 0.247823 0.888713
vt 0.231676 0.881321
vt 0.247823 0.868235
vt 0.927388 0.110523
vt 0.935740 0.120681
vt 0.927188 0.132914
vt 0.927188 0.100077
vt 0.939518 0.115279
vt 0.108170 0.740405
vt 0.830568 0.224996
vt 0.805187 0.222491
vt 0.107904 0.709238
vt 0.091436 0.673588
vt 0.876123 0.223116
vt 0.876123 0.247642
vt 0.833178 0.245037
vt 0.911459 0.107857
vt 0.927188 0.100077
vt 0.927188 0.134742
vt 0.108170 0.813250
vt 0.103358 0.668773
vt 0.583888 0.720380
vt 0.573056 0.728025
vt 0.569663 0.655221
vt 0.591471 0.665336
vt 0.590886 0.792461
vt 0.576881 0.782603
vt 0.886956 0.548531
vt 0.886956 0.501857
vt 0.891103 0.472614
vt 0.911731 0.484856
vt 0.914804 0.461889
vt 0.737184 0.497113
vt 0.741620 0.474492
vt 0.753436 0.479241
vt 0.075199 0.180203
vt 0.068786 0.225731
vt 0.030435 0.221940
vt 0.039006 0.177978
vt 0.078472 0.112787
vt 0.040381 0.111089
vt 0.078615 0.076136
vt 0.041533 0.075003
vt 0.051197 0.029245
vt 0.078227 0.028977
vt 0.078342 0.042903
vt 0.048637 0.041364
vt 0.001116 0.495646
vt 0.021540 0.538738
vt 0.001116 0.554183
vt 0.971284 0.196672
vt 0.985375 0.227023
vt 0.971284 0.242908
vt 0.058290 0.261997
vt 0.081808 0.257410
vt 0.062660 0.303837
vt 0.041047 0.321574
vt 0.107699 0.184960
vt 0.093791 0.228352
vt 0.113601 0.118414
vt 0.113314 0.082161
vt 0.103448 0.034509
vt 0.105909 0.046401
vt 0.095169 0.000000
vt 0.020410 0.492439
vt 0.136972 0.190712
vt 0.123589 0.227315
vt 0.126892 0.149735
vt 0.138904 0.124910
vt 0.145481 0.092092
vt 0.679641 0.702357
vt 0.679716 0.709829
vt 0.659335 0.701879
vt 0.660830 0.688658
vt 0.680479 0.681748
vt 0.679372 0.644085
vt 0.963630 0.069995
vt 0.968725 0.041647
vt 0.981803 0.085735
vt 0.963630 0.105313
vt 0.981959 0.981040
vt 0.971845 0.983145
vt 0.970395 0.960714
vt 0.981959 0.945102
vt 0.032142 0.032690
vt 0.022588 0.034246
vt 0.026382 0.027731
vt 0.040514 0.041483
vt 0.041007 0.031085
vt 0.000000 0.112127
vt 0.001229 0.094743
vt 0.020599 0.105000
vt 0.014999 0.177216
vt -0.000000 0.161206
vt 0.025728 0.192248
vt 0.005524 0.218626
vt 0.001997 0.192597
vt 0.026225 0.255505
vt 0.011844 0.244775
vt 0.030428 0.300658
vt 0.030285 0.262993
vt 0.037556 0.263536
vt 0.018584 0.275087
vt 0.014181 0.258872
vt 0.372339 0.551459
vt 0.338087 0.559088
vt 0.327502 0.515415
vt 0.360087 0.509425
vt 0.329472 0.450807
vt 0.362942 0.444894
vt 0.335205 0.415825
vt 0.367280 0.410529
vt 0.367213 0.368197
vt 0.367232 0.380135
vt 0.340986 0.386551
vt 0.344063 0.370970
vt 0.977143 0.826311
vt 0.958087 0.810629
vt 0.977143 0.768442
vt 0.982049 0.857385
vt 0.991547 0.874114
vt 0.982049 0.920586
vt 0.551287 0.979428
vt 0.531837 0.963940
vt 0.551287 0.923951
vt 0.368913 0.606243
vt 0.357846 0.615332
vt 0.321738 0.565019
vt 0.304899 0.524214
vt 0.868624 0.814091
vt 0.845295 0.821485
vt 0.843699 0.756629
vt 0.303733 0.460761
vt 0.866928 0.747097
vt 0.838507 0.717914
vt 0.860359 0.707447
vt 0.834352 0.664186
vt 0.850110 0.655515
vt 0.853670 0.673555
vt 0.835577 0.680034
vt 0.817754 0.619210
vt 0.959217 0.764833
vt 0.835610 0.854655
vt 0.809789 0.854853
vt 0.811049 0.824219
vt 0.811072 0.781288
vt 0.828882 0.786815
vt 0.818757 0.762481
vt 0.810967 0.747807
vt 0.813426 0.674815
vt 0.812930 0.682128
vt 0.813946 0.654887
vt 0.671816 0.817905
vt 0.680479 0.843171
vt 0.654023 0.823609
vt 0.669253 0.777941
vt 0.680479 0.783630
vt 0.680099 0.817827
vt 0.103123 0.961894
vt 0.101957 0.983670
vt 0.092362 0.981260
vt 0.092362 0.946257
vt 0.392894 0.364537
vt 0.394583 0.370363
vt 0.385471 0.369642
vt 0.376754 0.368952
vt 0.375079 0.378642
vt 0.383452 0.437234
vt 0.404213 0.425391
vt 0.403416 0.441920
vt 0.383264 0.443401
vt 0.385504 0.506695
vt 0.401943 0.489742
vt 0.374860 0.522064
vt 0.403428 0.573490
vt 0.386972 0.584769
vt 0.402423 0.546601
vt 0.381308 0.594370
vt 0.404213 0.604754
vt 0.401373 0.631790
vt 0.389627 0.599288
vt 0.339977 0.888614
vt 0.340039 0.863141
vt 0.342061 0.863193
vt 0.342061 0.888737
vt 0.997993 0.431331
vt 0.995600 0.402174
vt 0.997544 0.402715
vt 1.000000 0.431854
vt 0.987316 0.765143
vt 0.979407 0.790969
vt 0.977143 0.790826
vt 0.985158 0.764833
vt 0.987598 0.495223
vt 0.981966 0.459440
vt 0.984136 0.459346
vt 0.989926 0.495599
vt 0.954386 0.317516
vt 0.954386 0.295854
vt 0.956943 0.295875
vt 0.956951 0.317694
vt 0.981966 0.537809
vt 0.984316 0.538452
vt 0.977800 0.016119
vt 0.979065 0.040407
vt 0.976516 0.040230
vt 0.975236 0.015978
vt 0.114913 0.972431
vt 0.118325 0.990269
vt 0.115967 0.990354
vt 0.112561 0.972287
vt 0.979065 0.001088
vt 0.976504 0.000904
vt 0.737183 0.927447
vt 0.737192 0.912966
vt 0.739679 0.912936
vt 0.739679 0.927404
vt 0.118325 0.946584
vt 0.115977 0.946257
vt 0.985169 0.848089
vt 0.987316 0.854897
vt 0.985036 0.855644
vt 0.982838 0.848748
vt 0.342370 0.927063
vt 0.339977 0.908245
vt 0.342370 0.907445
vt 0.961767 0.402340
vt 0.961767 0.382723
vt 0.964139 0.401488
vt 0.981736 0.828667
vt 0.979336 0.829074
vt 0.968277 0.857195
vt 0.968277 0.831462
vt 0.970274 0.832309
vt 0.970032 0.105497
vt 0.970032 0.132998
vt 0.968062 0.131770
vt 0.995600 0.459346
vt 0.737183 0.819101
vt 0.739731 0.849695
vt 0.737629 0.849323
vt 0.737183 0.889889
vt 0.739231 0.890237
vt 0.019814 0.425075
vt 0.019814 0.413810
vt 0.022211 0.413965
vt 0.022194 0.425060
vt 0.340310 0.907445
vt 0.995600 0.343219
vt 0.999731 0.359444
vt 0.997514 0.359331
vt 0.997597 0.389915
vt 0.999827 0.390311
vt 0.000670 0.948733
vt 0.000684 0.940969
vt 0.002899 0.941399
vt 0.002899 0.949047
vt 0.569663 0.847764
vt 0.568920 0.856771
vt 0.566625 0.856762
vt 0.567368 0.847589
vt 0.002743 0.966321
vt 0.579337 0.947639
vt 0.579337 0.967662
vt 0.577397 0.966784
vt 0.995600 0.401555
vt 0.997793 0.402174
vt 0.569663 0.870357
vt 0.567333 0.870557
vt 0.997367 0.950702
vt 0.995470 0.920662
vt 0.997680 0.920586
vt 0.999648 0.950857
vt 0.540580 0.661539
vt 0.537397 0.644045
vt 0.539711 0.643862
vt 0.542918 0.661507
vt 0.962008 0.609939
vt 0.962004 0.629657
vt 0.959635 0.629700
vt 0.959635 0.610024
vt 0.995470 0.983921
vt 0.997774 0.984104
vt 0.540130 0.709355
vt 0.542491 0.709451
vt 0.540296 0.730979
vt 0.542656 0.731136
vt 0.537397 0.748548
vt 0.539670 0.749093
vt 0.997161 0.576924
vt 0.994247 0.551427
vt 0.996489 0.551012
vt 0.999257 0.576489
vt 0.965958 0.105313
vt 0.965948 0.131147
vt 0.963630 0.131507
vt 0.963630 0.105416
vt 0.994247 0.604513
vt 0.996304 0.604462
vt 0.264710 0.967099
vt 0.264391 0.953357
vt 0.266635 0.953610
vt 0.266635 0.968002
vt 0.947444 0.207954
vt 0.947444 0.222516
vt 0.945194 0.223123
vt 0.945087 0.208353
vt 0.995736 0.459533
vt 0.992304 0.487435
vt 0.989926 0.487256
vt 0.993358 0.459346
vt 0.959249 0.624368
vt 0.959635 0.630733
vt 0.957569 0.630472
vt 0.957170 0.623805
vt 0.995736 0.516548
vt 0.993549 0.516955
vt 0.993111 0.536317
vt 0.991018 0.536919
vt 0.959635 0.611172
vt 0.957731 0.609939
vt 0.060918 0.252915
vt 0.085480 0.248506
vt 0.430346 0.951985
vt 0.414230 0.980698
vt 0.410877 0.953402
vt 0.416842 0.937284
vt 0.962880 0.122020
vt 0.955317 0.125435
vt 0.955317 0.100077
vt 0.410877 0.930789
vt 0.594533 0.944892
vt 0.611214 0.942205
vt 0.611214 0.982556
vt 0.008998 0.077381
vt 0.145657 0.110938
vt 0.669510 0.731662
vt 0.680479 0.756532
vt 0.654837 0.741640
vt 0.010420 0.049317
vt 0.680013 0.729483
vt 0.387399 0.593127
vt 0.401225 0.587613
vt 0.400568 0.654671
vt 0.374774 0.638919
vt 0.676394 0.756532
vt 0.401819 0.520145
vt 0.398696 0.409489
vt 0.401731 0.382875
vt 0.809789 0.728414
vt 0.811602 0.701705
vt 0.823066 0.705600
vt 0.206903 0.225835
vt 0.213346 0.272867
vt 0.182040 0.270707
vt 0.177508 0.225270
vt 0.206010 0.150468
vt 0.173975 0.151089
vt 0.207763 0.108002
vt 0.175993 0.109461
vt 0.187616 0.055164
vt 0.210721 0.052878
vt 0.209847 0.069156
vt 0.184538 0.069545
vt 0.220897 0.000000
vt 0.198732 0.012564
vt 0.225565 0.305553
vt 0.245888 0.298509
vt 0.254077 0.341906
vt 0.331057 0.924376
vt 0.309620 0.930152
vt 0.335962 0.882973
vt 0.241252 0.225965
vt 0.240761 0.271346
vt 0.241898 0.151711
vt 0.242588 0.110038
vt 0.236080 0.055648
vt 0.237705 0.069220
vt 0.238361 0.012818
vt 0.279709 0.224425
vt 0.274117 0.264495
vt 0.260735 0.183090
vt 0.272559 0.153254
vt 0.279893 0.114647
vt 0.263318 0.062492
vt 0.265558 0.069697
vt 0.256462 0.043925
vt 0.263982 0.318665
vt 0.269220 0.287570
vt 0.180211 0.057426
vt 0.185703 0.029842
vt 0.173785 0.059392
vt 0.166897 0.061298
vt 0.171043 0.053200
vt 0.178753 0.069760
vt 0.145657 0.152486
vt 0.146434 0.132722
vt 0.160108 0.144260
vt 0.162203 0.223853
vt 0.150969 0.206019
vt 0.720477 0.363155
vt 0.720477 0.392704
vt 0.696853 0.389013
vt 0.702563 0.364512
vt 0.628799 0.981001
vt 0.612558 0.948317
vt 0.628799 0.942205
vt 0.001116 0.555399
vt 0.021696 0.554183
vt 0.021696 0.584301
vt 0.673248 0.359626
vt 0.680349 0.391509
vt 0.673248 0.390734
vt 0.689774 0.376781
vt 0.696853 0.392703
vt 0.507415 0.573386
vt 0.471312 0.578323
vt 0.470753 0.533789
vt 0.504988 0.530499
vt 0.472730 0.457930
vt 0.509211 0.455840
vt 0.474544 0.414215
vt 0.510240 0.413210
vt 0.502883 0.357829
vt 0.504958 0.373448
vt 0.476217 0.377076
vt 0.477108 0.357308
vt 0.481857 0.299820
vt 0.501906 0.312328
vt 0.930386 0.915922
vt 0.930386 0.889702
vt 0.968423 0.908469
vt 0.092361 0.898297
vt 0.109674 0.906365
vt 0.092361 0.946257
vt 0.446022 0.577216
vt 0.438033 0.534677
vt 0.437375 0.460322
vt 0.439670 0.417612
vt 0.451859 0.361012
vt 0.448264 0.377706
vt 0.459512 0.314972
vt 0.415264 0.570970
vt 0.406199 0.532402
vt 0.404914 0.482696
vt 0.421044 0.491701
vt 0.410415 0.461754
vt 0.404213 0.444059
vt 0.427155 0.368037
vt 0.424214 0.375467
vt 0.436706 0.348470
vt 0.847625 0.235605
vt 0.834942 0.247642
vt 0.834942 0.215858
vt 0.118325 0.914131
vt 0.106742 0.945139
vt 0.114769 0.946167
vt 0.512976 0.329769
vt 0.512058 0.359169
vt 0.525717 0.353314
vt 0.529205 0.361672
vt 0.520442 0.360393
vt 0.512155 0.371793
vt 0.527901 0.447010
vt 0.546730 0.433189
vt 0.546730 0.453185
vt 0.528049 0.454507
vt 0.526850 0.526520
vt 0.542071 0.506905
vt 0.515033 0.542892
vt 0.978076 0.684849
vt 0.961135 0.693361
vt 0.949545 0.659633
vt 0.975986 0.660252
vt 0.935945 0.206914
vt 0.945087 0.233246
vt 0.935945 0.243322
vt 0.262224 0.914959
vt 0.260386 0.938637
vt 0.248787 0.913648
vt 0.992662 0.260278
vt 0.992900 0.243758
vt 0.995135 0.243385
vt 0.994917 0.260037
vt 0.986382 0.067784
vt 0.981804 0.041879
vt 0.984292 0.041647
vt 0.988850 0.067606
vt 0.971943 0.106426
vt 0.971943 0.132342
vt 0.970125 0.132998
vt 0.970032 0.106862
vt 0.013410 0.787981
vt 0.014221 0.827861
vt 0.011868 0.828569
vt 0.011053 0.788135
vt 0.555287 0.947938
vt 0.555316 0.966244
vt 0.552907 0.966152
vt 0.552907 0.947639
vt 0.022211 0.739070
vt 0.019914 0.738895
vt 0.567000 0.816538
vt 0.569663 0.847022
vt 0.567388 0.847589
vt 0.564681 0.816902
vt 0.566581 0.776651
vt 0.567324 0.798234
vt 0.565000 0.798502
vt 0.564250 0.776688
vt 0.925733 0.826941
vt 0.925721 0.838890
vt 0.923587 0.838332
vt 0.923587 0.826409
vt 0.569663 0.749390
vt 0.567349 0.749213
vt 0.997434 0.097795
vt 0.998390 0.105244
vt 0.996107 0.105627
vt 0.995142 0.098027
vt 0.998679 0.133186
vt 0.881842 0.955296
vt 0.881842 0.927353
vt 0.884131 0.954923
vt 0.998679 0.041949
vt 0.997062 0.077396
vt 0.994769 0.077312
vt 0.996427 0.041647
vt 0.120754 0.968201
vt 0.118645 0.942804
vt 0.120754 0.942306
vt 0.022211 0.848499
vt 0.983691 0.095543
vt 0.986189 0.095495
vt 0.981804 0.133758
vt 0.984319 0.133704
vt 0.544951 0.643895
vt 0.544951 0.655013
vt 0.542947 0.654791
vt 0.542918 0.643862
vt 0.989455 0.279359
vt 0.991445 0.279098
vt 0.993171 0.311688
vt 0.995135 0.311744
vt 0.990418 0.768682
vt 0.990681 0.759683
vt 0.992602 0.759330
vt 0.992308 0.768210
vt 0.953706 0.304102
vt 0.951569 0.304564
vt 0.952241 0.296136
vt 0.989041 0.789387
vt 0.991151 0.789399
vt 0.991946 0.324578
vt 0.993918 0.324873
vt 0.954386 0.316031
vt 0.952174 0.316508
vt 0.987316 0.822585
vt 0.989354 0.822905
vt 0.968190 0.935728
vt 0.966429 0.915922
vt 0.968440 0.915949
vt 0.970200 0.935937
vt 0.959613 0.379583
vt 0.959611 0.402244
vt 0.957306 0.402340
vt 0.957306 0.379668
vt 0.990619 0.855260
vt 0.992602 0.855644
vt 0.966429 0.988006
vt 0.968273 0.988484
vt 0.974390 0.536935
vt 0.972526 0.518023
vt 0.974774 0.517594
vt 0.976644 0.536564
vt 0.972526 0.551027
vt 0.970270 0.295854
vt 0.971309 0.316342
vt 0.969925 0.316342
vt 0.970273 0.856479
vt 0.970273 0.831462
vt 0.972086 0.832278
vt 0.000083 0.889452
vt 0.002899 0.915391
vt 0.001139 0.914807
vt 0.967876 0.105497
vt 0.968062 0.131236
vt 0.965958 0.131507
vt 0.965958 0.105687
vt 0.000083 0.940038
vt 0.001895 0.940969
vt 0.835824 0.377876
vt 0.832597 0.358554
vt 0.834633 0.358479
vt 0.837632 0.378604
vt 0.832597 0.391093
vt 0.834142 0.392255
vt 0.594533 0.947968
vt 0.592090 0.968185
vt 0.589606 0.967871
vt 0.592050 0.947639
vt 0.969795 0.395159
vt 0.969932 0.401898
vt 0.968322 0.402340
vt 0.968167 0.395241
vt 0.738572 0.955925
vt 0.738572 0.929004
vt 0.740311 0.929896
vt 0.594533 0.990184
vt 0.309581 0.913091
vt 0.309449 0.929996
vt 0.307419 0.929751
vt 0.307419 0.912786
vt 0.969932 0.379345
vt 0.273221 0.967567
vt 0.273221 0.953358
vt 0.274992 0.954624
vt 0.380467 0.933986
vt 0.383715 0.971797
vt 0.359058 0.971797
vt 0.139554 0.989400
vt 0.120763 0.969013
vt 0.139554 0.940943
vt 0.244316 0.290185
vt 0.222504 0.297367
vt 0.259531 0.283028
vt 0.989704 0.983086
vt 0.982049 0.956451
vt 0.989704 0.920586
vt 0.317054 0.876887
vt 0.339977 0.875781
vt 0.309620 0.863141
vt 0.172336 0.239757
vt 0.280448 0.174658
vt 0.152033 0.112845
vt 0.280448 0.135915
vt 0.258652 0.094747
vt 0.154117 0.080402
vt 0.271562 0.088618
vt 0.241873 0.913725
vt 0.246589 0.908910
vt 0.257977 0.897936
vt 0.970395 0.888118
vt 0.947662 0.857385
vt 0.262224 0.964038
vt 0.232712 0.932005
vt 0.962965 0.837677
vt 0.968277 0.832773
vt 0.968277 0.857195
vt 0.240846 0.964080
vt 0.117791 0.887665
vt 0.957835 0.630733
vt 0.978076 0.634765
vt 0.540639 0.413618
vt 0.540990 0.380486
vt 0.405588 0.422502
vt 0.416336 0.395362
vt 0.427274 0.401738
vt 0.674909 0.515343
vt 0.684184 0.553637
vt 0.661812 0.567940
vt 0.653951 0.529872
vt 0.302464 0.725589
vt 0.303010 0.782006
vt 0.279474 0.793081
vt 0.278731 0.739125
vt 0.297911 0.691232
vt 0.275379 0.705570
vt 0.274260 0.657186
vt 0.290640 0.645835
vt 0.292786 0.659239
vt 0.274557 0.670001
vt 0.269782 0.593906
vt 0.263164 0.615152
vt 0.701917 0.587861
vt 0.717066 0.574043
vt 0.733148 0.620090
vt 0.731051 0.644085
vt 0.703035 0.505272
vt 0.707001 0.545224
vt 0.702611 0.452325
vt 0.673676 0.462989
vt 0.704091 0.425412
vt 0.676251 0.435666
vt 0.679317 0.411165
vt 0.680602 0.400899
vt 0.700877 0.394315
vt 0.701680 0.402074
vt 0.286604 0.597529
vt 0.303010 0.635789
vt 0.737184 0.498159
vt 0.735059 0.532160
vt 0.719292 0.470751
vt 0.729073 0.447022
vt 0.735738 0.419731
vt 0.724060 0.392703
vt 0.725630 0.396446
vt 0.444154 0.974160
vt 0.444154 0.991812
vt 0.430346 0.976904
vt 0.442870 0.940809
vt 0.737184 0.593094
vt 0.735477 0.558262
vt 0.267065 0.661436
vt 0.258906 0.634995
vt 0.260793 0.665119
vt 0.253984 0.668892
vt 0.254911 0.660498
vt 0.268598 0.672057
vt 0.248761 0.749223
vt 0.248244 0.733705
vt 0.263474 0.738245
vt 0.260162 0.796032
vt 0.248250 0.786171
vt 0.802147 0.897128
vt 0.809539 0.919294
vt 0.787863 0.911473
vt 0.786118 0.890482
vt 0.800461 0.945979
vt 0.786118 0.935522
vt 0.710159 0.631710
vt 0.686889 0.601258
vt 0.691513 0.598452
vt 0.662714 0.858823
vt 0.654023 0.843171
vt 0.664890 0.843171
vt 0.947761 0.100077
vt 0.947761 0.135009
vt 0.939518 0.110281
vt 0.225562 0.564397
vt 0.197653 0.556695
vt 0.206710 0.516299
vt 0.232985 0.524788
vt 0.215786 0.454444
vt 0.244262 0.464218
vt 0.219556 0.420396
vt 0.247654 0.430583
vt 0.244189 0.384941
vt 0.245166 0.397813
vt 0.222469 0.391788
vt 0.224021 0.376561
vt 0.326237 0.716465
vt 0.309620 0.706472
vt 0.333202 0.654671
vt 0.339880 0.674508
vt 0.174754 0.550197
vt 0.183118 0.598004
vt 0.165226 0.597557
vt 0.177573 0.509302
vt 0.184815 0.447605
vt 0.189252 0.414262
vt 0.201964 0.373138
vt 0.198214 0.385269
vt 0.206362 0.341906
vt 0.315122 0.659777
vt 0.146828 0.538657
vt 0.145657 0.502623
vt 0.150321 0.460778
vt 0.165782 0.470581
vt 0.158790 0.443778
vt 0.154097 0.428402
vt 0.178140 0.373924
vt 0.175252 0.379026
vt 0.186644 0.361407
vt 0.158883 0.559282
vt 0.153894 0.594830
vt 0.150329 0.562290
vt 0.342907 0.694013
vt 0.333237 0.720487
vt 0.345829 0.719418
vt 0.346319 0.728003
vt 0.339634 0.724161
vt 0.331010 0.731382
vt 0.325039 0.730550
vt 0.331717 0.800223
vt 0.348089 0.794631
vt 0.346225 0.811114
vt 0.331094 0.806465
vt 0.329089 0.863141
vt 0.342508 0.851907
vt 0.236754 0.540103
vt 0.757420 0.383399
vt 0.741142 0.388649
vt 0.741142 0.360180
vt 0.763400 0.359946
vt 0.213367 0.592436
vt 0.200431 0.595277
vt 0.955317 0.110909
vt 0.947761 0.135483
vt 0.947761 0.105718
vt 0.566582 0.947639
vt 0.566644 0.970318
vt 0.565154 0.970740
vt 0.565154 0.948004
vt 0.990692 0.666753
vt 0.994498 0.690659
vt 0.992440 0.691201
vt 0.988650 0.667307
vt 0.120754 0.888031
vt 0.120041 0.909192
vt 0.118325 0.908943
vt 0.118976 0.887665
vt 0.012027 0.682106
vt 0.011419 0.715997
vt 0.009467 0.716524
vt 0.010050 0.682099
vt 0.563169 0.965515
vt 0.563168 0.947712
vt 0.565154 0.947639
vt 0.565137 0.965515
vt 0.022211 0.643169
vt 0.020277 0.642854
vt 0.986361 0.728530
vt 0.988769 0.757914
vt 0.986859 0.758115
vt 0.984506 0.728623
vt 0.988769 0.693494
vt 0.986097 0.710734
vt 0.984252 0.710750
vt 0.986986 0.693361
vt 0.930050 0.838890
vt 0.930050 0.826771
vt 0.931808 0.826315
vt 0.931820 0.838433
vt 0.577386 0.947639
vt 0.577397 0.970309
vt 0.575733 0.970828
vt 0.575733 0.947998
vt 0.817687 0.384065
vt 0.819161 0.390094
vt 0.817687 0.390864
vt 0.817687 0.390496
vt 0.816108 0.384897
vt 0.817687 0.384065
vt 0.555570 0.972474
vt 0.555316 0.947639
vt 0.557101 0.947639
vt 0.583758 0.972521
vt 0.583758 0.947639
vt 0.585517 0.972382
vt 0.120754 0.942128
vt 0.119244 0.942306
vt 0.271715 0.953358
vt 0.273221 0.970711
vt 0.271715 0.971267
vt 0.271715 0.969843
vt 0.270035 0.953877
vt 0.271715 0.953358
vt 0.022211 0.737877
vt 0.020418 0.738895
vt 0.992912 0.640942
vt 0.990839 0.640905
vt 0.994498 0.609383
vt 0.992413 0.609411
vt 0.904385 0.382940
vt 0.904385 0.392555
vt 0.902339 0.392640
vt 0.902339 0.383168
vt 0.262515 0.362240
vt 0.261252 0.342353
vt 0.262515 0.341906
vt 0.551287 0.950760
vt 0.552862 0.969873
vt 0.551287 0.970395
vt 0.896515 0.238368
vt 0.895121 0.216363
vt 0.897095 0.216421
vt 0.898503 0.238589
vt 0.307368 0.938397
vt 0.308034 0.930518
vt 0.309620 0.930152
vt 0.308988 0.937963
vt 0.957170 0.610513
vt 0.956517 0.618536
vt 0.954520 0.618511
vt 0.955177 0.610331
vt 0.308306 0.958481
vt 0.309620 0.958178
vt 0.895121 0.246296
vt 0.897088 0.246687
vt 0.957170 0.630619
vt 0.955169 0.630733
vt 0.118504 0.784410
vt 0.118208 0.763781
vt 0.120197 0.763673
vt 0.120510 0.784401
vt 0.993638 0.388528
vt 0.992211 0.376503
vt 0.994170 0.376112
vt 0.995600 0.388232
vt 0.563168 0.947639
vt 0.563168 0.966526
vt 0.561173 0.966601
vt 0.561181 0.947740
vt 0.118208 0.811931
vt 0.120211 0.811902
vt 0.990480 0.423088
vt 0.992367 0.422793
vt 0.993703 0.443175
vt 0.995600 0.442940
vt 0.993293 0.459346
vt 0.995016 0.459322
vt 0.156405 0.964924
vt 0.154409 0.940943
vt 0.156030 0.941017
vt 0.158218 0.965028
vt 0.968181 0.295854
vt 0.967986 0.316514
vt 0.966218 0.316824
vt 0.966218 0.295989
vt 0.154409 0.989708
vt 0.156253 0.990171
vt 0.266635 0.969408
vt 0.266635 0.953358
vt 0.268385 0.954355
vt 0.268060 0.970969
vt 0.668979 0.856887
vt 0.667513 0.843725
vt 0.668979 0.843171
vt 0.959868 0.751874
vt 0.959868 0.764833
vt 0.958087 0.764754
vt 0.000083 0.889368
vt 0.001890 0.864892
vt 0.003774 0.864969
vt 0.001961 0.889452
vt 0.010294 0.841300
vt 0.011053 0.846128
vt 0.008895 0.846177
vt 0.008135 0.841123
vt 0.646652 0.834694
vt 0.646654 0.808883
vt 0.648378 0.809098
vt 0.000083 0.839166
vt 0.646652 0.792461
vt 0.648435 0.792490
vt 0.011053 0.831313
vt 0.009073 0.830606
vt 0.697477 0.579293
vt 0.678269 0.596847
vt 0.713981 0.565212
vt 0.726202 0.555339
vt 0.267112 0.803732
vt 0.267445 0.821191
vt 0.736767 0.461817
vt 0.252388 0.716435
vt 0.736034 0.433812
vt 0.718539 0.412772
vt 0.250041 0.690046
vt 0.729857 0.406253
vt 0.205800 0.596985
vt 0.202879 0.601804
vt 0.928820 0.544812
vt 0.938103 0.536703
vt 0.938103 0.553125
vt 0.947762 0.100077
vt 0.187465 0.627223
vt 0.168190 0.640428
vt 0.160758 0.619760
vt 0.247654 0.530263
vt 0.847625 0.223739
vt 0.862098 0.223739
vt 0.859327 0.247642
vt 0.814161 0.386779
vt 0.796420 0.370230
vt 0.814161 0.359946
vt 0.309620 0.860335
vt 0.315835 0.801779
vt 0.321992 0.766406
vt 0.345245 0.776538
vt 0.349796 0.748855
vt 0.156968 0.411318
vt 0.167519 0.392684
vt 0.177764 0.399702
vt 0.158218 0.940943
vt 0.175268 0.973794
vt 0.158218 0.985459
vt 0.154183 0.987678
vt 0.139554 0.959466
vt 0.154183 0.940943
vt 0.298010 0.477194
vt 0.303733 0.537128
vt 0.284401 0.536344
vt 0.278931 0.477491
vt 0.290268 0.442925
vt 0.272402 0.443976
vt 0.265873 0.400021
vt 0.278774 0.398285
vt 0.282168 0.411468
vt 0.267603 0.411663
vt 0.154455 0.764109
vt 0.135605 0.807270
vt 0.120763 0.795935
vt 0.136706 0.765966
vt 0.855377 0.506621
vt 0.868959 0.494531
vt 0.883327 0.535364
vt 0.881419 0.557078
vt 0.856391 0.436244
vt 0.859966 0.468975
vt 0.839526 0.475908
vt 0.831188 0.444952
vt 0.855904 0.396703
vt 0.829967 0.406263
vt 0.151079 0.851268
vt 0.146132 0.873636
vt 0.120763 0.861813
vt 0.126792 0.838636
vt 0.133002 0.816532
vt 0.153187 0.817072
vt 0.152661 0.825605
vt 0.163251 0.783124
vt 0.886956 0.431652
vt 0.885088 0.458707
vt 0.870885 0.410456
vt 0.879600 0.392703
vt 0.178891 0.860032
vt 0.173289 0.824855
vt 0.174024 0.829709
vt 0.171154 0.810436
vt 0.886956 0.511979
vt 0.885447 0.481520
vt 0.259919 0.401628
vt 0.249134 0.378665
vt 0.250347 0.364537
vt 0.254720 0.403021
vt 0.249054 0.404345
vt 0.248832 0.397747
vt 0.262505 0.411653
vt 0.253213 0.477647
vt 0.251203 0.461838
vt 0.265232 0.471542
vt 0.267262 0.534431
vt 0.255743 0.519867
vt 0.273877 0.547094
vt 0.275052 0.571172
vt 0.252461 0.564861
vt 0.255011 0.545237
vt 0.260942 0.593906
vt 0.248244 0.583046
vt 0.862710 0.546201
vt 0.841883 0.519447
vt 0.846033 0.516751
vt 0.947931 0.551567
vt 0.938103 0.538967
vt 0.947931 0.536703
vt 0.895121 0.217908
vt 0.895121 0.246686
vt 0.886997 0.231081
vt 0.802993 0.752120
vt 0.784291 0.746510
vt 0.792128 0.710917
vt 0.809789 0.717284
vt 0.368791 0.812418
vt 0.349796 0.812253
vt 0.355070 0.752680
vt 0.373956 0.753994
vt 0.482921 0.862880
vt 0.457733 0.869842
vt 0.460074 0.841901
vt 0.484969 0.836313
vt 0.480580 0.800967
vt 0.481818 0.810935
vt 0.461776 0.817373
vt 0.462684 0.804315
vt 0.460743 0.753527
vt 0.476802 0.763605
vt 0.764560 0.741387
vt 0.763135 0.782322
vt 0.747763 0.782375
vt 0.767873 0.705578
vt 0.767124 0.650792
vt 0.792180 0.655881
vt 0.430113 0.870232
vt 0.433090 0.843535
vt 0.443070 0.806190
vt 0.440126 0.817206
vt 0.445637 0.767943
vt 0.739521 0.731889
vt 0.737532 0.700281
vt 0.737394 0.663179
vt 0.752995 0.671570
vt 0.743786 0.648007
vt 0.737313 0.634456
vt 0.421830 0.806129
vt 0.419425 0.810894
vt 0.428919 0.792316
vt 0.747457 0.749446
vt 0.737184 0.780200
vt 0.738986 0.752200
vt 0.402622 0.654671
vt 0.392076 0.677900
vt 0.386281 0.676122
vt 0.484969 0.774929
vt 0.949545 0.611661
vt 0.954520 0.616436
vt 0.949545 0.619397
vt 0.389646 0.687880
vt 0.384581 0.688622
vt 0.387485 0.748495
vt 0.401481 0.739077
vt 0.399586 0.754836
vt 0.386825 0.754416
vt 0.385727 0.810960
vt 0.397146 0.796704
vt 0.378966 0.822887
vt 0.377961 0.846197
vt 0.404213 0.857119
vt 0.392121 0.867663
vt 0.400058 0.840023
vt 0.788441 0.776635
vt 0.776924 0.779412
vt 0.957787 0.842535
vt 0.950324 0.857385
vt 0.950324 0.833895
vt 0.544932 0.598217
vt 0.537397 0.578822
vt 0.538882 0.578323
vt 0.546402 0.597800
vt 0.991588 0.974166
vt 0.995470 0.995831
vt 0.993558 0.996053
vt 0.989704 0.974363
vt 0.009467 0.642898
vt 0.002276 0.659596
vt 0.000624 0.659592
vt 0.007899 0.642854
vt 0.972710 0.895731
vt 0.972302 0.927461
vt 0.970395 0.927924
vt 0.970789 0.895745
vt 0.268385 0.969889
vt 0.268385 0.953358
vt 0.270035 0.953853
vt 0.269973 0.970532
vt 0.982049 0.857638
vt 0.980172 0.857385
vt 0.988218 0.218291
vt 0.992126 0.242487
vt 0.990290 0.242908
vt 0.986384 0.218551
vt 0.987265 0.186704
vt 0.987208 0.203781
vt 0.985375 0.203964
vt 0.985450 0.186706
vt 0.016283 0.424640
vt 0.016302 0.413810
vt 0.017469 0.414498
vt 0.017469 0.425314
vt 0.992126 0.165216
vt 0.990337 0.165050
vt 0.003284 0.705573
vt 0.004469 0.711489
vt 0.002758 0.712073
vt 0.001540 0.706046
vt 0.009467 0.732782
vt 0.559381 0.969511
vt 0.559381 0.947639
vt 0.561173 0.969320
vt 0.001875 0.689054
vt 0.000095 0.689278
vt 0.982049 0.944050
vt 0.980330 0.945102
vt 0.993459 0.951126
vt 0.991444 0.951060
vt 0.995470 0.920626
vt 0.993456 0.920586
vt 0.814161 0.392328
vt 0.814161 0.384065
vt 0.816104 0.384344
vt 0.816108 0.392456
vt 0.545076 0.615498
vt 0.546800 0.615439
vt 0.540699 0.635237
vt 0.542387 0.635417
vt 0.885126 0.934958
vt 0.884131 0.927683
vt 0.885822 0.927353
vt 0.886821 0.934553
vt 0.573638 0.947639
vt 0.573194 0.955212
vt 0.571744 0.955599
vt 0.572175 0.947875
vt 0.889333 0.952953
vt 0.890906 0.952753
vt 0.537397 0.643547
vt 0.539025 0.643862
vt 0.573638 0.966258
vt 0.572083 0.966745
vt 0.884131 0.975928
vt 0.885719 0.975996
vt 0.177104 0.893084
vt 0.175268 0.878749
vt 0.176830 0.878320
vt 0.178687 0.892793
vt 0.970272 0.611877
vt 0.970272 0.630333
vt 0.968535 0.630529
vt 0.968513 0.612080
vt 0.971943 0.132344
vt 0.972002 0.106957
vt 0.973430 0.107627
vt 0.973430 0.132998
vt 0.175268 0.932269
vt 0.176955 0.932226
vt 0.765129 0.229587
vt 0.764143 0.210837
vt 0.765955 0.211084
vt 0.766944 0.229889
vt 0.764143 0.243648
vt 0.766043 0.244037
vt 0.587750 0.968855
vt 0.585517 0.947810
vt 0.587292 0.947639
vt 0.589606 0.968757
vt 0.569396 0.947639
vt 0.569453 0.966017
vt 0.567568 0.966398
vt 0.567568 0.948057
vt 0.585517 0.991253
vt 0.587381 0.991484
vt 0.939429 0.847423
vt 0.932327 0.832649
vt 0.934130 0.832499
vt 0.941299 0.847920
vt 0.932327 0.856527
vt 0.934127 0.857384
vt 0.972526 0.517594
vt 0.970550 0.534711
vt 0.968532 0.534791
vt 0.970511 0.517676
vt 0.558945 0.959963
vt 0.559381 0.964877
vt 0.557547 0.965289
vt 0.557101 0.960103
vt 0.232712 0.937234
vt 0.230859 0.914230
vt 0.232646 0.913995
vt 0.972526 0.552281
vt 0.230917 0.898313
vt 0.232712 0.897936
vt 0.559381 0.948121
vt 0.557693 0.947639
vt 0.819437 0.490185
vt 0.851408 0.498931
vt 0.834168 0.515386
vt 0.866202 0.486699
vt 0.877146 0.478693
vt 0.886515 0.404208
vt 0.253142 0.446066
vt 0.177360 0.870695
vt 0.169669 0.878320
vt 0.165383 0.844267
vt 0.248244 0.419940
vt 0.176049 0.842473
vt 0.780738 0.780708
vt 0.777448 0.784935
vt 0.915484 0.838890
vt 0.915484 0.827040
vt 0.923587 0.835406
vt 0.950324 0.829443
vt 0.760090 0.807234
vt 0.741411 0.819101
vt 0.739887 0.801591
vt 0.397714 0.820966
vt 0.380255 0.720449
vt 0.399476 0.723171
vt 0.404213 0.697062
vt 0.737184 0.619210
vt 0.765055 0.620995
vt 0.950549 0.630733
vt 0.551454 0.855632
vt 0.565717 0.858907
vt 0.404213 0.841048
vt 0.412991 0.823648
vt 0.422360 0.830091
vt 0.939480 0.020599
vt 0.945124 0.040629
vt 0.935738 0.039947
vt 0.927608 0.034006
vt 0.922914 0.024394
vt 0.922913 0.013692
vt 0.927605 0.004761
vt 0.935733 -0.000000
vt 0.945119 0.000682
vt 0.953250 0.006626
vt 0.957945 0.016235
vt 0.957945 0.026940
vt 0.953252 0.035868
vt 0.934133 0.613452
vt 0.926392 0.618883
vt 0.911380 0.607805
vt 0.924786 0.598397
vt 0.942243 0.608864
vt 0.938837 0.590452
vt 0.735249 0.905294
vt 0.737183 0.913277
vt 0.720335 0.925098
vt 0.716984 0.911274
vt 0.734540 0.894972
vt 0.715756 0.893392
vt 0.735249 0.885070
vt 0.716982 0.876245
vt 0.737183 0.878246
vt 0.720334 0.864424
vt 0.974545 0.378067
vt 0.965471 0.378432
vt 0.957297 0.359693
vt 0.973016 0.359062
vt 0.945088 0.976019
vt 0.935191 0.975709
vt 0.932144 0.956888
vt 0.949286 0.957426
vt 0.411918 0.891776
vt 0.405118 0.883521
vt 0.414258 0.870232
vt 0.426036 0.884532
vt 0.414407 0.902188
vt 0.430346 0.902564
vt 0.411917 0.911962
vt 0.426036 0.919496
vt 0.405118 0.918482
vt 0.414258 0.930789
vt 0.897551 0.591002
vt 0.913031 0.580139
vt 0.929254 0.570964
vt 0.699253 0.929004
vt 0.695383 0.913042
vt 0.693966 0.892393
vt 0.695382 0.872591
vt 0.699252 0.858943
vt 0.954866 0.337837
vt 0.973016 0.337109
vt 0.930386 0.935005
vt 0.950180 0.935625
vt 0.963359 0.960246
vt 0.966429 0.938881
vt 0.868624 0.893811
vt 0.869637 0.876076
vt 0.889265 0.872938
vt 0.888095 0.893416
vt 0.869637 0.911062
vt 0.889263 0.913334
vt 0.902205 0.616152
vt 0.886956 0.600641
vt 0.888611 0.572976
vt 0.902020 0.563569
vt 0.916069 0.555622
vt 0.679589 0.923947
vt 0.676238 0.910123
vt 0.675010 0.892241
vt 0.676236 0.875091
vt 0.679587 0.863273
vt 0.958828 0.318719
vt 0.974545 0.318087
vt 0.930386 0.915922
vt 0.947529 0.916461
vt 0.892459 0.857385
vt 0.913682 0.861256
vt 0.910915 0.874725
vt 0.909902 0.892460
vt 0.910914 0.909708
vt 0.892456 0.927353
vt 0.913680 0.921850
vt 0.886956 0.558556
vt 0.894697 0.553125
vt 0.935514 0.522951
vt 0.919685 0.529114
vt 0.916134 0.515548
vt 0.925274 0.511987
vt 0.947101 0.509090
vt 0.931963 0.503986
vt 0.951343 0.491249
vt 0.934413 0.493684
vt 0.947101 0.474205
vt 0.931963 0.483846
vt 0.935512 0.462529
vt 0.925273 0.477105
vt 0.919684 0.459346
vt 0.916134 0.475268
vt 0.247655 0.358895
vt 0.247654 0.341906
vt 0.261202 0.350990
vt 0.261202 0.360797
vt 0.930386 0.873182
vt 0.928790 0.880958
vt 0.928204 0.891198
vt 0.928789 0.901157
vt 0.930386 0.908166
vt 0.826009 0.951840
vt 0.831828 0.970715
vt 0.822512 0.971040
vt 0.839898 0.965139
vt 0.844556 0.955809
vt 0.844560 0.945220
vt 0.839903 0.936214
vt 0.831836 0.931201
vt 0.822520 0.931525
vt 0.814451 0.937099
vt 0.809789 0.946431
vt 0.809789 0.957018
vt 0.814445 0.966027
vt 0.474738 0.161379
vt 0.472080 0.114021
vt 0.507507 0.111574
vt 0.508029 0.157771
vt 0.476774 0.225056
vt 0.512391 0.221108
vt 0.477399 0.257995
vt 0.512371 0.253906
vt 0.503495 0.295817
vt 0.478080 0.299820
vt 0.477880 0.287470
vt 0.505846 0.284717
vt 0.178891 0.779937
vt 0.225615 0.811775
vt 0.210409 0.832361
vt 0.178891 0.805256
vt 0.468535 0.070878
vt 0.446501 0.078259
vt 0.448764 0.023260
vt 0.462716 0.000000
vt 0.440304 0.158914
vt 0.445083 0.112682
vt 0.440220 0.222442
vt 0.441619 0.255234
vt 0.451995 0.296737
vt 0.449405 0.286381
vt 0.201516 0.769763
vt 0.238247 0.789027
vt 0.405045 0.152345
vt 0.412724 0.114621
vt 0.422142 0.192614
vt 0.411107 0.216400
vt 0.405461 0.246690
vt 0.957787 0.829443
vt 0.962965 0.829443
vt 0.958374 0.857195
vt 0.425610 0.287458
vt 0.232064 0.764109
vt 0.247823 0.764217
vt 0.434381 0.049881
vt 0.422516 0.087106
vt 0.204003 0.838820
vt 0.182664 0.822811
vt 0.198411 0.844421
vt 0.192239 0.850341
vt 0.189459 0.843897
vt 0.211076 0.844294
vt 0.217118 0.839784
vt 0.546885 0.212067
vt 0.546671 0.228271
vt 0.529585 0.222720
vt 0.527749 0.153046
vt 0.541704 0.164992
vt 0.646490 0.979389
vt 0.628799 0.956904
vt 0.646490 0.942205
vt 0.895574 0.100077
vt 0.911460 0.123213
vt 0.895574 0.134429
vt 0.214606 0.983821
vt 0.214539 0.944481
vt 0.230075 0.944481
vt 0.763400 0.359946
vt 0.780776 0.384972
vt 0.763400 0.392045
vt 0.480518 0.022620
vt 0.493590 0.065177
vt 0.486701 0.065673
vt 0.498679 0.048613
vt 0.508927 0.066716
vt 0.668601 0.127409
vt 0.702669 0.118515
vt 0.714676 0.156933
vt 0.682098 0.164461
vt 0.536199 0.710450
vt 0.513054 0.733646
vt 0.490066 0.691965
vt 0.725224 0.198320
vt 0.690793 0.207360
vt 0.516411 0.669009
vt 0.473409 0.664343
vt 0.500183 0.642976
vt 0.470434 0.612537
vt 0.478824 0.621120
vt 0.458580 0.640162
vt 0.450688 0.627291
vt 0.416810 0.578323
vt 0.442199 0.578323
vt 0.724145 0.103865
vt 0.681765 0.060046
vt 0.696407 0.045165
vt 0.742674 0.138784
vt 0.481820 0.747747
vt 0.458071 0.709022
vt 0.442871 0.682284
vt 0.428994 0.640958
vt 0.433087 0.653148
vt 0.407769 0.601937
vt 0.750600 0.087075
vt 0.767228 0.111715
vt 0.442765 0.753527
vt 0.427207 0.728919
vt 0.449664 0.730294
vt 0.428721 0.717875
vt 0.415179 0.709484
vt 0.405109 0.653072
vt 0.405582 0.659012
vt 0.405582 0.659012
vt 0.404213 0.635550
vt 0.727439 0.077563
vt 0.705585 0.036156
vt 0.731227 0.066093
vt 0.459651 0.583976
vt 0.476554 0.606852
vt 0.481245 0.592655
vt 0.487989 0.596229
vt 0.482144 0.601658
vt 0.482397 0.614930
vt 0.524120 0.650414
vt 0.530209 0.628981
vt 0.537397 0.640263
vt 0.526948 0.654576
vt 0.659713 0.163717
vt 0.671806 0.207832
vt 0.652978 0.208302
vt 0.647420 0.174137
vt 0.668198 0.151986
vt 0.178891 0.944481
vt 0.193823 0.944481
vt 0.191861 0.983722
vt 0.975236 0.040407
vt 0.957945 0.024252
vt 0.975236 -0.000000
vt 0.658995 0.088829
vt 0.667472 0.074981
vt 0.648433 0.060380
vt 0.654209 0.030021
vt 0.660033 0.069424
vt 0.961956 0.295902
vt 0.961972 0.315639
vt 0.959457 0.315589
vt 0.959457 0.295854
vt 0.019829 0.347380
vt 0.016283 0.321700
vt 0.018654 0.321574
vt 0.022211 0.347327
vt 0.959457 0.296080
vt 0.959454 0.318023
vt 0.956951 0.318033
vt 0.956951 0.295854
vt 0.981671 0.412647
vt 0.980849 0.374000
vt 0.983067 0.373595
vt 0.983850 0.412777
vt 0.959613 0.401888
vt 0.959613 0.379420
vt 0.961767 0.379688
vt 0.961708 0.402340
vt 0.975043 0.458903
vt 0.977146 0.459346
vt 0.996837 0.670945
vt 0.996986 0.700401
vt 0.994747 0.700703
vt 0.994498 0.671073
vt 0.997255 0.633552
vt 0.998945 0.653339
vt 0.996597 0.653377
vt 0.994864 0.633391
vt 0.019814 0.413810
vt 0.019814 0.424937
vt 0.017485 0.425315
vt 0.017494 0.414216
vt 0.996887 0.609735
vt 0.994498 0.609383
vt 0.998351 0.289833
vt 0.999333 0.296281
vt 0.996951 0.296246
vt 0.995980 0.289659
vt 0.995135 0.322241
vt 0.016283 0.344160
vt 0.016283 0.321574
vt 0.016283 0.321574
vt 0.230334 0.963531
vt 0.230334 0.937234
vt 0.232712 0.963159
vt 0.997599 0.243933
vt 0.997813 0.272629
vt 0.995463 0.272177
vt 0.995135 0.243385
vt 0.975043 0.354340
vt 0.976824 0.353161
vt 0.016811 0.374823
vt 0.018979 0.374757
vt 0.016283 0.413810
vt 0.018496 0.413754
vt 0.942243 0.618719
vt 0.942243 0.609222
vt 0.944462 0.609839
vt 0.944475 0.619151
vt 0.648435 0.810599
vt 0.651440 0.792596
vt 0.653951 0.792461
vt 0.650726 0.810470
vt 0.651688 0.840577
vt 0.653951 0.840743
vt 0.994533 0.162491
vt 0.994485 0.154047
vt 0.996707 0.153666
vt 0.996722 0.162002
vt 0.950971 0.532005
vt 0.950196 0.539644
vt 0.947931 0.540393
vt 0.948735 0.532626
vt 0.994160 0.182056
vt 0.996561 0.181998
vt 0.650003 0.852436
vt 0.652265 0.852823
vt 0.950971 0.550584
vt 0.948828 0.551567
vt 0.992125 0.212853
vt 0.994460 0.213086
vt 0.866559 0.904605
vt 0.868624 0.923062
vt 0.866345 0.923296
vt 0.864280 0.904666
vt 0.964049 0.295854
vt 0.964049 0.317646
vt 0.962008 0.317995
vt 0.961972 0.296201
vt 0.994439 0.242610
vt 0.996722 0.242908
vt 0.868624 0.855067
vt 0.866497 0.854853
vt 0.176324 0.953937
vt 0.175268 0.932269
vt 0.177469 0.932542
vt 0.178526 0.954274
vt 0.175268 0.969963
vt 0.177634 0.970339
vt 0.104918 0.973075
vt 0.107581 0.998336
vt 0.105561 0.998180
vt 0.103123 0.972708
vt 0.957306 0.378432
vt 0.957306 0.402178
vt 0.954866 0.402340
vt 0.954871 0.378571
vt 0.107581 0.947038
vt 0.105839 0.946257
vt 0.884664 0.235605
vt 0.876123 0.218394
vt 0.878400 0.217908
vt 0.886997 0.235930
vt 0.876123 0.246845
vt 0.878355 0.247642
vt 0.120658 0.814629
vt 0.117284 0.837795
vt 0.114908 0.837859
vt 0.118282 0.814675
vt 0.739503 0.906242
vt 0.740087 0.912822
vt 0.737777 0.912936
vt 0.737183 0.906010
vt 0.120658 0.862343
vt 0.118557 0.862119
vt 0.117803 0.881248
vt 0.115806 0.881102
vt 0.740087 0.891237
vt 0.737964 0.890237
vt 0.469423 0.081680
vt 0.500667 0.073571
vt 0.446065 0.088807
vt 0.430693 0.094173
vt 0.516439 0.140385
vt 0.404213 0.195653
vt 0.540731 0.245668
vt 0.404213 0.229290
vt 0.324800 0.944957
vt 0.341955 0.930152
vt 0.331784 0.965768
vt 0.309620 0.930152
vt 0.422871 0.281835
vt 0.197114 0.868235
vt 0.540187 0.271224
vt 0.235738 0.860385
vt 0.323230 0.930183
vt 0.661135 0.076893
vt 0.647420 0.082730
vt 0.660299 0.000000
vt 0.683404 0.017647
vt 0.809539 0.982949
vt 0.793842 0.966260
vt 0.809539 0.945980
vt 0.951343 0.516180
vt 0.968532 0.529477
vt 0.951343 0.552281
vt 0.519361 0.622156
vt 0.506344 0.602132
vt 0.408577 0.696603
vt 0.406848 0.674911
vt 0.421748 0.675648
vt 0.863769 0.949862
vt 0.867977 0.931201
vt 0.876547 0.936184
vt 0.881493 0.944819
vt 0.881491 0.954794
vt 0.876541 0.963436
vt 0.867971 0.968431
vt 0.858074 0.968437
vt 0.849505 0.963457
vt 0.844560 0.954821
vt 0.844560 0.944846
vt 0.849511 0.936204
vt 0.858082 0.931209
vt 0.928820 0.537680
vt 0.928820 0.547594
vt 0.916134 0.553125
vt 0.916134 0.535957
vt 0.342959 0.901467
vt 0.342397 0.892185
vt 0.359521 0.883529
vt 0.360495 0.899604
vt 0.342959 0.911331
vt 0.360496 0.916692
vt 0.342397 0.919133
vt 0.359524 0.930206
vt 0.832752 0.930993
vt 0.824792 0.931201
vt 0.813750 0.914693
vt 0.827538 0.914333
vt 0.842654 0.930992
vt 0.844686 0.914331
vt 0.851839 0.931201
vt 0.860595 0.914693
vt 0.399266 0.962690
vt 0.404213 0.971325
vt 0.392287 0.981191
vt 0.383715 0.966237
vt 0.399264 0.952715
vt 0.383716 0.948960
vt 0.404213 0.944072
vt 0.392285 0.933986
vt 0.196741 0.944481
vt 0.186914 0.944416
vt 0.181013 0.928630
vt 0.198034 0.928745
vt 0.206108 0.944416
vt 0.214259 0.928631
vt 0.357834 0.872766
vt 0.379845 0.867663
vt 0.381791 0.880088
vt 0.382916 0.898653
vt 0.382917 0.918382
vt 0.381794 0.933986
vt 0.809789 0.892561
vt 0.825711 0.892143
vt 0.845512 0.892143
vt 0.863885 0.892559
vt 0.139371 0.940942
vt 0.124508 0.939198
vt 0.120763 0.918390
vt 0.137927 0.920407
vt 0.156648 0.940943
vt 0.157876 0.920406
vt 0.171711 0.939196
vt 0.175268 0.918389
vt 0.178891 0.906753
vt 0.198545 0.906886
vt 0.217279 0.906752
vt 0.230075 0.906392
vt 0.214359 0.884647
vt 0.225440 0.884334
vt 0.403239 0.882787
vt 0.404212 0.898864
vt 0.404213 0.915950
vt 0.403240 0.929464
vt 0.813975 0.870735
vt 0.827763 0.870373
vt 0.844911 0.870373
vt 0.860820 0.870734
vt 0.124404 0.896108
vt 0.139267 0.897854
vt 0.156544 0.897854
vt 0.171605 0.896107
vt 0.181113 0.884647
vt 0.198134 0.884762
vt 0.655207 0.867532
vt 0.670126 0.858943
vt 0.675010 0.871953
vt 0.666395 0.876911
vt 0.646595 0.882459
vt 0.661424 0.885529
vt 0.646595 0.899725
vt 0.661424 0.895497
vt 0.655210 0.914702
vt 0.666398 0.904146
vt 0.670128 0.923378
vt 0.675010 0.909154
vt 0.833142 0.854853
vt 0.843044 0.854853
vt 0.852229 0.855061
vt 0.134455 0.878320
vt 0.143035 0.879328
vt 0.153012 0.879328
vt 0.161707 0.878320
vt 0.187087 0.868235
vt 0.196916 0.868302
vt 0.206282 0.868235
vt 0.917905 0.224736
vt 0.912428 0.206091
vt 0.922368 0.206088
vt 0.903822 0.211084
vt 0.898852 0.219724
vt 0.898852 0.229701
vt 0.903821 0.238336
vt 0.912429 0.243322
vt 0.922367 0.243316
vt 0.930973 0.238326
vt 0.935945 0.229684
vt 0.935945 0.219709
vt 0.930974 0.211071
vt 0.729250 0.840822
vt 0.702244 0.858943
vt 0.694648 0.832707
vt 0.717053 0.833775
vt 0.189908 0.645151
vt 0.191377 0.664653
vt 0.147126 0.659931
vt 0.145657 0.640428
vt 0.561563 0.698968
vt 0.543247 0.702476
vt 0.551347 0.658729
vt 0.596393 0.000000
vt 0.596393 0.020315
vt 0.546885 0.023177
vt 0.546885 0.002861
vt 0.316620 0.000000
vt 0.315407 0.018263
vt 0.280448 0.030356
vt 0.281661 0.012093
vt 0.519756 0.923951
vt 0.531837 0.942585
vt 0.500845 0.950161
vt 0.499671 0.923951
vt 0.246354 0.640428
vt 0.247823 0.659931
vt 0.647420 0.000062
vt 0.647420 0.020377
vt 0.513525 0.972251
vt 0.495454 0.972700
vt 0.484969 0.957903
vt 0.569663 0.745705
vt 0.551347 0.749213
vt 0.373294 0.001517
vt 0.372081 0.019779
vt 0.530457 0.961260
vt 0.404213 0.039569
vt 0.374261 0.085568
vt 0.357269 0.076799
vt 0.232897 0.699556
vt 0.200665 0.702253
vt 0.529438 0.753527
vt 0.564020 0.797441
vt 0.517132 0.810338
vt 0.497384 0.785262
vt 0.564020 0.844831
vt 0.517132 0.837399
vt 0.603519 0.071143
vt 0.575248 0.072777
vt 0.632656 0.071179
vt 0.323384 0.076109
vt 0.303588 0.080307
vt 0.364299 0.099212
vt 0.351776 0.091466
vt 0.225867 0.710393
vt 0.204297 0.712539
vt 0.499981 0.814022
vt 0.486058 0.796336
vt 0.500579 0.832852
vt 0.493481 0.855632
vt 0.484969 0.845253
vt 0.625555 0.084358
vt 0.606040 0.084089
vt 0.329226 0.090191
vt 0.315137 0.094239
vt 0.187481 0.710393
vt 0.199840 0.764109
vt 0.181181 0.763038
vt 0.223757 0.760252
vt 0.890906 0.927353
vt 0.907355 0.933762
vt 0.909343 0.979467
vt 0.890906 0.972802
vt 0.926200 0.934564
vt 0.930386 0.980820
vt 0.587231 0.085426
vt 0.613048 0.136524
vt 0.592069 0.136493
vt 0.634786 0.138206
vt 0.466388 0.941039
vt 0.484969 0.940809
vt 0.484969 0.985268
vt 0.464265 0.985268
vt 0.344922 0.136116
vt 0.319686 0.135098
vt 0.358984 0.143517
vt 0.354274 0.146976
vt 0.342394 0.140756
vt 0.952752 0.459346
vt 0.974627 0.465944
vt 0.969833 0.469392
vt 0.951343 0.463816
vt 0.981966 0.490083
vt 0.976035 0.489784
vt 0.974631 0.509844
vt 0.969833 0.506476
vt 0.952756 0.516180
vt 0.951343 0.511824
vt 0.632426 0.142065
vt 0.614066 0.140610
vt 0.303951 0.139165
vt 0.321076 0.139905
vt 0.307784 0.143330
vt 0.913338 0.619209
vt 0.929001 0.621139
vt 0.923897 0.693360
vt 0.904211 0.691445
vt 0.949374 0.619209
vt 0.949544 0.689509
vt 0.915484 0.756228
vt 0.931476 0.760521
vt 0.935596 0.826311
vt 0.915484 0.822385
vt 0.949285 0.760183
vt 0.958087 0.825552
vt 0.596347 0.140546
vt 0.616354 0.209752
vt 0.594067 0.209598
vt 0.639662 0.213113
vt 0.004732 0.586636
vt 0.022211 0.586084
vt 0.022211 0.642854
vt 0.000074 0.642495
vt 0.336621 0.203855
vt 0.309733 0.202038
vt 0.351593 0.211196
vt 0.347322 0.214696
vt 0.334375 0.208345
vt 0.949886 0.135522
vt 0.973538 0.143371
vt 0.969109 0.146385
vt 0.948635 0.139592
vt 0.981400 0.169526
vt 0.975889 0.169001
vt 0.973289 0.190508
vt 0.968915 0.187148
vt 0.949790 0.196672
vt 0.948635 0.192476
vt 0.637211 0.217103
vt 0.617047 0.214100
vt 0.292946 0.204888
vt 0.311128 0.206760
vt 0.296627 0.209226
vt 0.871794 0.756228
vt 0.888721 0.758631
vt 0.887011 0.797337
vt 0.870303 0.794986
vt 0.911029 0.756228
vt 0.908923 0.794436
vt 0.878853 0.000000
vt 0.896167 0.003815
vt 0.899740 0.040042
vt 0.882695 0.037383
vt 0.915615 0.003549
vt 0.918902 0.038969
vt 0.597804 0.213997
vt 0.618080 0.253259
vt 0.599056 0.252608
vt 0.637805 0.256468
vt 0.095693 0.816587
vt 0.114736 0.814629
vt 0.114908 0.842532
vt 0.096264 0.844109
vt 0.328588 0.245402
vt 0.305780 0.242817
vt 0.888929 0.857385
vt 0.868624 0.854969
vt 0.915484 0.853840
vt 0.899624 0.100077
vt 0.878853 0.096325
vt 0.922913 0.099244
vt 0.611638 0.313921
vt 0.588544 0.312608
vt 0.635481 0.317829
vt 0.114908 0.885439
vt 0.092362 0.887665
vt 0.325523 0.301482
vt 0.297751 0.299052
vt 0.904211 0.693361
vt 0.927868 0.693361
vt 0.925723 0.697307
vt 0.905243 0.697307
vt 0.948631 0.708914
vt 0.943698 0.710774
vt 0.947732 0.737128
vt 0.942912 0.735194
vt 0.932875 0.754995
vt 0.930047 0.750653
vt 0.907423 0.753003
vt 0.908015 0.748924
vt 0.632739 0.321056
vt 0.612105 0.317677
vt 0.280448 0.301543
vt 0.299158 0.303170
vt 0.284183 0.305328
vt 0.323199 0.305258
vt 0.906773 0.318087
vt 0.924294 0.320604
vt 0.925526 0.335434
vt 0.908121 0.334196
vt 0.947349 0.318087
vt 0.948595 0.334129
vt 0.907876 0.135522
vt 0.926036 0.137575
vt 0.927643 0.158073
vt 0.909378 0.151791
vt 0.946101 0.135522
vt 0.947755 0.159521
vt 0.592120 0.316522
vt 0.608878 0.343626
vt 0.589095 0.341315
vt 0.629540 0.345942
vt 0.297658 0.323578
vt 0.282644 0.329176
vt 0.321759 0.321418
vt 0.924922 0.382940
vt 0.902339 0.381332
vt 0.954866 0.381167
vt 0.922544 0.204373
vt 0.898852 0.196416
vt 0.948635 0.206088
vt 0.602428 0.389580
vt 0.576754 0.386620
vt 0.629240 0.392704
vt 0.653337 0.361292
vt 0.673248 0.361068
vt 0.673248 0.392548
vt 0.647420 0.392703
vt 0.327817 0.361905
vt 0.296547 0.364537
vt 0.486733 0.906655
vt 0.484969 0.879790
vt 0.493626 0.882627
vt 0.494944 0.902696
vt 0.500324 0.855632
vt 0.505098 0.864580
vt 0.531012 0.855632
vt 0.528022 0.864579
vt 0.551454 0.871855
vt 0.543294 0.876699
vt 0.551162 0.900794
vt 0.543075 0.898316
vt 0.537863 0.922878
vt 0.533140 0.914815
vt 0.512814 0.923951
vt 0.514427 0.915616
vt 0.046867 0.891180
vt 0.063726 0.892533
vt 0.066408 0.957915
vt 0.046867 0.956736
vt 0.086106 0.891410
vt 0.092361 0.956366
vt 0.002912 0.891180
vt 0.021211 0.894885
vt 0.024184 0.958888
vt 0.002912 0.954363
vt 0.040711 0.893743
vt 0.046867 0.957929
vt 0.744632 0.890843
vt 0.763936 0.890656
vt 0.762720 0.957307
vt 0.740320 0.957122
vt 0.784102 0.890482
vt 0.786118 0.957307
vt 0.686775 0.649760
vt 0.701531 0.645081
vt 0.700783 0.706513
vt 0.683649 0.712085
vt 0.724951 0.644085
vt 0.727987 0.704960
vt 0.820952 0.601490
vt 0.819437 0.578108
vt 0.824138 0.580719
vt 0.825471 0.599585
vt 0.832744 0.557078
vt 0.835048 0.563523
vt 0.859308 0.557078
vt 0.856977 0.563110
vt 0.876997 0.571196
vt 0.871627 0.574246
vt 0.876733 0.596376
vt 0.871493 0.594601
vt 0.865215 0.615593
vt 0.862049 0.610309
vt 0.843525 0.616533
vt 0.844153 0.611397
vt 0.725209 0.710635
vt 0.703166 0.710166
vt 0.910320 0.243385
vt 0.926201 0.244995
vt 0.926668 0.318087
vt 0.907876 0.315625
vt 0.947256 0.243385
vt 0.951569 0.316810
vt 0.552907 0.871767
vt 0.569756 0.875099
vt 0.572832 0.947639
vt 0.552907 0.943488
vt 0.588135 0.874463
vt 0.594534 0.946681
vt 0.841742 -0.000000
vt 0.859915 0.000784
vt 0.856410 0.074630
vt 0.834942 0.074346
vt 0.878853 0.002351
vt 0.878853 0.075909
vt 0.689291 0.713291
vt 0.696885 0.777495
vt 0.680479 0.781380
vt 0.722924 0.778227
vt 0.737183 0.784941
vt 0.732435 0.790129
vt 0.720152 0.784285
vt 0.956753 0.402829
vt 0.975043 0.418163
vt 0.969190 0.419052
vt 0.953441 0.405852
vt 0.972053 0.443873
vt 0.966607 0.441197
vt 0.956783 0.459346
vt 0.953441 0.454526
vt 0.857376 0.080230
vt 0.838866 0.080060
vt 0.876713 0.081268
vt 0.697718 0.783629
vt 0.683578 0.786990
vt 0.942243 0.553125
vt 0.958360 0.555823
vt 0.958388 0.608186
vt 0.942296 0.604237
vt 0.979846 0.555478
vt 0.979846 0.609222
vt 0.948631 0.693361
vt 0.965533 0.698049
vt 0.965538 0.751329
vt 0.948631 0.746187
vt 0.984252 0.698396
vt 0.984252 0.751222
vt 0.855252 0.134264
vt 0.836688 0.135522
vt 0.874589 0.134008
vt 0.680479 0.836480
s 1
usemtl M_Coconut
f 1/1/1 2/2/2 3/3/3
f 1/1/1 3/3/3 4/4/4
f 1/1/1 4/4/4 5/5/5
f 1/1/1 5/5/5 6/6/6
f 1/1/1 6/6/6 7/7/7
f 1/8/1 7/9/7 8/10/8
f 1/11/1 8/12/8 9/13/9
f 1/11/1 9/13/9 10/14/10
f 1/11/1 10/14/10 11/15/11
f 1/1/1 11/16/11 12/17/12
f 1/1/1 12/17/12 13/18/13
f 1/1/1 13/18/13 2/2/2
f 17/19/3 14/20/2 15/21/14
f 15/21/14 16/22/15 17/19/3
f 19/23/4 17/19/3 16/22/15
f 16/22/15 18/24/16 19/23/4
f 21/25/17 19/23/4 18/24/16
f 18/24/16 20/26/18 21/25/17
f 23/27/6 21/28/17 20/29/18
f 20/29/18 22/30/19 23/27/6
f 25/31/20 23/27/6 22/30/19
f 22/30/19 24/32/21 25/31/20
f 27/33/8 25/31/20 24/32/21
f 24/32/21 26/34/22 27/33/8
f 29/35/9 27/33/8 26/34/22
f 26/34/22 28/36/23 29/35/9
f 33/37/24 30/38/9 31/39/25
f 31/39/25 32/40/26 33/37/24
f 35/41/11 33/37/24 32/40/26
f 32/40/26 34/42/27 35/41/11
f 37/43/12 35/41/11 34/42/27
f 34/42/27 36/44/28 37/43/12
f 39/45/13 37/46/12 36/47/28
f 36/47/28 38/48/29 39/45/13
f 14/20/2 39/45/13 38/48/29
f 38/48/29 15/21/14 14/20/2
f 16/22/15 15/21/14 40/49/30
f 40/49/30 41/50/31 16/22/15
f 18/24/16 16/22/15 41/50/31
f 41/50/31 42/51/32 18/24/16
f 20/52/18 18/53/16 42/54/32
f 42/54/32 43/55/33 20/52/18
f 22/30/19 20/29/18 43/56/33
f 43/56/33 44/57/34 22/30/19
f 24/32/21 22/30/19 44/57/34
f 44/57/34 45/58/35 24/32/21
f 26/34/22 24/32/21 45/58/35
f 45/58/35 46/59/36 26/34/22
f 28/36/23 26/34/22 46/59/36
f 46/59/36 47/60/37 28/36/23
f 32/40/26 31/39/25 48/61/37
f 48/61/37 49/62/38 32/40/26
f 34/42/27 32/40/26 49/62/38
f 49/62/38 50/63/39 34/42/27
f 36/44/28 34/42/27 50/63/39
f 50/63/39 51/64/40 36/44/28
f 38/65/29 36/66/28 51/67/40
f 51/67/40 52/68/41 38/65/29
f 15/21/14 38/48/29 52/69/41
f 52/69/41 40/49/30 15/21/14
f 41/70/31 40/71/30 53/72/42
f 53/72/42 54/73/43 41/70/31
f 42/54/32 41/70/31 54/73/43
f 54/73/43 55/74/44 42/54/32
f 43/55/33 42/54/32 55/74/44
f 55/74/44 56/75/45 43/55/33
f 44/76/34 43/55/33 56/75/45
f 56/75/45 57/77/46 44/76/34
f 45/58/35 44/57/34 57/78/46
f 57/78/46 58/79/47 45/58/35
f 46/59/36 45/58/35 58/79/47
f 58/79/47 59/80/48 46/59/36
f 47/81/37 46/82/36 59/83/48
f 59/83/48 60/84/49 47/81/37
f 49/62/38 48/61/37 61/85/49
f 61/85/49 62/86/50 49/62/38
f 50/63/39 49/62/38 62/86/50
f 62/86/50 63/87/51 50/63/39
f 51/67/40 50/88/39 63/89/51
f 63/89/51 64/90/52 51/67/40
f 52/68/41 51/67/40 64/90/52
f 64/90/52 65/91/53 52/68/41
f 40/92/30 52/68/41 65/91/53
f 65/91/53 53/93/42 40/92/30
f 54/94/43 53/93/42 66/95/54
f 66/95/54 67/96/55 54/94/43
f 55/74/44 54/73/43 67/97/55
f 67/97/55 68/98/56 55/74/44
f 56/75/45 55/74/44 68/98/56
f 68/98/56 69/99/57 56/75/45
f 57/77/46 56/75/45 69/99/57
f 69/99/57 70/100/58 57/77/46
f 58/101/47 57/102/46 70/103/58
f 70/103/58 71/104/59 58/101/47
f 59/83/48 58/101/47 71/104/59
f 71/104/59 72/105/60 59/83/48
f 60/84/49 59/83/48 72/105/60
f 72/105/60 73/106/61 60/84/49
f 62/107/50 61/108/49 74/109/61
f 74/109/61 75/110/62 62/107/50
f 63/111/51 62/107/50 75/110/62
f 75/110/62 76/112/63 63/111/51
f 64/90/52 63/89/51 76/113/63
f 76/113/63 77/114/64 64/90/52
f 65/91/53 64/90/52 77/114/64
f 77/114/64 78/115/65 65/91/53
f 53/93/42 65/91/53 78/115/65
f 78/115/65 66/95/54 53/93/42
f 79/116/66 80/117/55 81/118/67
f 79/119/66 82/120/68 80/121/55
f 79/119/66 83/122/57 82/120/68
f 79/123/66 84/124/58 83/125/57
f 79/123/66 85/126/69 84/124/58
f 79/123/66 86/127/60 85/126/69
f 79/123/66 87/128/61 86/127/60
f 79/123/66 88/129/62 87/128/61
f 79/123/66 89/130/70 88/129/62
f 79/116/66 90/131/71 89/132/70
f 79/116/66 91/133/72 90/131/71
f 79/116/66 81/118/67 91/133/72
f 350/438/36 351/439/331 352/440/332
f 350/438/36 352/440/332 353/441/333
f 350/438/36 353/441/333 354/442/334
f 350/438/36 354/442/334 355/443/335
f 350/438/36 355/443/335 356/444/336
f 350/438/36 356/444/336 357/445/337
f 350/446/36 357/447/337 358/448/338
f 350/446/36 358/448/338 359/449/339
f 350/438/36 359/450/339 360/451/340
f 350/438/36 360/451/340 361/452/341
f 350/438/36 361/452/341 362/453/342
f 350/438/36 362/453/342 351/439/331
f 366/454/343 363/455/331 364/456/344
f 364/456/344 365/457/345 366/454/343
f 368/458/333 366/454/343 365/457/345
f 365/457/345 367/459/346 368/458/333
f 370/460/334 368/458/333 367/459/346
f 367/459/346 369/461/347 370/460/334
f 372/462/348 370/460/334 369/461/347
f 369/461/347 371/463/349 372/462/348
f 374/464/336 372/465/348 371/466/349
f 371/466/349 373/467/350 374/464/336
f 376/468/351 374/464/336 373/467/350
f 373/467/350 375/469/352 376/468/351
f 378/470/338 376/468/351 375/469/352
f 375/469/352 377/471/353 378/470/338
f 382/472/339 379/473/338 380/474/353
f 380/474/353 381/475/354 382/472/339
f 384/476/340 382/477/339 381/478/354
f 381/478/354 383/479/355 384/476/340
f 386/480/341 384/476/340 383/479/355
f 383/479/355 385/481/356 386/480/341
f 388/482/342 386/480/341 385/481/356
f 385/481/356 387/483/357 388/482/342
f 363/455/331 388/484/342 387/485/357
f 387/485/357 364/456/344 363/455/331
f 365/457/345 364/456/344 389/486/358
f 389/486/358 390/487/359 365/457/345
f 367/459/346 365/457/345 390/487/359
f 390/487/359 391/488/360 367/459/346
f 369/461/347 367/459/346 391/488/360
f 391/488/360 392/489/33 369/461/347
f 371/490/349 369/491/347 392/492/33
f 392/492/33 393/493/361 371/490/349
f 373/494/350 371/490/349 393/493/361
f 393/493/361 394/495/362 373/494/350
f 375/469/352 373/467/350 394/496/362
f 394/496/362 395/497/66 375/469/352
f 377/471/353 375/469/352 395/497/66
f 395/497/66 396/498/363 377/471/353
f 381/475/354 380/474/353 397/499/364
f 397/499/364 398/500/365 381/475/354
f 383/479/355 381/478/354 398/501/365
f 398/501/365 399/502/39 383/479/355
f 385/481/356 383/479/355 399/502/39
f 399/502/39 400/503/366 385/481/356
f 387/483/357 385/481/356 400/503/366
f 400/503/366 401/504/367 387/483/357
f 364/505/344 387/483/357 401/504/367
f 401/504/367 389/506/358 364/505/344
f 390/507/359 389/508/358 402/509/368
f 402/509/368 403/510/369 390/507/359
f 391/511/360 390/507/359 403/510/369
f 403/510/369 404/512/370 391/511/360
f 392/492/33 391/513/360 404/514/370
f 404/514/370 405/515/371 392/492/33
f 393/493/361 392/492/33 405/515/371
f 405/515/371 406/516/372 393/493/361
f 394/495/362 393/493/361 406/516/372
f 406/516/372 407/517/373 394/495/362
f 395/518/66 394/495/362 407/517/373
f 407/517/373 408/519/374 395/518/66
f 396/520/363 395/521/66 408/522/374
f 408/522/374 409/523/375 396/520/363
f 398/524/365 397/525/364 410/526/375
f 410/526/375 411/527/376 398/524/365
f 399/528/39 398/524/365 411/527/376
f 411/527/376 412/529/377 399/528/39
f 400/503/366 399/502/39 412/530/377
f 412/530/377 413/531/378 400/503/366
f 401/504/367 400/503/366 413/531/378
f 413/531/378 414/532/379 401/504/367
f 389/508/358 401/533/367 414/534/379
f 414/534/379 402/509/368 389/508/358
f 403/510/369 402/509/368 415/535/380
f 415/535/380 416/536/381 403/510/369
f 404/512/370 403/510/369 416/536/381
f 416/536/381 417/537/382 404/512/370
f 405/538/371 404/512/370 417/537/382
f 417/537/382 418/539/383 405/538/371
f 406/516/372 405/515/371 418/540/383
f 418/540/383 419/541/384 406/516/372
f 407/517/373 406/516/372 419/541/384
f 419/541/384 420/542/385 407/517/373
f 408/522/374 407/543/373 420/544/385
f 420/544/385 421/545/386 408/522/374
f 409/523/375 408/522/374 421/545/386
f 421/545/386 422/546/387 409/523/375
f 411/527/376 410/526/375 423/547/387
f 423/547/387 424/548/388 411/527/376
f 412/529/377 411/527/376 424/548/388
f 424/548/388 425/549/389 412/529/377
f 413/550/378 412/529/377 425/549/389
f 425/549/389 426/551/390 413/550/378
f 414/534/379 413/552/378 426/553/390
f 426/553/390 427/554/391 414/534/379
f 402/509/368 414/534/379 427/554/391
f 427/554/391 415/535/380 402/509/368
f 428/555/30 429/556/381 430/557/392
f 428/555/30 431/558/393 429/556/381
f 428/555/30 432/559/383 431/558/393
f 428/555/30 433/560/384 432/559/383
f 428/561/30 434/562/385 433/563/384
f 428/561/30 435/564/394 434/562/385
f 428/561/30 436/565/387 435/564/394
f 428/561/30 437/566/395 436/565/387
f 428/561/30 438/567/389 437/566/395
f 428/555/30 439/568/396 438/569/389
f 428/555/30 440/570/391 439/568/396
f 428/555/30 430/557/392 440/570/391
f 1716/2122/1673 1717/2123/1674 1718/2124/1675
f 1716/2122/1673 1718/2124/1675 1719/2125/1676
f 1716/2122/1673 1719/2125/1676 1720/2126/1677
f 1716/2122/1673 1720/2126/1677 1721/2127/1678
f 1716/2122/1673 1721/2127/1678 1722/2128/1679
f 1716/2122/1673 1722/2128/1679 1723/2129/1680
f 1716/2122/1673 1723/2129/1680 1724/2130/1681
f 1716/2122/1673 1724/2130/1681 1725/2131/1682
f 1716/2122/1673 1725/2131/1682 1726/2132/1683
f 1716/2122/1673 1726/2132/1683 1727/2133/1684
f 1716/2122/1673 1727/2133/1684 1728/2134/1685
f 1716/2122/1673 1728/2134/1685 1717/2123/1674
f 1732/2135/1686 1729/2136/1687 1730/2137/1688
f 1730/2137/1688 1731/2138/1689 1732/2135/1686
f 1734/2139/1690 1732/2135/1686 1731/2138/1689
f 1731/2138/1689 1733/2140/1691 1734/2139/1690
f 1736/2141/1692 1734/2142/1690 1733/2143/1691
f 1733/2143/1691 1735/2144/1693 1736/2141/1692
f 1738/2145/1694 1736/2141/1692 1735/2144/1693
f 1735/2144/1693 1737/2146/1695 1738/2145/1694
f 1740/2147/1696 1738/2145/1694 1737/2146/1695
f 1737/2146/1695 1739/2148/1697 1740/2147/1696
f 1742/2149/1698 1740/2147/1696 1739/2148/1697
f 1739/2148/1697 1741/2150/1699 1742/2149/1698
f 1744/2151/1700 1742/2152/1698 1741/2153/1699
f 1741/2153/1699 1743/2154/1701 1744/2151/1700
f 1748/2155/1702 1745/2156/1703 1746/2157/1704
f 1746/2157/1704 1747/2158/1705 1748/2155/1702
f 1750/2159/1706 1748/2160/1702 1747/2161/1705
f 1747/2161/1705 1749/2162/1707 1750/2159/1706
f 1752/2163/1708 1750/2159/1706 1749/2162/1707
f 1749/2162/1707 1751/2164/1709 1752/2163/1708
f 1754/2165/1710 1752/2163/1708 1751/2164/1709
f 1751/2164/1709 1753/2166/1711 1754/2165/1710
f 1729/2167/1687 1754/2165/1710 1753/2166/1711
f 1753/2166/1711 1730/2168/1688 1729/2167/1687
f 1731/2138/1689 1730/2137/1688 1755/2169/1712
f 1755/2169/1712 1756/2170/1713 1731/2138/1689
f 1733/2140/1691 1731/2138/1689 1756/2170/1713
f 1756/2170/1713 1757/2171/1714 1733/2140/1691
f 1735/2144/1693 1733/2143/1691 1757/2172/1714
f 1757/2172/1714 1758/2173/33 1735/2144/1693
f 1737/2146/1695 1735/2144/1693 1758/2173/33
f 1758/2173/33 1759/2174/1715 1737/2146/1695
f 1739/2148/1697 1737/2146/1695 1759/2174/1715
f 1759/2174/1715 1760/2175/1716 1739/2148/1697
f 1741/2150/1699 1739/2148/1697 1760/2175/1716
f 1760/2175/1716 1761/2176/1717 1741/2150/1699
f 1743/2154/1701 1741/2153/1699 1761/2177/1717
f 1761/2177/1717 1762/2178/1718 1743/2154/1701
f 1747/2158/1705 1746/2157/1704 1763/2179/1719
f 1763/2179/1719 1764/2180/1720 1747/2158/1705
f 1749/2181/1707 1747/2158/1705 1764/2180/1720
f 1764/2180/1720 1765/2182/39 1749/2181/1707
f 1751/2183/1709 1749/2184/1707 1765/2185/39
f 1765/2185/39 1766/2186/1721 1751/2183/1709
f 1753/2187/1711 1751/2183/1709 1766/2186/1721
f 1766/2186/1721 1767/2188/1722 1753/2187/1711
f 1730/2137/1688 1753/2189/1711 1767/2190/1722
f 1767/2190/1722 1755/2169/1712 1730/2137/1688
f 1756/2170/1713 1755/2169/1712 1768/2191/1723
f 1768/2191/1723 1769/2192/1724 1756/2170/1713
f 1757/2171/1714 1756/2170/1713 1769/2192/1724
f 1769/2192/1724 1770/2193/1725 1757/2171/1714
f 1758/2173/33 1757/2172/1714 1770/2194/1725
f 1770/2194/1725 1771/2195/1726 1758/2173/33
f 1759/2174/1715 1758/2173/33 1771/2195/1726
f 1771/2195/1726 1772/2196/1727 1759/2174/1715
f 1760/2175/1716 1759/2174/1715 1772/2196/1727
f 1772/2196/1727 1773/2197/1728 1760/2175/1716
f 1761/2176/1717 1760/2175/1716 1773/2197/1728
f 1773/2197/1728 1774/2198/1729 1761/2176/1717
f 1762/2178/1718 1761/2177/1717 1774/2199/1729
f 1774/2199/1729 1775/2200/1730 1762/2178/1718
f 1764/2180/1720 1763/2179/1719 1776/2201/1731
f 1776/2201/1731 1777/2202/1732 1764/2180/1720
f 1765/2185/39 1764/2203/1720 1777/2204/1732
f 1777/2204/1732 1778/2205/1733 1765/2185/39
f 1766/2186/1721 1765/2185/39 1778/2205/1733
f 1778/2205/1733 1779/2206/1734 1766/2186/1721
f 1767/2188/1722 1766/2186/1721 1779/2206/1734
f 1779/2206/1734 1780/2207/1735 1767/2188/1722
f 1755/2208/1712 1767/2188/1722 1780/2207/1735
f 1780/2207/1735 1768/2209/1723 1755/2208/1712
f 1769/2192/1724 1768/2191/1723 1781/2210/1736
f 1781/2210/1736 1782/2211/1737 1769/2192/1724
f 1770/2212/1725 1769/2213/1724 1782/2214/1737
f 1782/2214/1737 1783/2215/1738 1770/2212/1725
f 1771/2216/1726 1770/2212/1725 1783/2215/1738
f 1783/2215/1738 1784/2217/1739 1771/2216/1726
f 1772/2218/1727 1771/2216/1726 1784/2217/1739
f 1784/2217/1739 1785/2219/1740 1772/2218/1727
f 1773/2220/1728 1772/2218/1727 1785/2219/1740
f 1785/2219/1740 1786/2221/1741 1773/2220/1728
f 1774/2222/1729 1773/2220/1728 1786/2221/1741
f 1786/2221/1741 1787/2223/1742 1774/2222/1729
f 1775/2224/1730 1774/2222/1729 1787/2223/1742
f 1787/2223/1742 1788/2225/1743 1775/2224/1730
f 1777/2226/1732 1776/2227/1731 1789/2228/1744
f 1789/2228/1744 1790/2229/1745 1777/2226/1732
f 1778/2205/1733 1777/2204/1732 1790/2230/1745
f 1790/2230/1745 1791/2231/1746 1778/2205/1733
f 1779/2206/1734 1778/2205/1733 1791/2231/1746
f 1791/2231/1746 1792/2232/1747 1779/2206/1734
f 1780/2207/1735 1779/2206/1734 1792/2232/1747
f 1792/2232/1747 1793/2233/1748 1780/2207/1735
f 1768/2209/1723 1780/2207/1735 1793/2233/1748
f 1793/2233/1748 1781/2234/1736 1768/2209/1723
f 1794/2235/1749 1795/2236/1750 1796/2237/1751
f 1794/2235/1749 1797/2238/1752 1795/2236/1750
f 1794/2235/1749 1798/2239/1753 1797/2238/1752
f 1794/2235/1749 1799/2240/1754 1798/2239/1753
f 1794/2235/1749 1800/2241/1755 1799/2240/1754
f 1794/2235/1749 1801/2242/1756 1800/2241/1755
f 1794/2235/1749 1802/2243/1757 1801/2242/1756
f 1794/2235/1749 1803/2244/1758 1802/2243/1757
f 1794/2235/1749 1804/2245/1759 1803/2244/1758
f 1794/2235/1749 1805/2246/1760 1804/2245/1759
f 1794/2235/1749 1806/2247/1761 1805/2246/1760
f 1794/2235/1749 1796/2237/1751 1806/2247/1761
f 2062/2549/2018 2063/2550/2019 2064/2551/2020
f 2062/2549/2018 2064/2551/2020 2065/2552/2021
f 2062/2549/2018 2065/2552/2021 2066/2553/2022
f 2062/2549/2018 2066/2553/2022 2067/2554/2023
f 2062/2549/2018 2067/2554/2023 2068/2555/2024
f 2062/2549/2018 2068/2555/2024 2069/2556/2025
f 2062/2549/2018 2069/2556/2025 2070/2557/2026
f 2062/2549/2018 2070/2557/2026 2071/2558/2027
f 2062/2549/2018 2071/2558/2027 2072/2559/2028
f 2062/2549/2018 2072/2559/2028 2073/2560/2029
f 2062/2549/2018 2073/2560/2029 2074/2561/2030
f 2062/2549/2018 2074/2561/2030 2063/2550/2019
f 2078/2562/2020 2075/2563/2019 2076/2564/2031
f 2076/2564/2031 2077/2565/2032 2078/2562/2020
f 2080/2566/2021 2078/2567/2020 2077/2568/2032
f 2077/2568/2032 2079/2569/2033 2080/2566/2021
f 2082/2570/2022 2080/2566/2021 2079/2569/2033
f 2079/2569/2033 2081/2571/2034 2082/2570/2022
f 2084/2572/2023 2082/2570/2022 2081/2571/2034
f 2081/2571/2034 2083/2573/2035 2084/2572/2023
f 2086/2574/2036 2084/2575/2023 2083/2576/2035
f 2083/2576/2035 2085/2577/2037 2086/2574/2036
f 2088/2578/2025 2086/2574/2036 2085/2577/2037
f 2085/2577/2037 2087/2579/2038 2088/2578/2025
f 2090/2580/2026 2088/2578/2025 2087/2579/2038
f 2087/2579/2038 2089/2581/2039 2090/2580/2026
f 2094/2582/2027 2091/2583/2040 2092/2584/2039
f 2092/2584/2039 2093/2585/2041 2094/2582/2027
f 2096/2586/2028 2094/2582/2027 2093/2585/2041
f 2093/2585/2041 2095/2587/2042 2096/2586/2028
f 2098/2588/2029 2096/2586/2028 2095/2587/2042
f 2095/2587/2042 2097/2589/2043 2098/2588/2029
f 2100/2590/2030 2098/2591/2029 2097/2592/2043
f 2097/2592/2043 2099/2593/2044 2100/2590/2030
f 2075/2594/2019 2100/2590/2030 2099/2593/2044
f 2099/2593/2044 2076/2595/2031 2075/2594/2019
f 2077/2568/2032 2076/2596/2031 2101/2597/2045
f 2101/2597/2045 2102/2598/2046 2077/2568/2032
f 2079/2569/2033 2077/2568/2032 2102/2598/2046
f 2102/2598/2046 2103/2599/2047 2079/2569/2033
f 2081/2571/2034 2079/2569/2033 2103/2599/2047
f 2103/2599/2047 2104/2600/2048 2081/2571/2034
f 2083/2573/2035 2081/2571/2034 2104/2600/2048
f 2104/2600/2048 2105/2601/2049 2083/2573/2035
f 2085/2577/2037 2083/2576/2035 2105/2602/2049
f 2105/2602/2049 2106/2603/2050 2085/2577/2037
f 2087/2579/2038 2085/2577/2037 2106/2603/2050
f 2106/2603/2050 2107/2604/2051 2087/2579/2038
f 2089/2581/2039 2087/2579/2038 2107/2604/2051
f 2107/2604/2051 2108/2605/2052 2089/2581/2039
f 2093/2606/2041 2092/2607/2039 2109/2608/2052
f 2109/2608/2052 2110/2609/2053 2093/2606/2041
f 2095/2610/2042 2093/2606/2041 2110/2609/2053
f 2110/2609/2053 2111/2611/2054 2095/2610/2042
f 2097/2612/2043 2095/2610/2042 2111/2611/2054
f 2111/2611/2054 2112/2613/2055 2097/2612/2043
f 2099/2593/2044 2097/2592/2043 2112/2614/2055
f 2112/2614/2055 2113/2615/2056 2099/2593/2044
f 2076/2595/2031 2099/2593/2044 2113/2615/2056
f 2113/2615/2056 2101/2616/2045 2076/2595/2031
f 2102/2617/2046 2101/2616/2045 2114/2618/2057
f 2114/2618/2057 2115/2619/2058 2102/2617/2046
f 2103/2599/2047 2102/2598/2046 2115/2620/2058
f 2115/2620/2058 2116/2621/2059 2103/2599/2047
f 2104/2600/2048 2103/2599/2047 2116/2621/2059
f 2116/2621/2059 2117/2622/2060 2104/2600/2048
f 2105/2601/2049 2104/2600/2048 2117/2622/2060
f 2117/2622/2060 2118/2623/2061 2105/2601/2049
f 2106/2603/2050 2105/2602/2049 2118/2624/2061
f 2118/2624/2061 2119/2625/2062 2106/2603/2050
f 2107/2604/2051 2106/2603/2050 2119/2625/2062
f 2119/2625/2062 2120/2626/2063 2107/2604/2051
f 2108/2605/2052 2107/2604/2051 2120/2626/2063
f 2120/2626/2063 2121/2627/2064 2108/2605/2052
f 2110/2609/2053 2109/2608/2052 2122/2628/2065
f 2122/2628/2065 2123/2629/2066 2110/2609/2053
f 2111/2611/2054 2110/2609/2053 2123/2629/2066
f 2123/2629/2066 2124/2630/2067 2111/2611/2054
f 2112/2613/2055 2111/2611/2054 2124/2630/2067
f 2124/2630/2067 2125/2631/2068 2112/2613/2055
f 2113/2615/2056 2112/2614/2055 2125/2632/2068
f 2125/2632/2068 2126/2633/2069 2113/2615/2056
f 2101/2616/2045 2113/2615/2056 2126/2633/2069
f 2126/2633/2069 2114/2618/2057 2101/2616/2045
f 2115/2634/2058 2114/2635/2057 2127/2636/2070
f 2127/2636/2070 2128/2637/2071 2115/2634/2058
f 2116/2638/2059 2115/2634/2058 2128/2637/2071
f 2128/2637/2071 2129/2639/2072 2116/2638/2059
f 2117/2640/2060 2116/2638/2059 2129/2639/2072
f 2129/2639/2072 2130/2641/2073 2117/2640/2060
f 2118/2642/2061 2117/2640/2060 2130/2641/2073
f 2130/2641/2073 2131/2643/2074 2118/2642/2061
f 2119/2644/2062 2118/2642/2061 2131/2643/2074
f 2131/2643/2074 2132/2645/2075 2119/2644/2062
f 2120/2626/2063 2119/2625/2062 2132/2646/2075
f 2132/2646/2075 2133/2647/2076 2120/2626/2063
f 2121/2627/2064 2120/2626/2063 2133/2647/2076
f 2133/2647/2076 2134/2648/2077 2121/2627/2064
f 2123/2629/2066 2122/2628/2065 2135/2649/2077
f 2135/2649/2077 2136/2650/2078 2123/2629/2066
f 2124/2630/2067 2123/2629/2066 2136/2650/2078
f 2136/2650/2078 2137/2651/2079 2124/2630/2067
f 2125/2631/2068 2124/2630/2067 2137/2651/2079
f 2137/2651/2079 2138/2652/2080 2125/2631/2068
f 2126/2633/2069 2125/2632/2068 2138/2653/2080
f 2138/2653/2080 2139/2654/2081 2126/2633/2069
f 2114/2618/2057 2126/2633/2069 2139/2654/2081
f 2139/2654/2081 2127/2655/2070 2114/2618/2057
f 2140/2656/2082 2141/2657/2071 2142/2658/2070
f 2140/2656/2082 2143/2659/2083 2141/2657/2071
f 2140/2656/2082 2144/2660/2073 2143/2659/2083
f 2140/2656/2082 2145/2661/2074 2144/2660/2073
f 2140/2656/2082 2146/2662/2075 2145/2661/2074
f 2140/2656/2082 2147/2663/2076 2146/2662/2075
f 2140/2656/2082 2148/2664/2077 2147/2663/2076
f 2140/2656/2082 2149/2665/2078 2148/2664/2077
f 2140/2656/2082 2150/2666/2079 2149/2665/2078
f 2140/2656/2082 2151/2667/2080 2150/2666/2079
f 2140/2656/2082 2152/2668/2084 2151/2667/2080
f 2140/2656/2082 2142/2658/2070 2152/2668/2084
usemtl M_PalmLeaves
f 92/134/73 93/135/74 94/136/75
f 94/136/75 95/137/76 92/134/73
f 96/138/77 92/134/73 95/137/76
f 95/137/76 97/139/78 96/138/77
f 98/140/79 96/138/77 97/139/78
f 97/139/78 99/141/80 98/140/79
f 100/142/81 101/143/82 102/144/83
f 102/144/83 103/145/84 100/142/81
f 104/146/85 101/143/82 100/142/81
f 100/142/81 105/147/86 104/146/85
f 106/148/87 107/149/88 108/150/89
f 108/150/89 109/151/90 106/148/87
f 110/152/91 111/153/92 93/154/74
f 93/135/74 92/134/73 110/155/91
f 112/156/93 110/155/91 92/134/73
f 92/134/73 96/138/77 112/156/93
f 113/157/94 112/156/93 96/138/77
f 96/138/77 98/140/79 113/157/94
f 102/144/83 101/143/82 114/158/95
f 114/158/95 115/159/96 102/144/83
f 116/160/97 114/158/95 101/143/82
f 101/143/82 104/146/85 116/160/97
f 117/161/98 118/162/99 111/163/92
f 111/163/92 110/164/91 117/161/98
f 119/165/100 117/161/98 110/164/91
f 119/165/100 110/164/91 112/166/93
f 119/165/100 112/166/93 120/167/101
f 112/156/93 113/157/94 121/168/102
f 122/169/103 123/170/104 115/171/96
f 115/171/96 114/172/95 122/169/103
f 124/173/105 122/169/103 114/172/95
f 114/158/95 116/160/97 124/174/105
f 125/175/106 108/150/89 107/149/88
f 107/149/88 126/176/107 125/175/106
f 100/142/81 127/177/108 128/178/109
f 128/178/109 105/147/86 100/142/81
f 129/179/110 130/180/111 131/181/112
f 132/182/113 127/177/108 100/142/81
f 100/142/81 103/145/84 132/182/113
f 133/183/114 134/184/115 135/185/116
f 135/185/116 97/139/78 133/183/114
f 95/137/76 136/186/117 137/187/118
f 138/188/119 94/136/75 139/189/120
f 139/190/120 140/191/121 138/192/119
f 94/193/75 141/194/122 142/195/123
f 142/195/123 139/196/120 94/193/75
f 143/197/124 144/198/125 145/199/126
f 146/200/127 147/201/128 144/198/125
f 144/198/125 143/197/124 146/200/127
f 148/202/129 149/203/130 150/204/131
f 150/204/131 151/205/132 148/202/129
f 151/205/132 150/204/131 152/206/133
f 152/206/133 153/207/134 151/205/132
f 153/207/134 152/206/133 154/208/135
f 154/208/135 155/209/136 153/207/134
f 156/210/137 157/211/138 158/212/139
f 158/212/139 159/213/140 156/210/137
f 156/210/137 159/213/140 160/214/141
f 160/214/141 161/215/142 156/210/137
f 162/216/143 149/217/130 163/218/144
f 163/218/144 164/219/145 162/216/143
f 149/217/130 162/216/143 165/220/146
f 165/220/146 150/221/131 149/217/130
f 150/204/131 165/222/146 166/223/147
f 166/223/147 152/206/133 150/204/131
f 152/206/133 166/223/147 167/224/148
f 167/224/148 154/208/135 152/206/133
f 168/225/149 159/213/140 158/212/139
f 158/212/139 169/226/150 168/225/149
f 159/213/140 168/225/149 170/227/151
f 170/227/151 160/214/141 159/213/140
f 162/228/143 171/229/152 172/230/153
f 172/231/153 165/220/146 162/216/143
f 172/232/153 173/233/154 174/234/155
f 174/234/155 175/235/156 166/236/147
f 174/234/155 166/236/147 165/237/146
f 172/232/153 174/234/155 165/237/146
f 166/236/147 175/235/156 176/238/157
f 177/239/158 168/240/149 169/241/150
f 178/242/159 177/239/158 169/241/150
f 179/243/160 180/243/161 181/243/162
f 182/244/163 168/240/149 177/239/158
f 183/245/164 171/246/152 162/216/143
f 162/216/143 164/219/145 184/247/165
f 183/245/164 162/216/143 184/247/165
f 183/245/164 184/247/165 185/248/166
f 186/249/167 187/250/168 156/210/137
f 156/210/137 161/215/142 186/249/167
f 188/251/169 189/252/170 190/253/171
f 156/210/137 187/250/168 191/254/172
f 191/254/172 157/211/138 156/210/137
f 192/255/173 193/256/174 194/257/175
f 194/257/175 195/258/176 192/255/173
f 196/259/177 195/258/176 194/257/175
f 194/257/175 197/260/178 196/259/177
f 151/205/132 198/261/179 148/202/129
f 199/262/180 200/263/181 148/264/129
f 148/264/129 201/265/182 199/262/180
f 148/266/129 200/267/181 202/268/183
f 203/269/184 204/270/185 205/271/186
f 206/272/187 207/273/188 208/274/189
f 208/274/189 209/275/190 206/272/187
f 210/276/191 211/277/192 212/278/193
f 212/278/193 213/279/194 210/276/191
f 214/280/195 215/281/196 216/282/197
f 216/282/197 217/283/198 214/280/195
f 218/284/199 219/285/200 220/286/201
f 220/286/201 221/287/202 218/284/199
f 222/288/203 223/289/204 224/290/205
f 224/290/205 225/291/206 222/288/203
f 226/292/207 218/284/199 221/287/202
f 221/287/202 227/293/208 226/292/207
f 228/294/209 229/295/210 230/296/211
f 230/296/211 231/297/212 228/294/209
f 232/298/213 233/299/214 234/300/215
f 234/300/215 235/301/216 232/298/213
f 233/302/214 228/294/209 231/297/212
f 231/297/212 234/303/215 233/302/214
f 236/304/217 237/305/218 238/306/219
f 238/306/219 239/307/220 236/304/217
f 240/308/221 232/298/213 235/301/216
f 235/301/216 241/309/222 240/308/221
f 242/310/223 243/311/224 244/312/225
f 244/312/225 245/313/226 242/310/223
f 246/314/227 244/315/225 243/316/224
f 247/243/228 248/243/162 249/243/229
f 246/317/230 250/318/231 251/319/232
f 215/320/196 252/321/233 253/322/234
f 253/323/234 216/324/197 215/325/196
f 252/326/233 242/310/223 245/313/226
f 245/313/226 253/327/234 252/326/233
f 219/285/200 254/328/235 255/329/236
f 255/329/236 220/286/201 219/285/200
f 256/330/237 210/276/191 213/279/194
f 213/279/194 257/331/238 256/330/237
f 258/332/239 256/330/237 257/331/238
f 257/331/238 259/333/240 258/332/239
f 260/334/241 261/335/242 262/336/243
f 262/336/243 263/337/244 260/334/241
f 264/338/245 206/272/187 209/275/190
f 209/339/190 265/340/246 264/341/245
f 266/342/247 264/341/245 265/340/246
f 265/340/246 267/343/248 266/342/247
f 268/344/249 269/345/250 270/346/251
f 270/346/251 271/347/252 268/344/249
f 272/348/253 273/349/254 274/350/255
f 274/350/255 275/351/256 272/348/253
f 276/352/257 268/344/249 271/347/252
f 271/347/252 277/353/258 276/352/257
f 278/354/259 266/342/247 267/343/248
f 267/343/248 279/355/260 278/354/259
f 273/349/254 280/356/261 281/357/262
f 281/357/262 274/350/255 273/349/254
f 282/358/263 276/352/257 277/353/258
f 277/353/258 283/359/264 282/358/263
f 284/360/265 285/361/266 286/362/267
f 286/362/267 287/363/268 284/360/265
f 288/364/269 289/365/270 290/366/271
f 290/366/271 291/367/272 288/364/269
f 292/368/273 282/358/263 283/359/264
f 283/359/264 293/369/274 292/368/273
f 294/370/275 284/360/265 287/363/268
f 287/363/268 295/371/276 294/370/275
f 296/372/277 294/370/275 295/371/276
f 295/371/276 297/373/278 296/372/277
f 298/374/279 296/372/277 297/373/278
f 297/373/278 299/375/280 298/374/279
f 300/376/281 301/377/282 302/378/283
f 302/378/283 303/379/284 300/376/281
f 304/380/285 305/381/286 306/382/287
f 306/383/287 307/384/288 304/385/285
f 308/386/289 300/376/281 303/379/284
f 303/379/284 309/387/290 308/386/289
f 310/388/291 311/389/292 312/390/293
f 312/390/293 313/391/294 310/388/291
f 314/392/295 310/393/291 313/394/294
f 313/394/294 315/395/296 314/392/295
f 316/396/297 317/397/298 318/398/299
f 318/398/299 319/399/300 316/396/297
f 320/400/301 321/401/302 322/402/303
f 322/402/303 323/403/304 320/400/301
f 317/397/298 324/404/305 325/405/306
f 325/405/306 318/398/299 317/397/298
f 324/404/305 326/406/307 327/407/308
f 327/407/308 325/405/306 324/404/305
f 328/408/309 320/400/301 323/403/304
f 323/403/304 329/409/310 328/408/309
f 94/193/75 93/154/74 330/410/311
f 330/410/311 141/194/122 94/193/75
f 93/154/74 111/153/92 331/411/312
f 331/411/312 330/410/311 93/154/74
f 111/153/92 118/412/99 332/413/313
f 332/413/313 331/411/312 111/153/92
f 109/151/90 143/197/124 145/199/126
f 145/199/126 106/148/87 109/151/90
f 332/413/313 126/176/107 107/149/88
f 107/149/88 331/411/312 332/413/313
f 107/149/88 106/148/87 330/410/311
f 330/410/311 331/411/312 107/149/88
f 330/410/311 106/148/87 145/199/126
f 145/199/126 141/194/122 330/410/311
f 138/188/119 136/186/117 95/137/76
f 95/137/76 94/136/75 138/188/119
f 119/165/100 333/414/314 117/161/98
f 137/187/118 133/183/114 97/139/78
f 97/139/78 95/137/76 137/187/118
f 135/185/116 334/415/315 99/141/80
f 99/141/80 97/139/78 135/185/116
f 112/166/93 121/416/102 335/417/316
f 335/417/316 120/167/101 112/166/93
f 336/418/317 121/168/102 113/157/94
f 123/419/104 336/418/317 113/157/94
f 123/170/104 113/420/94 115/171/96
f 115/159/96 113/157/94 98/140/79
f 98/140/79 102/144/83 115/159/96
f 98/140/79 99/141/80 103/145/84
f 103/145/84 102/144/83 98/140/79
f 130/180/111 129/179/110 132/182/113
f 132/182/113 337/421/318 130/180/111
f 99/141/80 334/415/315 337/421/318
f 337/421/318 132/182/113 99/141/80
f 132/182/113 103/145/84 99/141/80
f 336/418/317 338/422/319 121/168/102
f 202/268/183 339/423/320 205/271/186
f 339/423/320 340/424/321 203/269/184
f 203/269/184 205/271/186 339/423/320
f 202/268/183 163/218/144 149/217/130
f 149/217/130 148/266/129 202/268/183
f 204/270/185 341/425/322 163/218/144
f 205/271/186 204/270/185 163/218/144
f 202/268/183 205/271/186 163/218/144
f 163/218/144 341/425/322 342/426/323
f 342/426/323 164/219/145 163/218/144
f 164/219/145 342/426/323 184/247/165
f 151/205/132 196/259/177 198/261/179
f 198/261/179 343/427/324 201/428/182
f 201/428/182 148/202/129 198/261/179
f 196/259/177 151/205/132 153/207/134
f 153/207/134 195/258/176 196/259/177
f 155/209/136 344/429/325 192/255/173
f 192/255/173 153/207/134 155/209/136
f 192/255/173 195/258/176 153/207/134
f 345/430/326 344/429/325 155/209/136
f 155/209/136 191/254/172 345/430/326
f 346/431/327 167/432/148 166/236/147
f 166/236/147 176/238/157 346/431/327
f 191/254/172 190/253/171 189/252/170
f 189/252/170 345/430/326 191/254/172
f 191/254/172 155/209/136 157/211/138
f 157/211/138 155/209/136 154/208/135
f 154/208/135 158/212/139 157/211/138
f 154/208/135 167/224/148 169/226/150
f 169/226/150 158/212/139 154/208/135
f 167/432/148 346/431/327 347/433/328
f 167/432/148 347/433/328 348/434/329
f 169/435/150 167/432/148 348/434/329
f 169/435/150 348/434/329 349/436/330
f 182/437/163 170/227/151 168/225/149
f 441/571/397 442/572/398 443/573/399
f 443/573/399 444/574/400 441/571/397
f 445/575/401 441/571/397 444/574/400
f 444/574/400 446/576/402 445/575/401
f 447/577/403 445/578/401 446/579/402
f 446/579/402 448/580/404 447/577/403
f 449/581/405 450/582/406 451/583/407
f 451/583/407 452/584/408 449/581/405
f 453/585/409 450/586/406 449/587/405
f 449/588/405 454/589/410 453/590/409
f 455/591/411 456/592/412 457/593/413
f 457/593/413 458/594/414 455/591/411
f 459/595/415 460/596/416 442/597/398
f 442/597/398 441/598/397 459/595/415
f 461/599/417 459/595/415 441/598/397
f 441/598/397 445/578/401 461/599/417
f 462/600/418 461/599/417 445/578/401
f 445/578/401 447/577/403 462/600/418
f 451/583/407 450/582/406 463/601/419
f 463/601/419 464/602/420 451/583/407
f 465/603/421 463/601/419 450/582/406
f 450/582/406 453/604/409 465/603/421
f 466/605/422 467/606/423 460/596/416
f 460/596/416 459/595/415 466/605/422
f 468/607/424 466/605/422 459/595/415
f 468/607/424 459/595/415 461/599/417
f 468/607/424 461/599/417 469/608/425
f 461/599/417 462/600/418 470/609/426
f 471/610/427 472/611/428 464/602/420
f 464/602/420 463/601/419 471/610/427
f 473/612/429 471/610/427 463/601/419
f 463/601/419 465/603/421 473/612/429
f 474/613/430 457/593/413 456/592/412
f 456/592/412 475/614/431 474/613/430
f 449/615/405 476/616/432 477/617/433
f 477/617/433 454/618/410 449/615/405
f 478/619/434 479/620/435 480/621/436
f 481/622/437 476/616/432 449/615/405
f 449/615/405 452/623/408 481/622/437
f 482/624/438 483/625/439 484/626/440
f 484/626/440 446/576/402 482/624/438
f 444/574/400 485/627/441 486/628/442
f 487/629/443 443/573/399 488/630/444
f 488/630/444 489/631/445 487/629/443
f 443/573/399 490/632/446 491/633/447
f 491/633/447 488/630/444 443/573/399
f 492/634/448 493/635/449 494/636/450
f 495/637/451 496/638/452 493/635/449
f 493/635/449 492/634/448 495/637/451
f 497/639/453 498/640/454 499/641/455
f 499/641/455 500/642/456 497/639/453
f 500/643/456 499/644/455 501/645/457
f 501/645/457 502/646/458 500/643/456
f 502/646/458 501/645/457 503/647/459
f 503/647/459 504/648/460 502/646/458
f 505/649/461 506/650/462 507/651/463
f 507/651/463 508/652/464 505/649/461
f 505/653/461 508/654/464 509/655/465
f 509/230/465 510/656/466 505/657/461
f 511/658/467 498/640/454 512/659/468
f 512/659/468 513/660/469 511/658/467
f 498/661/454 511/662/467 514/663/470
f 514/663/470 499/644/455 498/661/454
f 499/644/455 514/663/470 515/664/471
f 515/664/471 501/645/457 499/644/455
f 501/645/457 515/664/471 516/665/472
f 516/665/472 503/647/459 501/645/457
f 517/666/473 508/652/464 507/651/463
f 507/651/463 518/667/474 517/666/473
f 508/652/464 517/666/473 519/668/475
f 519/668/475 509/669/465 508/652/464
f 511/662/467 520/670/476 521/671/477
f 521/671/477 514/663/470 511/662/467
f 521/671/477 522/672/478 523/673/479
f 523/673/479 524/674/480 515/664/471
f 523/673/479 515/664/471 514/663/470
f 521/671/477 523/673/479 514/663/470
f 515/664/471 524/674/480 525/675/481
f 526/676/482 517/666/473 518/667/474
f 527/677/483 526/676/482 518/667/474
f 527/677/483 518/667/474 528/678/484
f 529/679/485 517/666/473 526/676/482
f 530/680/486 520/681/476 511/658/467
f 511/658/467 513/660/469 531/682/487
f 530/680/486 511/658/467 531/682/487
f 530/680/486 531/682/487 532/683/488
f 533/684/489 534/685/490 505/686/461
f 505/686/461 510/687/466 533/684/489
f 535/688/491 536/689/492 537/690/493
f 505/686/461 534/685/490 538/691/494
f 538/691/494 506/692/462 505/686/461
f 539/693/495 540/694/496 541/695/497
f 541/695/497 542/696/498 539/693/495
f 543/697/499 542/696/498 541/695/497
f 541/695/497 544/698/500 543/697/499
f 500/642/456 545/699/501 497/639/453
f 546/700/502 547/701/503 497/639/453
f 497/639/453 548/702/504 546/700/502
f 497/639/453 547/701/503 549/703/505
f 550/704/506 551/705/507 552/706/508
f 553/707/509 554/708/510 555/709/511
f 555/709/511 556/710/512 553/707/509
f 557/711/513 558/712/514 559/713/515
f 559/713/515 560/714/516 557/711/513
f 561/715/517 562/716/518 563/717/519
f 563/717/519 564/718/520 561/715/517
f 565/719/521 566/720/522 567/721/523
f 567/721/523 568/722/524 565/719/521
f 569/723/525 570/724/526 571/725/527
f 571/725/527 572/726/528 569/723/525
f 573/727/529 565/719/521 568/722/524
f 568/722/524 574/728/530 573/727/529
f 575/729/531 576/730/532 577/731/533
f 577/731/533 578/732/534 575/729/531
f 579/733/535 580/734/536 581/735/537
f 581/735/537 582/736/538 579/733/535
f 580/734/536 575/729/531 578/732/534
f 578/732/534 581/735/537 580/734/536
f 583/737/539 584/738/540 585/739/541
f 585/739/541 586/740/542 583/737/539
f 587/741/543 579/742/535 582/743/538
f 582/743/538 588/744/544 587/741/543
f 589/745/545 590/746/546 591/747/547
f 591/747/547 592/748/548 589/745/545
f 593/749/549 591/750/547 590/751/546
f 594/752/550 595/753/551 596/754/552
f 593/755/553 597/751/554 598/756/555
f 562/716/518 599/757/556 600/758/557
f 600/758/557 563/717/519 562/716/518
f 599/757/556 589/745/545 592/748/548
f 592/748/548 600/758/557 599/757/556
f 566/720/522 601/759/558 602/760/559
f 602/760/559 567/721/523 566/720/522
f 603/761/560 557/711/513 560/714/516
f 560/714/516 604/762/561 603/761/560
f 605/763/562 603/761/560 604/762/561
f 604/762/561 606/764/563 605/763/562
f 607/765/564 608/766/565 609/767/566
f 609/767/566 610/768/567 607/765/564
f 611/769/568 553/707/509 556/710/512
f 556/770/512 612/771/569 611/772/568
f 613/773/570 611/772/568 612/771/569
f 612/771/569 614/774/571 613/773/570
f 615/775/572 616/776/573 617/777/574
f 617/777/574 618/778/575 615/775/572
f 619/779/576 620/780/577 621/781/578
f 621/781/578 622/782/579 619/779/576
f 623/783/580 615/775/572 618/778/575
f 618/784/575 624/785/581 623/786/580
f 625/787/582 613/773/570 614/774/571
f 614/774/571 626/788/583 625/787/582
f 620/780/577 627/789/584 628/790/585
f 628/790/585 621/781/578 620/780/577
f 629/791/586 623/792/580 624/793/581
f 624/793/581 630/794/587 629/791/586
f 631/795/588 632/796/589 633/797/590
f 633/797/590 634/798/591 631/795/588
f 635/799/592 636/800/593 637/801/594
f 637/801/594 638/802/595 635/799/592
f 639/803/596 629/791/586 630/794/587
f 630/794/587 640/804/597 639/803/596
f 641/805/598 631/795/588 634/798/591
f 634/798/591 642/806/599 641/805/598
f 643/807/600 641/805/598 642/806/599
f 642/806/599 644/808/601 643/807/600
f 645/809/602 643/807/600 644/808/601
f 644/808/601 646/810/603 645/809/602
f 647/811/604 648/812/605 649/813/606
f 649/813/606 650/814/607 647/811/604
f 651/815/608 652/816/609 653/817/610
f 653/817/610 654/818/611 651/815/608
f 655/819/612 647/811/604 650/814/607
f 650/814/607 656/820/613 655/819/612
f 657/821/614 658/822/615 659/823/616
f 659/823/616 660/824/617 657/821/614
f 661/825/618 657/821/614 660/824/617
f 660/824/617 662/826/619 661/825/618
f 663/827/620 664/828/621 665/829/622
f 665/829/622 666/830/623 663/827/620
f 667/831/624 668/832/625 669/833/626
f 669/833/626 670/834/627 667/831/624
f 664/828/621 671/835/628 672/836/629
f 672/836/629 665/829/622 664/828/621
f 671/835/628 673/837/630 674/838/631
f 674/838/631 672/836/629 671/835/628
f 675/839/632 667/840/624 670/841/627
f 670/841/627 676/842/633 675/839/632
f 443/573/399 442/572/398 677/843/634
f 677/843/634 490/632/446 443/573/399
f 442/572/398 460/844/416 678/845/635
f 678/845/635 677/843/634 442/572/398
f 460/846/416 467/847/423 679/848/636
f 679/849/636 678/850/635 460/851/416
f 458/594/414 492/634/448 494/636/450
f 494/636/450 455/591/411 458/594/414
f 679/849/636 475/852/431 456/853/412
f 456/853/412 678/850/635 679/849/636
f 456/592/412 455/591/411 677/843/634
f 677/843/634 678/845/635 456/592/412
f 677/843/634 455/591/411 494/636/450
f 494/636/450 490/632/446 677/843/634
f 487/629/443 485/627/441 444/574/400
f 444/574/400 443/573/399 487/629/443
f 468/607/424 680/854/637 466/605/422
f 486/628/442 482/624/438 446/576/402
f 446/576/402 444/574/400 486/628/442
f 484/626/440 681/855/638 448/856/404
f 448/856/404 446/576/402 484/626/440
f 461/599/417 470/609/426 682/857/639
f 682/857/639 469/608/425 461/599/417
f 683/858/640 470/609/426 462/600/418
f 472/611/428 683/858/640 462/600/418
f 472/611/428 462/600/418 464/602/420
f 464/602/420 462/600/418 447/577/403
f 447/577/403 451/583/407 464/602/420
f 447/577/403 448/580/404 452/584/408
f 452/584/408 451/583/407 447/577/403
f 479/620/435 478/619/434 481/859/437
f 481/859/437 684/860/641 479/620/435
f 448/856/404 681/855/638 684/861/641
f 684/862/641 481/863/437 448/864/404
f 481/622/437 452/623/408 448/865/404
f 683/858/640 685/866/642 470/609/426
f 549/703/505 686/867/643 552/706/508
f 686/867/643 687/868/644 550/704/506
f 550/704/506 552/706/508 686/867/643
f 549/703/505 512/659/468 498/640/454
f 498/640/454 497/639/453 549/703/505
f 551/705/507 688/869/645 512/659/468
f 552/706/508 551/705/507 512/659/468
f 549/703/505 552/706/508 512/659/468
f 512/659/468 688/869/645 689/870/646
f 689/870/646 513/660/469 512/659/468
f 513/660/469 689/870/646 531/682/487
f 500/642/456 543/871/499 545/699/501
f 545/699/501 690/872/647 548/702/504
f 548/702/504 497/639/453 545/699/501
f 543/697/499 500/873/456 502/874/458
f 502/874/458 542/696/498 543/697/499
f 504/875/460 691/876/648 539/693/495
f 539/693/495 502/874/458 504/875/460
f 539/693/495 542/696/498 502/874/458
f 692/877/649 691/876/648 504/875/460
f 504/875/460 538/691/494 692/877/649
f 693/878/650 516/665/472 515/664/471
f 515/664/471 525/675/481 693/878/650
f 538/691/494 537/690/493 536/689/492
f 536/689/492 692/877/649 538/691/494
f 538/691/494 504/875/460 506/692/462
f 506/650/462 504/648/460 503/647/459
f 503/647/459 507/651/463 506/650/462
f 503/647/459 516/665/472 518/667/474
f 518/667/474 507/651/463 503/647/459
f 516/665/472 693/878/650 694/879/651
f 516/665/472 694/879/651 695/880/652
f 518/667/474 516/665/472 695/880/652
f 518/667/474 695/880/652 528/678/484
f 529/679/485 519/668/475 517/666/473
f 696/881/653 697/882/654 698/883/655
f 698/883/655 699/884/656 696/881/653
f 700/885/657 696/881/653 699/884/656
f 699/884/656 701/886/658 700/885/657
f 702/887/659 700/885/657 701/886/658
f 701/886/658 703/888/660 702/887/659
f 704/889/661 705/890/662 706/891/663
f 706/891/663 707/892/664 704/889/661
f 708/893/665 705/894/662 704/895/661
f 704/896/661 709/897/666 708/898/665
f 710/899/667 711/900/668 712/901/669
f 712/901/669 713/902/670 710/899/667
f 714/903/671 715/904/672 697/882/654
f 697/882/654 696/881/653 714/903/671
f 716/905/673 714/903/671 696/881/653
f 696/881/653 700/885/657 716/905/673
f 717/906/674 716/905/673 700/885/657
f 700/885/657 702/887/659 717/906/674
f 706/891/663 705/890/662 718/907/675
f 718/907/675 719/908/676 706/891/663
f 720/909/677 718/907/675 705/890/662
f 705/894/662 708/893/665 720/910/677
f 721/911/678 722/912/679 715/904/672
f 715/904/672 714/903/671 721/911/678
f 723/913/680 721/911/678 714/903/671
f 723/913/680 714/903/671 716/905/673
f 723/913/680 716/905/673 724/914/681
f 716/905/673 717/906/674 725/915/682
f 726/916/683 727/917/684 719/918/676
f 719/918/676 718/919/675 726/916/683
f 728/920/685 726/916/683 718/919/675
f 718/919/675 720/921/677 728/920/685
f 729/922/686 712/923/669 711/924/668
f 711/924/668 730/925/687 729/922/686
f 704/926/661 731/927/688 732/928/689
f 732/928/689 709/929/666 704/926/661
f 733/930/690 734/931/691 735/932/692
f 736/933/693 731/934/688 704/889/661
f 704/889/661 707/892/664 736/933/693
f 737/935/694 738/936/695 739/937/696
f 739/937/696 701/886/658 737/935/694
f 699/884/656 740/938/697 741/939/698
f 742/940/699 698/883/655 743/941/700
f 743/941/700 744/942/701 742/940/699
f 698/883/655 745/943/702 746/944/703
f 746/944/703 743/941/700 698/883/655
f 747/945/704 748/946/705 749/947/706
f 750/948/707 751/949/708 748/946/705
f 748/946/705 747/945/704 750/948/707
f 752/950/709 753/951/710 754/952/711
f 754/952/711 755/953/712 752/950/709
f 755/953/712 754/952/711 756/954/713
f 756/954/713 757/955/714 755/953/712
f 757/955/714 756/954/713 758/956/715
f 758/956/715 759/957/716 757/955/714
f 760/958/717 761/959/718 762/960/719
f 762/960/719 763/961/720 760/958/717
f 760/962/717 763/963/720 764/964/721
f 764/965/721 765/966/722 760/967/717
f 766/968/723 753/969/710 767/970/724
f 767/971/724 768/972/725 766/973/723
f 753/951/710 766/973/723 769/974/726
f 769/974/726 754/952/711 753/951/710
f 754/975/711 769/976/726 770/977/727
f 770/978/727 756/954/713 754/952/711
f 756/979/713 770/977/727 771/980/728
f 771/980/728 758/981/715 756/979/713
f 772/982/729 763/983/720 762/984/719
f 762/984/719 773/985/730 772/982/729
f 763/983/720 772/982/729 774/986/731
f 774/987/731 764/964/721 763/963/720
f 766/988/723 775/989/732 776/990/733
f 776/990/733 769/976/726 766/988/723
f 776/990/733 777/991/734 778/992/735
f 778/992/735 779/993/736 770/977/727
f 778/992/735 770/977/727 769/976/726
f 776/990/733 778/992/735 769/976/726
f 770/977/727 779/993/736 780/994/737
f 781/995/738 772/982/729 773/985/730
f 782/996/739 781/995/738 773/985/730
f 782/243/739 773/243/730 783/243/740
f 784/997/741 772/982/729 781/995/738
f 785/998/742 775/999/732 766/1000/723
f 766/1000/723 768/1001/725 786/1002/743
f 785/998/742 766/1000/723 786/1002/743
f 785/998/742 786/1002/743 787/1003/744
f 788/1004/745 789/1005/746 760/1006/717
f 760/1006/717 765/1007/722 788/1004/745
f 790/1008/747 791/1009/748 792/1010/749
f 760/958/717 789/1011/746 793/1012/750
f 793/1012/750 761/959/718 760/958/717
f 794/1013/751 795/1014/752 796/1015/753
f 796/1015/753 797/1016/754 794/1013/751
f 798/1017/755 797/1016/754 796/1015/753
f 796/1015/753 799/1018/756 798/1017/755
f 755/953/712 800/1019/757 752/950/709
f 801/1020/758 802/1021/759 752/950/709
f 752/950/709 803/1022/760 801/1020/758
f 752/950/709 802/1021/759 804/1023/761
f 805/1024/762 806/1025/763 807/1026/764
f 808/1027/765 809/1028/766 810/1029/767
f 810/1029/767 811/1030/768 808/1027/765
f 812/1031/769 813/1032/770 814/1033/771
f 814/1033/771 815/1034/772 812/1031/769
f 816/1035/773 817/1036/774 818/1037/775
f 818/1037/775 819/1038/776 816/1035/773
f 820/1039/777 821/1040/778 822/1041/779
f 822/1041/779 823/1042/780 820/1039/777
f 824/1043/781 825/1044/782 826/1045/783
f 826/1045/783 827/1046/784 824/1043/781
f 828/1047/785 820/1039/777 823/1042/780
f 823/1042/780 829/1048/786 828/1047/785
f 830/1049/787 831/1050/788 832/1051/789
f 832/1051/789 833/1052/790 830/1049/787
f 834/1053/791 835/1054/792 836/1055/793
f 836/1055/793 837/1056/794 834/1053/791
f 835/1057/792 830/1049/787 833/1052/790
f 833/1052/790 836/1058/793 835/1057/792
f 838/1059/795 839/1060/796 840/1061/797
f 840/1061/797 841/1062/798 838/1059/795
f 842/1063/799 834/1053/791 837/1056/794
f 837/1056/794 843/1064/800 842/1063/799
f 844/1065/801 845/1066/802 846/1067/803
f 846/1067/803 847/1068/804 844/1065/801
f 848/1069/805 846/1070/803 845/1071/802
f 849/243/806 850/243/162 851/243/807
f 848/1072/808 852/1073/809 853/1074/810
f 817/1036/774 854/1075/811 855/1076/812
f 855/1076/812 818/1037/775 817/1036/774
f 854/1075/811 844/1065/801 847/1068/804
f 847/1068/804 855/1076/812 854/1075/811
f 821/1077/778 856/1078/813 857/1079/814
f 857/1080/814 822/1081/779 821/1082/778
f 858/1083/815 812/1031/769 815/1034/772
f 815/1084/772 859/1085/816 858/1086/815
f 860/1087/817 858/1086/815 859/1085/816
f 859/1085/816 861/1088/818 860/1087/817
f 862/1089/819 863/1090/820 864/1091/821
f 864/1091/821 865/1092/822 862/1089/819
f 866/1093/823 808/1027/765 811/1030/768
f 811/1094/768 867/1095/824 866/1096/823
f 868/1097/825 866/1096/823 867/1095/824
f 867/1095/824 869/1098/826 868/1097/825
f 870/1099/827 871/1100/828 872/1101/829
f 872/1101/829 873/1102/830 870/1099/827
f 874/1103/831 875/1104/832 876/1105/833
f 876/1105/833 877/1106/834 874/1103/831
f 878/1107/835 870/1099/827 873/1102/830
f 873/1108/830 879/1109/836 878/1110/835
f 880/1111/837 868/1097/825 869/1098/826
f 869/1098/826 881/1112/838 880/1111/837
f 875/1104/832 882/1113/839 883/1114/840
f 883/1114/840 876/1105/833 875/1104/832
f 884/1115/841 878/1116/835 879/1117/836
f 879/1117/836 885/1118/842 884/1115/841
f 886/1119/843 887/1120/844 888/1121/845
f 888/1121/845 889/1122/846 886/1119/843
f 890/1123/847 891/1124/848 892/1125/849
f 892/1125/849 893/1126/850 890/1123/847
f 894/1127/851 884/1115/841 885/1118/842
f 885/1118/842 895/1128/852 894/1127/851
f 896/1129/853 886/1119/843 889/1122/846
f 889/1122/846 897/1130/854 896/1129/853
f 898/1131/855 896/1129/853 897/1130/854
f 897/1130/854 899/1132/856 898/1131/855
f 900/1133/857 898/1131/855 899/1132/856
f 899/1132/856 901/1134/858 900/1133/857
f 902/1135/859 903/1136/860 904/1137/861
f 904/1137/861 905/1138/862 902/1135/859
f 906/1139/863 907/1140/864 908/1141/865
f 908/1141/865 909/1142/866 906/1139/863
f 910/1143/867 902/1135/859 905/1138/862
f 905/1138/862 911/1144/868 910/1143/867
f 912/1145/869 913/1146/870 914/1147/871
f 914/1147/871 915/1148/872 912/1145/869
f 916/1149/873 912/1150/869 915/1151/872
f 915/1151/872 917/1152/874 916/1149/873
f 918/1153/875 919/1154/876 920/1155/877
f 920/1155/877 921/1156/878 918/1153/875
f 922/1157/879 923/1158/880 924/1159/881
f 924/1159/881 925/1160/882 922/1157/879
f 919/1154/876 926/1161/883 927/1162/884
f 927/1162/884 920/1155/877 919/1154/876
f 926/1161/883 928/1163/885 929/1164/886
f 929/1164/886 927/1162/884 926/1161/883
f 930/1165/887 922/1157/879 925/1160/882
f 925/1160/882 931/1166/888 930/1165/887
f 698/883/655 697/882/654 932/1167/889
f 932/1167/889 745/943/702 698/883/655
f 697/882/654 715/904/672 933/1168/890
f 933/1168/890 932/1167/889 697/882/654
f 715/1169/672 722/1170/679 934/1171/891
f 934/1171/891 933/1172/890 715/1169/672
f 713/902/670 747/945/704 749/947/706
f 749/947/706 710/899/667 713/902/670
f 934/1173/891 730/1174/687 711/1175/668
f 711/1176/668 933/1172/890 934/1171/891
f 711/900/668 710/899/667 932/1167/889
f 932/1167/889 933/1168/890 711/900/668
f 932/1167/889 710/899/667 749/947/706
f 749/947/706 745/943/702 932/1167/889
f 742/940/699 740/938/697 699/884/656
f 699/884/656 698/883/655 742/940/699
f 723/1177/680 935/1178/892 721/1179/678
f 741/939/698 737/935/694 701/886/658
f 701/886/658 699/884/656 741/939/698
f 739/937/696 936/1180/893 703/888/660
f 703/888/660 701/886/658 739/937/696
f 716/905/673 725/915/682 937/1181/894
f 937/1181/894 724/914/681 716/905/673
f 938/1182/895 725/1183/682 717/1184/674
f 727/917/684 938/1182/895 717/1184/674
f 727/917/684 717/1184/674 719/918/676
f 719/908/676 717/906/674 702/887/659
f 702/887/659 706/891/663 719/908/676
f 702/887/659 703/888/660 707/892/664
f 707/892/664 706/891/663 702/887/659
f 734/931/691 733/930/690 736/933/693
f 736/933/693 939/1185/896 734/931/691
f 703/888/660 936/1180/893 939/1185/896
f 939/1185/896 736/933/693 703/888/660
f 736/933/693 707/892/664 703/888/660
f 938/1182/895 940/1186/897 725/1183/682
f 804/1023/761 941/1187/898 807/1026/764
f 941/1187/898 942/1188/899 805/1024/762
f 805/1024/762 807/1026/764 941/1187/898
f 804/1023/761 767/971/724 753/951/710
f 753/951/710 752/950/709 804/1023/761
f 806/1025/763 943/1189/900 767/971/724
f 807/1026/764 806/1025/763 767/971/724
f 804/1023/761 807/1026/764 767/971/724
f 767/971/724 943/1189/900 944/1190/901
f 944/1190/901 768/972/725 767/971/724
f 768/1001/725 944/1191/901 786/1002/743
f 755/953/712 798/1017/755 800/1019/757
f 800/1019/757 945/1192/902 803/1022/760
f 803/1022/760 752/950/709 800/1019/757
f 798/1017/755 755/953/712 757/955/714
f 757/955/714 797/1016/754 798/1017/755
f 759/957/716 946/1193/903 794/1013/751
f 794/1013/751 757/955/714 759/957/716
f 794/1013/751 797/1016/754 757/955/714
f 947/1194/904 946/1193/903 759/957/716
f 759/957/716 793/1012/750 947/1194/904
f 948/1195/905 771/980/728 770/977/727
f 770/977/727 780/994/737 948/1195/905
f 793/1012/750 792/1010/749 791/1009/748
f 791/1009/748 947/1194/904 793/1012/750
f 793/1012/750 759/957/716 761/959/718
f 761/959/718 759/957/716 758/956/715
f 758/956/715 762/960/719 761/959/718
f 758/981/715 771/980/728 773/985/730
f 773/985/730 762/984/719 758/981/715
f 771/980/728 948/1195/905 949/1196/906
f 771/980/728 949/1196/906 950/1197/907
f 773/985/730 771/980/728 950/1197/907
f 773/985/730 950/1197/907 783/996/740
f 784/997/741 774/986/731 772/982/729
f 951/1198/908 952/1199/909 953/1200/910
f 953/1200/910 954/1201/911 951/1198/908
f 955/1202/912 951/1198/908 954/1201/911
f 954/1201/911 956/1203/913 955/1202/912
f 957/1204/914 955/1202/912 956/1203/913
f 956/1203/913 958/1205/915 957/1204/914
f 959/1206/916 960/1207/917 961/1208/918
f 961/1208/918 962/1209/919 959/1206/916
f 963/1210/920 960/1207/917 959/1206/916
f 959/1206/916 964/1211/921 963/1210/920
f 965/1212/922 966/1213/923 967/1214/924
f 967/1215/924 968/1216/925 965/1217/922
f 969/1218/926 970/1219/927 952/1199/909
f 952/1199/909 951/1198/908 969/1218/926
f 971/1220/928 969/1218/926 951/1198/908
f 951/1198/908 955/1202/912 971/1220/928
f 972/1221/929 971/1220/928 955/1202/912
f 955/1202/912 957/1204/914 972/1221/929
f 961/1208/918 960/1207/917 973/1222/930
f 973/1222/930 974/1223/931 961/1208/918
f 975/1224/932 973/1222/930 960/1207/917
f 960/1207/917 963/1210/920 975/1224/932
f 976/1225/933 977/1226/934 970/1219/927
f 970/1219/927 969/1218/926 976/1225/933
f 978/1227/935 976/1225/933 969/1218/926
f 978/1227/935 969/1218/926 971/1220/928
f 978/1227/935 971/1220/928 979/1228/936
f 971/1220/928 972/1221/929 980/1229/937
f 981/1230/938 982/1231/939 974/1223/931
f 974/1223/931 973/1222/930 981/1230/938
f 983/1232/940 981/1230/938 973/1222/930
f 973/1222/930 975/1224/932 983/1232/940
f 984/1233/941 967/1214/924 966/1213/923
f 966/1213/923 985/1234/942 984/1233/941
f 959/1206/916 986/1235/943 987/1236/944
f 987/1236/944 964/1211/921 959/1206/916
f 988/1237/945 989/1238/946 990/1239/947
f 991/1240/948 986/1235/943 959/1206/916
f 959/1206/916 962/1209/919 991/1240/948
f 992/1241/949 993/1242/950 994/1243/951
f 994/1243/951 956/1203/913 992/1241/949
f 954/1201/911 995/1244/952 996/1245/953
f 997/1246/954 953/1247/910 998/1248/955
f 998/1248/955 999/1249/956 997/1246/954
f 953/1250/910 1000/1251/957 1001/1252/958
f 1001/1253/958 998/1254/955 953/1255/910
f 1002/1256/959 1003/1257/960 1004/1258/961
f 1005/1259/962 1006/1260/963 1003/1257/960
f 1003/1257/960 1002/1256/959 1005/1259/962
f 1007/1261/964 1008/1262/965 1009/1263/966
f 1009/1263/966 1010/1264/967 1007/1261/964
f 1010/1264/967 1009/1263/966 1011/1265/968
f 1011/1265/968 1012/1266/969 1010/1264/967
f 1012/1266/969 1011/1265/968 1013/1267/970
f 1013/1267/970 1014/1268/971 1012/1266/969
f 1015/1269/972 1016/1270/973 1017/1271/974
f 1017/1271/974 1018/1272/975 1015/1269/972
f 1015/1269/972 1018/1272/975 1019/1273/976
f 1019/1273/976 1020/1274/977 1015/1269/972
f 1021/1275/978 1008/1276/965 1022/1277/979
f 1022/1278/979 1023/1279/980 1021/1280/978
f 1008/1262/965 1021/1281/978 1024/1282/981
f 1024/1282/981 1009/1263/966 1008/1262/965
f 1009/1263/966 1024/1282/981 1025/1283/982
f 1025/1283/982 1011/1265/968 1009/1263/966
f 1011/1265/968 1025/1283/982 1026/1284/983
f 1026/1284/983 1013/1267/970 1011/1265/968
f 1027/1285/984 1018/1272/975 1017/1271/974
f 1017/1271/974 1028/1286/985 1027/1285/984
f 1018/1272/975 1027/1285/984 1029/1287/986
f 1029/1287/986 1019/1273/976 1018/1272/975
f 1021/1281/978 1030/1288/987 1031/1289/988
f 1031/1289/988 1024/1282/981 1021/1281/978
f 1031/1289/988 1032/1290/989 1033/1291/990
f 1033/1291/990 1034/1292/991 1025/1283/982
f 1033/1291/990 1025/1283/982 1024/1282/981
f 1031/1289/988 1033/1291/990 1024/1282/981
f 1025/1283/982 1034/1292/991 1035/1293/992
f 1036/1294/993 1027/1285/984 1028/1286/985
f 1037/1295/994 1036/1294/993 1028/1286/985
f 1037/243/994 1028/243/985 1038/243/995
f 1039/1296/996 1027/1285/984 1036/1294/993
f 1040/1297/997 1030/1298/987 1021/1299/978
f 1021/1280/978 1023/1279/980 1041/1300/998
f 1040/1301/997 1021/1280/978 1041/1300/998
f 1040/1301/997 1041/1300/998 1042/1302/999
f 1043/1303/1000 1044/1304/1001 1015/1269/972
f 1015/1269/972 1020/1274/977 1043/1303/1000
f 1045/1305/1002 1046/1306/1003 1047/1307/1004
f 1015/1269/972 1044/1304/1001 1048/1308/1005
f 1048/1308/1005 1016/1270/973 1015/1269/972
f 1049/1309/1006 1050/1310/1007 1051/1311/1008
f 1051/1311/1008 1052/1312/1009 1049/1309/1006
f 1053/1313/1010 1052/1312/1009 1051/1311/1008
f 1051/1311/1008 1054/1314/1011 1053/1313/1010
f 1010/1264/967 1055/1315/1012 1007/1261/964
f 1056/1316/1013 1057/1317/1014 1007/1318/964
f 1007/1318/964 1058/1319/1015 1056/1316/1013
f 1007/1320/964 1057/1321/1014 1059/1322/1016
f 1060/1323/1017 1061/1324/1018 1062/1325/1019
f 1063/1326/1020 1064/1327/1021 1065/1328/1022
f 1065/1328/1022 1066/1329/1023 1063/1326/1020
f 1067/1330/1024 1068/1331/1025 1069/1332/1026
f 1069/1332/1026 1070/1333/1027 1067/1330/1024
f 1071/1334/1028 1072/1335/1029 1073/1336/1030
f 1073/1336/1030 1074/1337/1031 1071/1334/1028
f 1075/1338/1032 1076/1339/1033 1077/1340/1034
f 1077/1340/1034 1078/1341/1035 1075/1338/1032
f 1079/1342/1036 1080/1343/1037 1081/1344/1038
f 1081/1344/1038 1082/1345/1039 1079/1342/1036
f 1083/1346/1040 1075/1338/1032 1078/1341/1035
f 1078/1341/1035 1084/1347/1041 1083/1346/1040
f 1085/1348/1042 1086/1349/1043 1087/1350/1044
f 1087/1350/1044 1088/1351/1045 1085/1348/1042
f 1089/1352/1046 1090/1353/1047 1091/1354/1048
f 1091/1354/1048 1092/1355/1049 1089/1352/1046
f 1090/1353/1047 1085/1348/1042 1088/1351/1045
f 1088/1351/1045 1091/1354/1048 1090/1353/1047
f 1093/1356/1050 1094/1357/1051 1095/1358/1052
f 1095/1358/1052 1096/1359/1053 1093/1356/1050
f 1097/1360/1054 1089/1352/1046 1092/1355/1049
f 1092/1355/1049 1098/1361/1055 1097/1360/1054
f 1099/1362/1056 1100/1363/1057 1101/1364/1058
f 1101/1364/1058 1102/1365/1059 1099/1362/1056
f 1103/1366/1060 1101/1364/1058 1100/1363/1057
f 1104/243/1061 1105/243/162 1106/243/1062
f 1103/1367/1063 1107/1368/1064 1108/1369/1065
f 1072/1370/1029 1109/1371/1066 1110/1372/1067
f 1110/1372/1067 1073/1373/1030 1072/1370/1029
f 1109/1371/1066 1099/1362/1056 1102/1365/1059
f 1102/1365/1059 1110/1372/1067 1109/1371/1066
f 1076/1374/1033 1111/1375/1068 1112/1376/1069
f 1112/1377/1069 1077/1340/1034 1076/1339/1033
f 1113/1378/1070 1067/1330/1024 1070/1333/1027
f 1070/1333/1027 1114/1379/1071 1113/1378/1070
f 1115/1380/1072 1113/1378/1070 1114/1379/1071
f 1114/1379/1071 1116/1381/1073 1115/1380/1072
f 1117/1382/1074 1118/1383/1075 1119/1384/1076
f 1119/1384/1076 1120/1385/1077 1117/1382/1074
f 1121/1386/1078 1063/1326/1020 1066/1329/1023
f 1066/1329/1023 1122/1387/1079 1121/1386/1078
f 1123/1388/1080 1121/1386/1078 1122/1387/1079
f 1122/1387/1079 1124/1389/1081 1123/1388/1080
f 1125/1390/1082 1126/1391/1083 1127/1392/1084
f 1127/1392/1084 1128/1393/1085 1125/1390/1082
f 1129/1044/1086 1130/1394/1087 1131/1395/1088
f 1131/1395/1088 1132/1396/1089 1129/1044/1086
f 1133/1397/1090 1125/1390/1082 1128/1393/1085
f 1128/1393/1085 1134/1398/1091 1133/1397/1090
f 1135/1399/1092 1123/1388/1080 1124/1389/1081
f 1124/1389/1081 1136/1400/1093 1135/1399/1092
f 1130/1394/1087 1137/1401/1094 1138/1402/1095
f 1138/1402/1095 1131/1395/1088 1130/1394/1087
f 1139/1403/1096 1133/1397/1090 1134/1398/1091
f 1134/1398/1091 1140/1404/1097 1139/1403/1096
f 1141/1405/1098 1142/1406/1099 1143/1407/1100
f 1143/1407/1100 1144/1408/1101 1141/1405/1098
f 1145/1409/1102 1146/1410/1103 1147/1411/1104
f 1147/1411/1104 1148/1412/1105 1145/1409/1102
f 1149/1413/1106 1139/1403/1096 1140/1404/1097
f 1140/1404/1097 1150/1414/1107 1149/1413/1106
f 1151/1415/1108 1141/1405/1098 1144/1408/1101
f 1144/1408/1101 1152/1416/1109 1151/1415/1108
f 1153/1417/1110 1151/1418/1108 1152/1419/1109
f 1152/1419/1109 1154/1420/1111 1153/1417/1110
f 1155/1421/1112 1153/1417/1110 1154/1420/1111
f 1154/1422/1111 1156/1423/1113 1155/1424/1112
f 1157/1425/1114 1158/1426/1115 1159/1427/1116
f 1159/1428/1116 1160/1429/1117 1157/1430/1114
f 1161/1431/1118 1162/1432/1119 1163/1433/1120
f 1163/1433/1120 1164/1434/1121 1161/1431/1118
f 1165/1435/1122 1157/1430/1114 1160/1429/1117
f 1160/1429/1117 1166/1436/1123 1165/1435/1122
f 1167/1437/1124 1168/1438/1125 1169/1439/1126
f 1169/1439/1126 1170/1440/1127 1167/1437/1124
f 1171/1441/1128 1167/1437/1124 1170/1440/1127
f 1170/1440/1127 1172/1442/1129 1171/1441/1128
f 1173/1443/1130 1174/1444/1131 1175/1445/1132
f 1175/1445/1132 1176/1446/1133 1173/1443/1130
f 1177/1447/1134 1178/1448/1135 1179/1449/1136
f 1179/1449/1136 1180/1450/1137 1177/1447/1134
f 1174/1451/1131 1181/1452/1138 1182/1453/1139
f 1182/1454/1139 1175/1445/1132 1174/1444/1131
f 1181/1455/1138 1183/1456/1140 1184/1457/1141
f 1184/1457/1141 1182/1458/1139 1181/1455/1138
f 1185/1459/1142 1177/1447/1134 1180/1450/1137
f 1180/1460/1137 1186/1461/1143 1185/1462/1142
f 953/1463/910 952/1464/909 1187/1465/1144
f 1187/1466/1144 1000/1467/957 953/1468/910
f 952/1199/909 970/1219/927 1188/1469/1145
f 1188/1469/1145 1187/1470/1144 952/1199/909
f 970/1219/927 977/1226/934 1189/1471/1146
f 1189/1471/1146 1188/1469/1145 970/1219/927
f 968/1472/925 1002/1473/959 1004/1474/961
f 1004/1475/961 965/1217/922 968/1216/925
f 1189/1471/1146 985/1234/942 966/1213/923
f 966/1213/923 1188/1469/1145 1189/1471/1146
f 966/1213/923 965/1212/922 1187/1470/1144
f 1187/1470/1144 1188/1469/1145 966/1213/923
f 1187/1476/1144 965/1217/922 1004/1475/961
f 1004/1475/961 1000/1477/957 1187/1476/1144
f 997/1478/954 995/1244/952 954/1201/911
f 954/1201/911 953/1200/910 997/1478/954
f 978/1227/935 1190/1479/1147 976/1225/933
f 996/1245/953 992/1241/949 956/1203/913
f 956/1203/913 954/1201/911 996/1245/953
f 994/1243/951 1191/1480/1148 958/1205/915
f 958/1205/915 956/1203/913 994/1243/951
f 971/1220/928 980/1229/937 1192/1481/1149
f 1192/1481/1149 979/1228/936 971/1220/928
f 1193/1482/1150 980/1229/937 972/1221/929
f 982/1231/939 1193/1482/1150 972/1221/929
f 982/1231/939 972/1221/929 974/1223/931
f 974/1223/931 972/1221/929 957/1204/914
f 957/1204/914 961/1208/918 974/1223/931
f 957/1204/914 958/1205/915 962/1209/919
f 962/1209/919 961/1208/918 957/1204/914
f 989/1238/946 988/1237/945 991/1240/948
f 991/1240/948 1194/1483/1151 989/1238/946
f 958/1205/915 1191/1480/1148 1194/1483/1151
f 1194/1483/1151 991/1240/948 958/1205/915
f 991/1240/948 962/1209/919 958/1205/915
f 1193/1482/1150 1195/1484/1152 980/1229/937
f 1059/1485/1016 1196/1486/1153 1062/1325/1019
f 1196/1486/1153 1197/1487/1154 1060/1323/1017
f 1060/1323/1017 1062/1325/1019 1196/1486/1153
f 1059/1488/1016 1022/1277/979 1008/1276/965
f 1008/1276/965 1007/1489/964 1059/1488/1016
f 1061/1324/1018 1198/1490/1155 1022/1491/979
f 1062/1325/1019 1061/1324/1018 1022/1491/979
f 1059/1492/1016 1062/1493/1019 1022/1494/979
f 1022/1491/979 1198/1490/1155 1199/1495/1156
f 1199/1496/1156 1023/1279/980 1022/1278/979
f 1023/1279/980 1199/1496/1156 1041/1300/998
f 1010/1264/967 1053/1313/1010 1055/1315/1012
f 1055/1497/1012 1200/1498/1157 1058/1319/1015
f 1058/1319/1015 1007/1318/964 1055/1497/1012
f 1053/1313/1010 1010/1264/967 1012/1266/969
f 1012/1266/969 1052/1312/1009 1053/1313/1010
f 1014/1268/971 1201/1499/1158 1049/1309/1006
f 1049/1309/1006 1012/1266/969 1014/1268/971
f 1049/1309/1006 1052/1312/1009 1012/1266/969
f 1202/1500/1159 1201/1499/1158 1014/1268/971
f 1014/1268/971 1048/1308/1005 1202/1500/1159
f 1203/1501/1160 1026/1284/983 1025/1283/982
f 1025/1283/982 1035/1293/992 1203/1501/1160
f 1048/1308/1005 1047/1307/1004 1046/1306/1003
f 1046/1306/1003 1202/1500/1159 1048/1308/1005
f 1048/1308/1005 1014/1268/971 1016/1270/973
f 1016/1270/973 1014/1268/971 1013/1267/970
f 1013/1267/970 1017/1271/974 1016/1270/973
f 1013/1267/970 1026/1284/983 1028/1286/985
f 1028/1286/985 1017/1271/974 1013/1267/970
f 1026/1284/983 1203/1501/1160 1204/1502/1161
f 1026/1284/983 1204/1502/1161 1205/1503/1162
f 1028/1286/985 1026/1284/983 1205/1503/1162
f 1028/1286/985 1205/1503/1162 1038/1295/995
f 1039/1296/996 1029/1287/986 1027/1285/984
f 1206/1504/1163 1207/1505/1164 1208/1506/1165
f 1208/1506/1165 1209/1507/1166 1206/1504/1163
f 1210/1508/1167 1206/1509/1163 1209/1510/1166
f 1209/1510/1166 1211/1511/1168 1210/1508/1167
f 1212/1512/1169 1210/1508/1167 1211/1511/1168
f 1211/1511/1168 1213/1513/1170 1212/1512/1169
f 1214/1514/1171 1215/1515/1172 1216/1516/1173
f 1216/1516/1173 1217/1517/1174 1214/1514/1171
f 1218/1518/1175 1215/1515/1172 1214/1514/1171
f 1214/1514/1171 1219/1519/1176 1218/1518/1175
f 1220/1520/1177 1221/1521/1178 1222/1522/1179
f 1222/1522/1179 1223/1523/1180 1220/1520/1177
f 1224/1524/1181 1225/1525/1182 1207/1505/1164
f 1207/1505/1164 1206/1504/1163 1224/1524/1181
f 1226/1526/1183 1224/1524/1181 1206/1504/1163
f 1206/1504/1163 1210/1527/1167 1226/1526/1183
f 1227/1528/1184 1226/1526/1183 1210/1527/1167
f 1210/1527/1167 1212/1529/1169 1227/1528/1184
f 1216/1530/1173 1215/1531/1172 1228/1532/1185
f 1228/1532/1185 1229/1533/1186 1216/1530/1173
f 1230/1534/1187 1228/1535/1185 1215/1515/1172
f 1215/1515/1172 1218/1518/1175 1230/1534/1187
f 1231/1536/1188 1232/1537/1189 1225/1525/1182
f 1225/1525/1182 1224/1524/1181 1231/1536/1188
f 1233/1538/1190 1231/1536/1188 1224/1524/1181
f 1233/1538/1190 1224/1524/1181 1226/1526/1183
f 1233/1538/1190 1226/1526/1183 1234/1539/1191
f 1226/1526/1183 1227/1528/1184 1235/1540/1192
f 1236/1541/1193 1237/1542/1194 1229/1533/1186
f 1229/1533/1186 1228/1532/1185 1236/1541/1193
f 1238/1543/1195 1236/1544/1193 1228/1545/1185
f 1228/1545/1185 1230/1546/1187 1238/1543/1195
f 1239/1547/1196 1222/1522/1179 1221/1521/1178
f 1221/1521/1178 1240/1548/1197 1239/1547/1196
f 1214/1514/1171 1241/1549/1198 1242/1550/1199
f 1242/1550/1199 1219/1519/1176 1214/1514/1171
f 1243/1551/1200 1244/1552/1201 1245/1553/1202
f 1246/1554/1203 1241/1549/1198 1214/1514/1171
f 1214/1514/1171 1217/1517/1174 1246/1554/1203
f 1247/1555/1204 1248/1556/1205 1249/1557/1206
f 1249/1557/1206 1211/1511/1168 1247/1555/1204
f 1209/1510/1166 1250/1558/1207 1251/1559/1208
f 1252/1560/1209 1208/1561/1165 1253/1562/1210
f 1253/1562/1210 1254/1563/1211 1252/1560/1209
f 1208/1561/1165 1255/1564/1212 1256/1565/1213
f 1256/1565/1213 1253/1562/1210 1208/1561/1165
f 1257/1566/1214 1258/1567/1215 1259/1568/1216
f 1260/1569/1217 1261/1570/1218 1258/1571/1215
f 1258/1572/1215 1257/1573/1214 1260/1574/1217
f 1262/1575/1219 1263/1576/1220 1264/1577/1221
f 1264/1577/1221 1265/1578/1222 1262/1575/1219
f 1265/1578/1222 1264/1577/1221 1266/1579/1223
f 1266/1579/1223 1267/1580/1224 1265/1578/1222
f 1267/1580/1224 1266/1579/1223 1268/1581/1225
f 1268/1581/1225 1269/1582/1226 1267/1580/1224
f 1270/1583/1227 1271/1584/1228 1272/1585/1229
f 1272/1585/1229 1273/1586/1230 1270/1583/1227
f 1270/1587/1227 1273/1588/1230 1274/1589/1231
f 1274/1589/1231 1275/1590/1232 1270/1587/1227
f 1276/1591/1233 1263/1576/1220 1277/1592/1234
f 1277/1592/1234 1278/1593/1235 1276/1591/1233
f 1263/1576/1220 1276/1591/1233 1279/1594/1236
f 1279/1594/1236 1264/1577/1221 1263/1576/1220
f 1264/1577/1221 1279/1594/1236 1280/1595/1237
f 1280/1595/1237 1266/1579/1223 1264/1577/1221
f 1266/1579/1223 1280/1595/1237 1281/1596/1238
f 1281/1596/1238 1268/1581/1225 1266/1579/1223
f 1282/1597/1239 1273/1586/1230 1272/1585/1229
f 1272/1585/1229 1283/1598/1240 1282/1597/1239
f 1273/1586/1230 1282/1597/1239 1284/1599/1241
f 1284/1600/1241 1274/1589/1231 1273/1588/1230
f 1276/1591/1233 1285/1601/1242 1286/1602/1243
f 1286/1602/1243 1279/1594/1236 1276/1591/1233
f 1286/1602/1243 1287/1603/1244 1288/1604/1245
f 1288/1604/1245 1289/1605/1246 1280/1595/1237
f 1288/1604/1245 1280/1595/1237 1279/1594/1236
f 1286/1602/1243 1288/1604/1245 1279/1594/1236
f 1280/1595/1237 1289/1605/1246 1290/1606/1247
f 1291/1607/1248 1282/1597/1239 1283/1598/1240
f 1292/1608/1249 1291/1607/1248 1283/1598/1240
f 1292/243/1249 1283/243/1240 1293/243/1250
f 1294/1609/1251 1282/1597/1239 1291/1607/1248
f 1295/1610/1252 1285/1601/1242 1276/1591/1233
f 1276/1591/1233 1278/1593/1235 1296/1611/1253
f 1295/1610/1252 1276/1591/1233 1296/1611/1253
f 1295/1610/1252 1296/1611/1253 1297/1612/1254
f 1298/1613/1255 1299/1614/1256 1270/1587/1227
f 1270/1587/1227 1275/1590/1232 1298/1613/1255
f 1300/1615/1257 1301/1616/1258 1302/1617/1259
f 1270/1587/1227 1299/1614/1256 1303/1618/1260
f 1303/1618/1260 1271/1619/1228 1270/1587/1227
f 1304/1620/1261 1305/1621/1262 1306/1622/1263
f 1306/1622/1263 1307/1623/1264 1304/1620/1261
f 1308/1624/1265 1307/1623/1264 1306/1622/1263
f 1306/1622/1263 1309/1625/1266 1308/1624/1265
f 1265/1578/1222 1310/1626/1267 1262/1575/1219
f 1311/1627/1268 1312/1628/1269 1262/1629/1219
f 1262/1629/1219 1313/1630/1270 1311/1627/1268
f 1262/1575/1219 1312/1631/1269 1314/1632/1271
f 1315/1633/1272 1316/1634/1273 1317/1635/1274
f 1318/1636/1275 1319/1637/1276 1320/1638/1277
f 1320/1638/1277 1321/1639/1278 1318/1636/1275
f 1322/1640/1279 1323/1641/1280 1324/1642/1281
f 1324/1642/1281 1325/1643/1282 1322/1640/1279
f 1326/1644/1283 1327/1645/1284 1328/1646/1285
f 1328/1646/1285 1329/1647/1286 1326/1644/1283
f 1330/1648/1287 1331/1649/1288 1332/1650/1289
f 1332/1650/1289 1333/1651/1290 1330/1648/1287
f 1334/1652/1291 1335/1653/1292 1336/1654/1293
f 1336/1654/1293 1337/1655/1294 1334/1652/1291
f 1338/1656/1295 1330/1648/1287 1333/1651/1290
f 1333/1651/1290 1339/1657/1296 1338/1656/1295
f 1340/1658/1297 1341/1659/1298 1342/1660/1299
f 1342/1660/1299 1343/1661/1300 1340/1658/1297
f 1344/1662/1301 1345/1663/1302 1346/1664/1303
f 1346/1664/1303 1347/1665/1304 1344/1662/1301
f 1345/1663/1302 1340/1658/1297 1343/1661/1300
f 1343/1661/1300 1346/1664/1303 1345/1663/1302
f 1348/1666/1305 1349/1667/1306 1350/1668/1307
f 1350/1668/1307 1351/1669/1308 1348/1666/1305
f 1352/1670/1309 1344/1671/1301 1347/1672/1304
f 1347/1672/1304 1353/1673/1310 1352/1670/1309
f 1354/1674/1311 1355/1675/1312 1356/1676/1313
f 1356/1677/1313 1357/1678/1314 1354/1679/1311
f 1358/1680/1315 1356/1681/1313 1355/1682/1312
f 1359/243/1316 1360/243/162 1361/243/1317
f 1358/1683/1318 1362/1684/1319 1363/1685/1320
f 1327/1645/1284 1364/1686/1321 1365/1687/1322
f 1365/1687/1322 1328/1646/1285 1327/1645/1284
f 1364/1688/1321 1354/1689/1311 1357/1690/1314
f 1357/1691/1314 1365/1692/1322 1364/1693/1321
f 1331/1649/1288 1366/1694/1323 1367/1695/1324
f 1367/1695/1324 1332/1650/1289 1331/1649/1288
f 1368/1696/1325 1322/1640/1279 1325/1643/1282
f 1325/1643/1282 1369/1697/1326 1368/1696/1325
f 1370/1698/1327 1368/1696/1325 1369/1697/1326
f 1369/1697/1326 1371/1699/1328 1370/1698/1327
f 1372/1700/1329 1373/1701/1330 1374/1702/1331
f 1374/1702/1331 1375/1703/1332 1372/1700/1329
f 1376/1704/1333 1318/1705/1275 1321/1706/1278
f 1321/1707/1278 1377/1708/1334 1376/1709/1333
f 1378/1710/1335 1376/1711/1333 1377/1712/1334
f 1377/1712/1334 1379/1713/1336 1378/1710/1335
f 1380/1714/1337 1381/1715/1338 1382/1716/1339
f 1382/1716/1339 1383/1717/1340 1380/1714/1337
f 1384/1718/1341 1385/1719/1342 1386/1720/1343
f 1386/1720/1343 1387/1721/1344 1384/1718/1341
f 1388/1722/1345 1380/1714/1337 1383/1717/1340
f 1383/1717/1340 1389/1723/1346 1388/1722/1345
f 1390/1724/1347 1378/1710/1335 1379/1713/1336
f 1379/1713/1336 1391/1725/1348 1390/1724/1347
f 1385/1719/1342 1392/1726/1349 1393/1727/1350
f 1393/1727/1350 1386/1720/1343 1385/1719/1342
f 1394/1728/1351 1388/1729/1345 1389/1730/1346
f 1389/1730/1346 1395/1731/1352 1394/1728/1351
f 1396/1732/1353 1397/1733/1354 1398/1734/1355
f 1398/1734/1355 1399/1735/1356 1396/1732/1353
f 1400/1736/1357 1401/1737/1358 1402/1738/1359
f 1402/1738/1359 1403/1739/1360 1400/1736/1357
f 1404/1740/1361 1394/1728/1351 1395/1731/1352
f 1395/1731/1352 1405/1741/1362 1404/1740/1361
f 1406/1742/1363 1396/1732/1353 1399/1735/1356
f 1399/1735/1356 1407/1743/1364 1406/1742/1363
f 1408/1744/1365 1406/1742/1363 1407/1743/1364
f 1407/1743/1364 1409/1745/1366 1408/1744/1365
f 1410/1746/1367 1408/1744/1365 1409/1745/1366
f 1409/1745/1366 1411/1747/1368 1410/1746/1367
f 1412/1748/1369 1413/1749/1370 1414/1750/1371
f 1414/1750/1371 1415/1751/1372 1412/1748/1369
f 1416/1752/1373 1417/1753/1374 1418/1754/1375
f 1418/1754/1375 1419/1755/1376 1416/1752/1373
f 1420/1756/1377 1412/1748/1369 1415/1751/1372
f 1415/1751/1372 1421/1757/1378 1420/1756/1377
f 1422/1758/1379 1423/1759/1380 1424/1760/1381
f 1424/1760/1381 1425/1761/1382 1422/1758/1379
f 1426/1762/1383 1422/1763/1379 1425/1764/1382
f 1425/1765/1382 1427/1766/1384 1426/1767/1383
f 1428/1768/1385 1429/1769/1386 1430/1770/1387
f 1430/1770/1387 1431/1771/1388 1428/1768/1385
f 1432/1772/1389 1433/1773/1390 1434/1774/1391
f 1434/1774/1391 1435/1775/1392 1432/1772/1389
f 1429/1776/1386 1436/1777/1393 1437/1778/1394
f 1437/1779/1394 1430/1770/1387 1429/1769/1386
f 1436/1777/1393 1438/1780/1395 1439/1781/1396
f 1439/1781/1396 1437/1778/1394 1436/1777/1393
f 1440/1782/1397 1432/1772/1389 1435/1775/1392
f 1435/1775/1392 1441/1783/1398 1440/1782/1397
f 1208/1506/1165 1207/1505/1164 1442/1784/1399
f 1442/1784/1399 1255/1785/1212 1208/1506/1165
f 1207/1505/1164 1225/1525/1182 1443/1786/1400
f 1443/1786/1400 1442/1784/1399 1207/1505/1164
f 1225/1525/1182 1232/1537/1189 1444/1787/1401
f 1444/1787/1401 1443/1786/1400 1225/1525/1182
f 1223/1523/1180 1257/1566/1214 1259/1568/1216
f 1259/1568/1216 1220/1520/1177 1223/1523/1180
f 1444/1787/1401 1240/1548/1197 1221/1521/1178
f 1221/1521/1178 1443/1786/1400 1444/1787/1401
f 1221/1521/1178 1220/1520/1177 1442/1784/1399
f 1442/1784/1399 1443/1786/1400 1221/1521/1178
f 1442/1784/1399 1220/1520/1177 1259/1568/1216
f 1259/1568/1216 1255/1785/1212 1442/1784/1399
f 1252/1788/1209 1250/1558/1207 1209/1510/1166
f 1209/1510/1166 1208/1789/1165 1252/1788/1209
f 1233/1538/1190 1445/1790/1402 1231/1536/1188
f 1251/1559/1208 1247/1555/1204 1211/1511/1168
f 1211/1511/1168 1209/1510/1166 1251/1559/1208
f 1249/1557/1206 1446/1791/1403 1213/1513/1170
f 1213/1513/1170 1211/1511/1168 1249/1557/1206
f 1226/1526/1183 1235/1540/1192 1447/1792/1404
f 1447/1792/1404 1234/1539/1191 1226/1526/1183
f 1448/1793/1405 1235/1540/1192 1227/1528/1184
f 1237/1542/1194 1448/1793/1405 1227/1528/1184
f 1237/1542/1194 1227/1528/1184 1229/1533/1186
f 1229/1533/1186 1227/1528/1184 1212/1529/1169
f 1212/1529/1169 1216/1530/1173 1229/1533/1186
f 1212/1512/1169 1213/1513/1170 1217/1517/1174
f 1217/1517/1174 1216/1516/1173 1212/1512/1169
f 1244/1552/1201 1243/1551/1200 1246/1554/1203
f 1246/1554/1203 1449/1794/1406 1244/1552/1201
f 1213/1513/1170 1446/1791/1403 1449/1794/1406
f 1449/1794/1406 1246/1554/1203 1213/1513/1170
f 1246/1554/1203 1217/1517/1174 1213/1513/1170
f 1448/1793/1405 1450/1795/1407 1235/1540/1192
f 1314/1632/1271 1451/1796/1408 1317/1797/1274
f 1451/1798/1408 1452/1799/1409 1315/1800/1272
f 1315/1633/1272 1317/1635/1274 1451/1801/1408
f 1314/1632/1271 1277/1592/1234 1263/1576/1220
f 1263/1576/1220 1262/1575/1219 1314/1632/1271
f 1316/1802/1273 1453/1803/1410 1277/1592/1234
f 1317/1797/1274 1316/1802/1273 1277/1592/1234
f 1314/1632/1271 1317/1797/1274 1277/1592/1234
f 1277/1592/1234 1453/1803/1410 1454/1804/1411
f 1454/1804/1411 1278/1593/1235 1277/1592/1234
f 1278/1593/1235 1454/1804/1411 1296/1611/1253
f 1265/1578/1222 1308/1805/1265 1310/1626/1267
f 1310/1806/1267 1455/1807/1412 1313/1808/1270
f 1313/1809/1270 1262/1810/1219 1310/1811/1267
f 1308/1624/1265 1265/1812/1222 1267/1813/1224
f 1267/1813/1224 1307/1623/1264 1308/1624/1265
f 1269/1814/1226 1456/1815/1413 1304/1620/1261
f 1304/1620/1261 1267/1813/1224 1269/1814/1226
f 1304/1620/1261 1307/1623/1264 1267/1813/1224
f 1457/1816/1414 1456/1815/1413 1269/1814/1226
f 1269/1814/1226 1303/1618/1260 1457/1816/1414
f 1458/1817/1415 1281/1596/1238 1280/1595/1237
f 1280/1595/1237 1290/1606/1247 1458/1817/1415
f 1303/1618/1260 1302/1617/1259 1301/1616/1258
f 1301/1616/1258 1457/1816/1414 1303/1618/1260
f 1303/1618/1260 1269/1814/1226 1271/1619/1228
f 1271/1584/1228 1269/1582/1226 1268/1581/1225
f 1268/1581/1225 1272/1585/1229 1271/1584/1228
f 1268/1581/1225 1281/1596/1238 1283/1598/1240
f 1283/1598/1240 1272/1585/1229 1268/1581/1225
f 1281/1596/1238 1458/1817/1415 1459/1818/1416
f 1281/1596/1238 1459/1818/1416 1460/1819/1417
f 1283/1598/1240 1281/1596/1238 1460/1819/1417
f 1283/1598/1240 1460/1819/1417 1293/1608/1250
f 1294/1609/1251 1284/1599/1241 1282/1597/1239
f 1461/1820/1418 1462/1821/1419 1463/1822/1420
f 1463/1823/1420 1464/1824/1421 1461/1825/1418
f 1465/1826/1422 1461/1827/1418 1464/1828/1421
f 1464/1828/1421 1466/1829/1423 1465/1826/1422
f 1467/1830/1424 1465/1826/1422 1466/1829/1423
f 1466/1829/1423 1468/1831/1425 1467/1830/1424
f 1469/1832/1426 1470/1833/1427 1471/1834/1428
f 1471/1834/1428 1472/1835/1429 1469/1832/1426
f 1473/1836/1430 1470/1837/1427 1469/1838/1426
f 1469/1838/1426 1474/1839/1431 1473/1836/1430
f 1475/1840/1432 1476/1841/1433 1477/1842/1434
f 1477/1842/1434 1478/1843/1435 1475/1840/1432
f 1479/1844/1436 1480/1845/1437 1462/1846/1419
f 1462/1846/1419 1461/1847/1418 1479/1844/1436
f 1481/1848/1438 1479/1844/1436 1461/1847/1418
f 1461/1847/1418 1465/1849/1422 1481/1848/1438
f 1482/1850/1439 1481/1851/1438 1465/1852/1422
f 1465/1852/1422 1467/1853/1424 1482/1850/1439
f 1471/1854/1428 1470/1837/1427 1483/1855/1440
f 1483/1855/1440 1484/1856/1441 1471/1854/1428
f 1485/1857/1442 1483/1855/1440 1470/1837/1427
f 1470/1837/1427 1473/1836/1430 1485/1857/1442
f 1486/1858/1443 1487/1859/1444 1480/1845/1437
f 1480/1845/1437 1479/1844/1436 1486/1858/1443
f 1488/1860/1445 1486/1858/1443 1479/1844/1436
f 1488/1860/1445 1479/1844/1436 1481/1848/1438
f 1488/1860/1445 1481/1848/1438 1489/1861/1446
f 1481/1851/1438 1482/1850/1439 1490/1862/1447
f 1491/1863/1448 1492/1864/1449 1484/1856/1441
f 1484/1856/1441 1483/1855/1440 1491/1863/1448
f 1493/1865/1450 1491/1863/1448 1483/1855/1440
f 1483/1855/1440 1485/1857/1442 1493/1865/1450
f 1494/1866/1451 1477/1842/1434 1476/1841/1433
f 1476/1841/1433 1495/1867/1452 1494/1866/1451
f 1469/1832/1426 1496/1868/1453 1497/1869/1454
f 1497/1869/1454 1474/1870/1431 1469/1832/1426
f 1498/1871/1455 1499/1872/1456 1500/1873/1457
f 1501/1874/1458 1496/1868/1453 1469/1832/1426
f 1469/1832/1426 1472/1835/1429 1501/1874/1458
f 1502/1875/1459 1503/1876/1460 1504/1877/1461
f 1504/1877/1461 1466/1829/1423 1502/1875/1459
f 1464/1828/1421 1505/1878/1462 1506/1879/1463
f 1507/1880/1464 1463/1881/1420 1508/1882/1465
f 1508/1882/1465 1509/1883/1466 1507/1880/1464
f 1463/1881/1420 1510/1884/1467 1511/1885/1468
f 1511/1885/1468 1508/1882/1465 1463/1881/1420
f 1512/1886/1469 1513/1887/1470 1514/1888/1471
f 1515/1889/1472 1516/1890/1473 1513/1891/1470
f 1513/1892/1470 1512/1893/1469 1515/1894/1472
f 1517/1895/1474 1518/1896/1475 1519/1897/1476
f 1519/1897/1476 1520/1898/1477 1517/1895/1474
f 1520/1899/1477 1519/1900/1476 1521/1901/1478
f 1521/1901/1478 1522/1902/1479 1520/1899/1477
f 1522/1903/1479 1521/1904/1478 1523/1905/1480
f 1523/1905/1480 1524/1906/1481 1522/1903/1479
f 1525/1907/1482 1526/1908/1483 1527/1909/1484
f 1527/1909/1484 1528/1910/1485 1525/1907/1482
f 1525/1907/1482 1528/1910/1485 1529/1911/1486
f 1529/1911/1486 1530/1912/1487 1525/1907/1482
f 1531/1913/1488 1518/1896/1475 1532/1914/1489
f 1532/1914/1489 1533/1915/1490 1531/1913/1488
f 1518/1896/1475 1531/1913/1488 1534/1916/1491
f 1534/1916/1491 1519/1897/1476 1518/1896/1475
f 1519/1897/1476 1534/1916/1491 1535/1917/1492
f 1535/1917/1492 1521/1918/1478 1519/1897/1476
f 1521/1904/1478 1535/1919/1492 1536/1920/1493
f 1536/1920/1493 1523/1905/1480 1521/1904/1478
f 1537/1921/1494 1528/1910/1485 1527/1909/1484
f 1527/1909/1484 1538/1922/1495 1537/1921/1494
f 1528/1910/1485 1537/1921/1494 1539/1923/1496
f 1539/1923/1496 1529/1911/1486 1528/1910/1485
f 1531/1913/1488 1540/1924/1497 1541/1925/1498
f 1541/1925/1498 1534/1916/1491 1531/1913/1488
f 1541/1925/1498 1542/1926/1499 1543/1927/1500
f 1543/1927/1500 1544/1928/1501 1535/1917/1492
f 1543/1927/1500 1535/1917/1492 1534/1916/1491
f 1541/1925/1498 1543/1927/1500 1534/1916/1491
f 1535/1917/1492 1544/1928/1501 1545/1929/1502
f 1546/1930/1503 1537/1921/1494 1538/1922/1495
f 1547/1931/1504 1546/1930/1503 1538/1922/1495
f 1547/243/1504 1538/243/1495 1548/243/1505
f 1549/1932/1506 1537/1921/1494 1546/1930/1503
f 1550/1933/1507 1540/1924/1497 1531/1913/1488
f 1531/1913/1488 1533/1915/1490 1551/1934/1508
f 1550/1933/1507 1531/1913/1488 1551/1934/1508
f 1550/1933/1507 1551/1934/1508 1552/1935/1509
f 1553/1936/1510 1554/1937/1511 1525/1938/1482
f 1525/1907/1482 1530/1912/1487 1553/1939/1510
f 1555/1940/1512 1556/1941/1513 1557/1942/1514
f 1525/1938/1482 1554/1937/1511 1558/1943/1515
f 1558/1943/1515 1526/1944/1483 1525/1938/1482
f 1559/1945/1516 1560/1946/1517 1561/1947/1518
f 1561/1947/1518 1562/1948/1519 1559/1945/1516
f 1563/1949/1520 1562/1948/1519 1561/1947/1518
f 1561/1947/1518 1564/1950/1521 1563/1949/1520
f 1520/1899/1477 1565/1951/1522 1517/1952/1474
f 1566/1953/1523 1567/1954/1524 1517/1952/1474
f 1517/1952/1474 1568/1955/1525 1566/1953/1523
f 1517/1895/1474 1567/1956/1524 1569/1957/1526
f 1570/1958/1527 1571/1959/1528 1572/1960/1529
f 1573/1961/1530 1574/1962/1531 1575/1963/1532
f 1575/1963/1532 1576/1964/1533 1573/1961/1530
f 1577/1965/1534 1578/1966/1535 1579/1967/1536
f 1579/1967/1536 1580/1968/1537 1577/1965/1534
f 1581/1969/1538 1582/1970/1539 1583/1971/1540
f 1583/1971/1540 1584/1972/1541 1581/1969/1538
f 1585/1973/1542 1586/1974/1543 1587/1975/1544
f 1587/1975/1544 1588/1976/1545 1585/1973/1542
f 1589/1977/1546 1590/1978/1547 1591/1979/1548
f 1591/1979/1548 1592/1980/1549 1589/1977/1546
f 1593/1981/1550 1585/1973/1542 1588/1976/1545
f 1588/1976/1545 1594/1982/1551 1593/1981/1550
f 1595/1983/1552 1596/1984/1553 1597/1985/1554
f 1597/1985/1554 1598/1986/1555 1595/1983/1552
f 1599/1987/1556 1600/1988/1557 1601/1989/1558
f 1601/1989/1558 1602/1990/1559 1599/1987/1556
f 1600/1988/1557 1595/1983/1552 1598/1986/1555
f 1598/1986/1555 1601/1989/1558 1600/1988/1557
f 1603/1991/1560 1604/1992/1561 1605/1993/1562
f 1605/1993/1562 1606/1994/1563 1603/1991/1560
f 1607/1995/1564 1599/1987/1556 1602/1990/1559
f 1602/1990/1559 1608/1996/1565 1607/1995/1564
f 1609/1997/1566 1610/1998/1567 1611/1999/1568
f 1611/1999/1568 1612/2000/1569 1609/1997/1566
f 1613/2001/1570 1611/1999/1568 1610/1998/1567
f 1614/243/1571 1615/243/162 1616/243/1572
f 1613/2002/1573 1617/2003/1574 1618/2004/1575
f 1582/1970/1539 1619/2005/1576 1620/2006/1577
f 1620/2006/1577 1583/1971/1540 1582/1970/1539
f 1619/2005/1576 1609/1997/1566 1612/2000/1569
f 1612/2000/1569 1620/2006/1577 1619/2005/1576
f 1586/1974/1543 1621/2007/1578 1622/2008/1579
f 1622/2008/1579 1587/1975/1544 1586/1974/1543
f 1623/2009/1580 1577/1965/1534 1580/1968/1537
f 1580/1968/1537 1624/2010/1581 1623/2009/1580
f 1625/2011/1582 1623/2009/1580 1624/2010/1581
f 1624/2010/1581 1626/2012/1583 1625/2011/1582
f 1627/2013/1584 1628/2014/1585 1629/2015/1586
f 1629/2015/1586 1630/2016/1587 1627/2013/1584
f 1631/2017/1588 1573/1961/1530 1576/1964/1533
f 1576/1964/1533 1632/2018/1589 1631/2017/1588
f 1633/2019/1590 1631/2017/1588 1632/2018/1589
f 1632/2018/1589 1634/2020/1591 1633/2019/1590
f 1635/2021/1592 1636/2022/1593 1637/2023/1594
f 1637/2023/1594 1638/2024/1595 1635/2021/1592
f 1639/2025/1596 1640/2026/1597 1641/2027/1598
f 1641/2027/1598 1642/2028/1599 1639/2025/1596
f 1643/2029/1600 1635/2021/1592 1638/2024/1595
f 1638/2024/1595 1644/2030/1601 1643/2029/1600
f 1645/2031/1602 1633/2019/1590 1634/2020/1591
f 1634/2020/1591 1646/2032/1603 1645/2031/1602
f 1640/2026/1597 1647/2033/1604 1648/2034/1605
f 1648/2034/1605 1641/2027/1598 1640/2026/1597
f 1649/2035/1606 1643/2029/1600 1644/2030/1601
f 1644/2030/1601 1650/2036/1607 1649/2035/1606
f 1651/2037/1608 1652/2038/1609 1653/2039/1610
f 1653/2039/1610 1654/2040/1611 1651/2037/1608
f 1655/2041/1612 1656/2042/1613 1657/2043/1614
f 1657/2043/1614 1658/2044/1615 1655/2041/1612
f 1659/2045/1616 1649/2046/1606 1650/2047/1607
f 1650/2047/1607 1660/2048/1617 1659/2045/1616
f 1661/2049/1618 1651/2037/1608 1654/2040/1611
f 1654/2040/1611 1662/2050/1619 1661/2049/1618
f 1663/2051/1620 1661/2052/1618 1662/2053/1619
f 1662/2053/1619 1664/2054/1621 1663/2051/1620
f 1665/2055/1622 1663/2051/1620 1664/2054/1621
f 1664/2054/1621 1666/2056/1623 1665/2055/1622
f 1667/2057/1624 1668/2058/1625 1669/2059/1626
f 1669/2059/1626 1670/2060/1627 1667/2057/1624
f 1671/2061/1628 1672/2062/1629 1673/2063/1630
f 1673/2063/1630 1674/2064/1631 1671/2061/1628
f 1675/2065/1632 1667/2057/1624 1670/2060/1627
f 1670/2060/1627 1676/2066/1633 1675/2065/1632
f 1677/2067/1634 1678/2068/1635 1679/2069/1636
f 1679/2069/1636 1680/2070/1637 1677/2067/1634
f 1681/2071/1638 1677/2067/1634 1680/2070/1637
f 1680/2070/1637 1682/2072/1639 1681/2071/1638
f 1683/2073/1640 1684/2074/1641 1685/2075/1642
f 1685/2075/1642 1686/2076/1643 1683/2073/1640
f 1687/2077/1644 1688/2078/1645 1689/2079/1646
f 1689/2079/1646 1690/2080/1647 1687/2077/1644
f 1684/2081/1641 1691/2082/1648 1692/2083/1649
f 1692/2084/1649 1685/2075/1642 1684/2074/1641
f 1691/2082/1648 1693/2085/1650 1694/2086/1651
f 1694/2086/1651 1692/2083/1649 1691/2082/1648
f 1695/2087/1652 1687/2077/1644 1690/2080/1647
f 1690/2080/1647 1696/2088/1653 1695/2087/1652
f 1463/2089/1420 1462/1846/1419 1697/2090/1654
f 1697/2090/1654 1510/2091/1467 1463/2089/1420
f 1462/1846/1419 1480/1845/1437 1698/2092/1655
f 1698/2092/1655 1697/2090/1654 1462/1846/1419
f 1480/1845/1437 1487/1859/1444 1699/2093/1656
f 1699/2093/1656 1698/2092/1655 1480/1845/1437
f 1478/1843/1435 1512/1886/1469 1514/1888/1471
f 1514/1888/1471 1475/1840/1432 1478/1843/1435
f 1699/2093/1656 1495/1867/1452 1476/1841/1433
f 1476/1841/1433 1698/2092/1655 1699/2093/1656
f 1476/1841/1433 1475/1840/1432 1697/2090/1654
f 1697/2090/1654 1698/2092/1655 1476/1841/1433
f 1697/2090/1654 1475/1840/1432 1514/1888/1471
f 1514/1888/1471 1510/2091/1467 1697/2090/1654
f 1507/1880/1464 1505/1878/1462 1464/1828/1421
f 1464/1828/1421 1463/1881/1420 1507/1880/1464
f 1488/1860/1445 1700/2094/1657 1486/1858/1443
f 1506/1879/1463 1502/1875/1459 1466/1829/1423
f 1466/1829/1423 1464/1828/1421 1506/1879/1463
f 1504/1877/1461 1701/2095/1658 1468/1831/1425
f 1468/1831/1425 1466/1829/1423 1504/1877/1461
f 1481/1851/1438 1490/1862/1447 1702/2096/1659
f 1702/2096/1659 1489/2097/1446 1481/1851/1438
f 1703/2098/1660 1490/1862/1447 1482/1850/1439
f 1492/1864/1449 1703/2098/1660 1482/1850/1439
f 1492/1864/1449 1482/1850/1439 1484/1856/1441
f 1484/1856/1441 1482/1850/1439 1467/1853/1424
f 1467/1853/1424 1471/1854/1428 1484/1856/1441
f 1467/1830/1424 1468/1831/1425 1472/1835/1429
f 1472/1835/1429 1471/1834/1428 1467/1830/1424
f 1499/1872/1456 1498/1871/1455 1501/1874/1458
f 1501/1874/1458 1704/2099/1661 1499/1872/1456
f 1468/1831/1425 1701/2095/1658 1704/2099/1661
f 1704/2099/1661 1501/1874/1458 1468/1831/1425
f 1501/1874/1458 1472/1835/1429 1468/1831/1425
f 1703/2098/1660 1705/2100/1662 1490/1862/1447
f 1569/1957/1526 1706/2101/1663 1572/2102/1529
f 1706/2103/1663 1707/2104/1664 1570/2105/1527
f 1570/1958/1527 1572/1960/1529 1706/2106/1663
f 1569/1957/1526 1532/1914/1489 1518/1896/1475
f 1518/1896/1475 1517/1895/1474 1569/1957/1526
f 1571/2107/1528 1708/2108/1665 1532/1914/1489
f 1572/2102/1529 1571/2107/1528 1532/1914/1489
f 1569/1957/1526 1572/2102/1529 1532/1914/1489
f 1532/1914/1489 1708/2108/1665 1709/2109/1666
f 1709/2109/1666 1533/1915/1490 1532/1914/1489
f 1533/1915/1490 1709/2109/1666 1551/1934/1508
f 1520/1899/1477 1563/1949/1520 1565/1951/1522
f 1565/1951/1522 1710/2110/1667 1568/1955/1525
f 1568/1955/1525 1517/1952/1474 1565/1951/1522
f 1563/1949/1520 1520/1899/1477 1522/1902/1479
f 1522/1902/1479 1562/1948/1519 1563/1949/1520
f 1524/2111/1481 1711/2112/1668 1559/1945/1516
f 1559/1945/1516 1522/1902/1479 1524/2111/1481
f 1559/1945/1516 1562/1948/1519 1522/1902/1479
f 1712/2113/1669 1711/2112/1668 1524/2111/1481
f 1524/2111/1481 1558/1943/1515 1712/2113/1669
f 1713/2114/1670 1536/2115/1493 1535/1917/1492
f 1535/1917/1492 1545/1929/1502 1713/2114/1670
f 1558/2116/1515 1557/1942/1514 1556/1941/1513
f 1556/2117/1513 1712/2118/1669 1558/320/1515
f 1558/1943/1515 1524/2111/1481 1526/1944/1483
f 1526/1908/1483 1524/1906/1481 1523/1905/1480
f 1523/1905/1480 1527/1909/1484 1526/1908/1483
f 1523/1905/1480 1536/1920/1493 1538/1922/1495
f 1538/1922/1495 1527/1909/1484 1523/1905/1480
f 1536/1920/1493 1713/2119/1670 1714/2120/1671
f 1536/1920/1493 1714/2120/1671 1715/2121/1672
f 1538/1922/1495 1536/1920/1493 1715/2121/1672
f 1538/1922/1495 1715/2121/1672 1548/1931/1505
f 1549/1932/1506 1539/1923/1496 1537/1921/1494
f 1807/2248/1762 1808/2249/1763 1809/2250/1764
f 1809/2250/1764 1810/2251/1765 1807/2248/1762
f 1811/2252/1766 1807/2248/1762 1810/2251/1765
f 1810/2251/1765 1812/2253/1767 1811/2252/1766
f 1813/2254/1768 1811/2252/1766 1812/2253/1767
f 1812/2253/1767 1814/2255/1769 1813/2254/1768
f 1815/2256/1770 1816/2257/1771 1817/2258/1772
f 1817/2258/1772 1818/2259/1773 1815/2256/1770
f 1819/2260/1774 1816/2261/1771 1815/2262/1770
f 1815/2262/1770 1820/2263/1775 1819/2260/1774
f 1821/2264/1776 1822/2265/1777 1823/2266/1778
f 1823/2266/1778 1824/2267/1779 1821/2264/1776
f 1825/2268/1780 1826/2269/1781 1808/2249/1763
f 1808/2249/1763 1807/2248/1762 1825/2268/1780
f 1827/2270/1782 1825/2268/1780 1807/2248/1762
f 1807/2248/1762 1811/2252/1766 1827/2270/1782
f 1828/2271/1783 1827/2270/1782 1811/2252/1766
f 1811/2252/1766 1813/2254/1768 1828/2271/1783
f 1817/2258/1772 1816/2257/1771 1829/2272/1784
f 1829/2272/1784 1830/2273/1785 1817/2258/1772
f 1831/2274/1786 1829/2275/1784 1816/2261/1771
f 1816/2261/1771 1819/2260/1774 1831/2274/1786
f 1832/2276/1787 1833/2277/1788 1826/2269/1781
f 1826/2269/1781 1825/2268/1780 1832/2276/1787
f 1834/2278/1789 1832/2276/1787 1825/2268/1780
f 1834/2278/1789 1825/2268/1780 1827/2270/1782
f 1834/2278/1789 1827/2270/1782 1835/2279/1790
f 1827/2270/1782 1828/2271/1783 1836/2280/1791
f 1837/2281/1792 1838/2282/1793 1830/2283/1785
f 1830/2273/1785 1829/2272/1784 1837/2284/1792
f 1839/2285/1794 1837/2286/1792 1829/2275/1784
f 1829/2275/1784 1831/2274/1786 1839/2285/1794
f 1840/2287/1795 1823/2266/1778 1822/2265/1777
f 1822/2265/1777 1841/2288/1796 1840/2287/1795
f 1815/2262/1770 1842/2289/1797 1843/2290/1798
f 1843/2290/1798 1820/2263/1775 1815/2262/1770
f 1844/2291/1799 1845/2292/1800 1846/2293/1801
f 1847/2294/1802 1842/2289/1797 1815/2262/1770
f 1815/2262/1770 1818/2295/1773 1847/2294/1802
f 1848/2296/1803 1849/2297/1804 1850/2298/1805
f 1850/2298/1805 1812/2253/1767 1848/2296/1803
f 1810/2251/1765 1851/2299/1806 1852/2300/1807
f 1853/2301/1808 1809/2302/1764 1854/2303/1809
f 1854/2304/1809 1855/2305/1810 1853/2306/1808
f 1809/2307/1764 1856/2308/1811 1857/2309/1812
f 1857/2310/1812 1854/2311/1809 1809/2312/1764
f 1858/2313/1813 1859/2314/1814 1860/2315/1815
f 1861/2316/1816 1862/2317/1817 1859/2314/1814
f 1859/2314/1814 1858/2313/1813 1861/2316/1816
f 1863/2318/1818 1864/2319/1819 1865/2320/1820
f 1865/2320/1820 1866/2321/1821 1863/2318/1818
f 1866/2322/1821 1865/2323/1820 1867/2324/1822
f 1867/2325/1822 1868/2326/1823 1866/2321/1821
f 1868/2327/1823 1867/2324/1822 1869/2328/1824
f 1869/2328/1824 1870/2329/1825 1868/2327/1823
f 1871/2330/1826 1872/2331/1827 1873/2332/1828
f 1873/2332/1828 1874/2333/1829 1871/2330/1826
f 1871/2330/1826 1874/2333/1829 1875/2334/1830
f 1875/2334/1830 1876/2335/1831 1871/2330/1826
f 1877/2336/1832 1864/2319/1819 1878/2337/1833
f 1878/2337/1833 1879/2338/1834 1877/2336/1832
f 1864/2319/1819 1877/2336/1832 1880/2339/1835
f 1880/2339/1835 1865/2320/1820 1864/2319/1819
f 1865/2323/1820 1880/2340/1835 1881/2341/1836
f 1881/2341/1836 1867/2324/1822 1865/2323/1820
f 1867/2324/1822 1881/2341/1836 1882/2342/1837
f 1882/2342/1837 1869/2328/1824 1867/2324/1822
f 1883/2343/1838 1874/2333/1829 1873/2332/1828
f 1873/2332/1828 1884/2344/1839 1883/2343/1838
f 1874/2333/1829 1883/2343/1838 1885/2345/1840
f 1885/2345/1840 1875/2334/1830 1874/2333/1829
f 1877/2336/1832 1886/2346/1841 1887/2347/1842
f 1887/2347/1842 1880/2339/1835 1877/2336/1832
f 1887/2348/1842 1888/2349/1843 1889/2350/1844
f 1889/2350/1844 1890/2351/1845 1881/2341/1836
f 1889/2350/1844 1881/2341/1836 1880/2340/1835
f 1887/2348/1842 1889/2350/1844 1880/2340/1835
f 1881/2341/1836 1890/2351/1845 1891/2352/1846
f 1892/2353/1847 1883/2343/1838 1884/2344/1839
f 1893/2354/1848 1892/2353/1847 1884/2344/1839
f 1893/2354/1848 1884/2344/1839 1894/2355/1849
f 1895/2356/1850 1883/2343/1838 1892/2353/1847
f 1896/2357/1851 1886/2346/1841 1877/2336/1832
f 1877/2336/1832 1879/2338/1834 1897/2358/1852
f 1896/2357/1851 1877/2336/1832 1897/2358/1852
f 1896/2357/1851 1897/2358/1852 1898/2359/1853
f 1899/2360/1854 1900/2361/1855 1871/2330/1826
f 1871/2330/1826 1876/2335/1831 1899/2360/1854
f 1901/2362/1856 1902/2363/1857 1903/2364/1858
f 1871/2330/1826 1900/2361/1855 1904/2365/1859
f 1904/2365/1859 1872/2331/1827 1871/2330/1826
f 1905/2366/1860 1906/2367/1861 1907/2368/1862
f 1907/2368/1862 1908/2369/1863 1905/2366/1860
f 1909/2370/1864 1908/2371/1863 1907/2372/1862
f 1907/2372/1862 1910/2373/1865 1909/2370/1864
f 1866/2321/1821 1911/2374/1866 1863/2318/1818
f 1912/2375/1867 1913/2376/1868 1863/2377/1818
f 1863/2378/1818 1914/2379/1869 1912/2380/1867
f 1863/2318/1818 1913/2381/1868 1915/2382/1870
f 1916/2383/1871 1917/2384/1872 1918/2385/1873
f 1919/2386/1874 1920/2387/1875 1921/2388/1876
f 1921/2388/1876 1922/2389/1877 1919/2386/1874
f 1923/2390/1878 1924/2391/1879 1925/2392/1880
f 1925/2392/1880 1926/2393/1881 1923/2390/1878
f 1927/2394/1882 1928/2395/1883 1929/2396/1884
f 1929/2396/1884 1930/2397/1885 1927/2394/1882
f 1931/2398/1886 1932/2399/1887 1933/2400/1888
f 1933/2400/1888 1934/2401/1889 1931/2398/1886
f 1935/2402/1890 1936/2403/1891 1937/2404/1892
f 1937/2404/1892 1938/2405/1893 1935/2402/1890
f 1939/2406/1894 1931/2398/1886 1934/2401/1889
f 1934/2401/1889 1940/2407/1895 1939/2406/1894
f 1941/2408/1896 1942/2409/1897 1943/2410/1898
f 1943/2410/1898 1944/2411/1899 1941/2408/1896
f 1945/2412/1900 1946/2413/1901 1947/2414/1902
f 1947/2414/1902 1948/2415/1903 1945/2412/1900
f 1946/2413/1901 1941/2408/1896 1944/2411/1899
f 1944/2411/1899 1947/2414/1902 1946/2413/1901
f 1949/2416/1904 1950/2417/1905 1951/2418/1906
f 1951/2418/1906 1952/2419/1907 1949/2416/1904
f 1953/2420/1908 1945/2412/1900 1948/2415/1903
f 1948/2415/1903 1954/2421/1909 1953/2420/1908
f 1955/2422/1910 1956/2423/1911 1957/2424/1912
f 1957/2424/1912 1958/2425/1913 1955/2422/1910
f 1959/2426/1914 1957/2424/1912 1956/2423/1911
f 1960/2427/1915 1961/2428/1916 1962/2429/1917
f 1959/2430/1918 1963/2431/1919 1964/2432/1920
f 1928/2433/1883 1965/2434/1921 1966/2435/1922
f 1966/2435/1922 1929/2436/1884 1928/2433/1883
f 1965/2434/1921 1955/2422/1910 1958/2425/1913
f 1958/2425/1913 1966/2435/1922 1965/2434/1921
f 1932/2399/1887 1967/2437/1923 1968/2438/1924
f 1968/2438/1924 1933/2400/1888 1932/2399/1887
f 1969/2439/1925 1923/2390/1878 1926/2393/1881
f 1926/2393/1881 1970/2440/1926 1969/2439/1925
f 1971/2441/1927 1969/2439/1925 1970/2440/1926
f 1970/2440/1926 1972/2442/1928 1971/2441/1927
f 1973/2443/1929 1974/2444/1930 1975/2445/1931
f 1975/2445/1931 1976/2446/1932 1973/2443/1929
f 1977/2447/1933 1919/2448/1874 1922/2449/1877
f 1922/2449/1877 1978/2450/1934 1977/2447/1933
f 1979/2451/1935 1977/2447/1933 1978/2450/1934
f 1978/2450/1934 1980/2452/1936 1979/2451/1935
f 1981/2453/1937 1982/2454/1938 1983/2455/1939
f 1983/2455/1939 1984/2456/1940 1981/2453/1937
f 1985/2457/1941 1986/2458/1942 1987/2459/1943
f 1987/2459/1943 1988/2460/1944 1985/2457/1941
f 1989/2461/1945 1981/2453/1937 1984/2456/1940
f 1984/2456/1940 1990/2462/1946 1989/2461/1945
f 1991/2463/1947 1979/2451/1935 1980/2452/1936
f 1980/2452/1936 1992/2464/1948 1991/2463/1947
f 1986/2458/1942 1993/2465/1949 1994/2466/1950
f 1994/2466/1950 1987/2459/1943 1986/2458/1942
f 1995/2467/1951 1989/2461/1945 1990/2462/1946
f 1990/2462/1946 1996/2468/1952 1995/2467/1951
f 1997/2469/1953 1998/2470/1954 1999/2471/1955
f 1999/2471/1955 2000/2472/1956 1997/2469/1953
f 2001/2473/1957 2002/2474/1958 2003/2475/1959
f 2003/2475/1959 2004/2476/1960 2001/2473/1957
f 2005/2477/1961 1995/2467/1951 1996/2468/1952
f 1996/2468/1952 2006/2478/1962 2005/2477/1961
f 2007/2479/1963 1997/2469/1953 2000/2472/1956
f 2000/2472/1956 2008/2480/1964 2007/2479/1963
f 2009/2481/1965 2007/2482/1963 2008/2483/1964
f 2008/2483/1964 2010/2484/1966 2009/2481/1965
f 2011/2485/1967 2009/2481/1965 2010/2484/1966
f 2010/2484/1966 2012/2486/1968 2011/2485/1967
f 2013/2487/1969 2014/2488/1970 2015/2489/1971
f 2015/2489/1971 2016/2490/1972 2013/2487/1969
f 2017/2491/1973 2018/2492/1974 2019/2493/1975
f 2019/2493/1975 2020/2494/1976 2017/2491/1973
f 2021/2495/1977 2013/2487/1969 2016/2490/1972
f 2016/2490/1972 2022/2496/1978 2021/2495/1977
f 2023/2497/1979 2024/2498/1980 2025/2499/1981
f 2025/2499/1981 2026/2500/1982 2023/2497/1979
f 2027/2501/1983 2023/2497/1979 2026/2500/1982
f 2026/2500/1982 2028/2502/1984 2027/2501/1983
f 2029/2503/1985 2030/2504/1986 2031/2505/1987
f 2031/2505/1987 2032/2506/1988 2029/2503/1985
f 2033/2507/1989 2034/2508/1990 2035/2509/1991
f 2035/2509/1991 2036/2510/1992 2033/2507/1989
f 2030/2504/1986 2037/2511/1993 2038/2512/1994
f 2038/2512/1994 2031/2505/1987 2030/2504/1986
f 2037/2511/1993 2039/2513/1995 2040/2514/1996
f 2040/2514/1996 2038/2512/1994 2037/2511/1993
f 2041/2515/1997 2033/2507/1989 2036/2510/1992
f 2036/2510/1992 2042/2516/1998 2041/2515/1997
f 1809/2250/1764 1808/2249/1763 2043/2517/1999
f 2043/2517/1999 1856/2518/1811 1809/2250/1764
f 1808/2249/1763 1826/2269/1781 2044/2519/2000
f 2044/2519/2000 2043/2517/1999 1808/2249/1763
f 1826/2269/1781 1833/2277/1788 2045/2520/2001
f 2045/2520/2001 2044/2519/2000 1826/2269/1781
f 1824/2267/1779 1858/2313/1813 1860/2315/1815
f 1860/2315/1815 1821/2264/1776 1824/2267/1779
f 2045/2520/2001 1841/2288/1796 1822/2265/1777
f 1822/2265/1777 2044/2519/2000 2045/2520/2001
f 1822/2265/1777 1821/2264/1776 2043/2517/1999
f 2043/2517/1999 2044/2519/2000 1822/2265/1777
f 2043/2517/1999 1821/2264/1776 1860/2315/1815
f 1860/2315/1815 1856/2518/1811 2043/2517/1999
f 1853/2521/1808 1851/2299/1806 1810/2251/1765
f 1810/2251/1765 1809/2250/1764 1853/2521/1808
f 1834/2278/1789 2046/2522/2002 1832/2276/1787
f 1852/2300/1807 1848/2296/1803 1812/2253/1767
f 1812/2253/1767 1810/2251/1765 1852/2300/1807
f 1850/2298/1805 2047/2523/2003 1814/2255/1769
f 1814/2255/1769 1812/2253/1767 1850/2298/1805
f 1827/2270/1782 1836/2280/1791 2048/2524/2004
f 2048/2524/2004 1835/2279/1790 1827/2270/1782
f 2049/2525/2005 1836/2526/1791 1828/2527/1783
f 1838/2528/1793 2049/2525/2005 1828/2527/1783
f 1838/2529/1793 1828/2271/1783 1830/2273/1785
f 1830/2273/1785 1828/2271/1783 1813/2254/1768
f 1813/2254/1768 1817/2258/1772 1830/2273/1785
f 1813/2254/1768 1814/2255/1769 1818/2259/1773
f 1818/2259/1773 1817/2258/1772 1813/2254/1768
f 1845/2292/1800 1844/2291/1799 1847/2294/1802
f 1847/2294/1802 2050/2530/2006 1845/2292/1800
f 1814/2255/1769 2047/2523/2003 2050/2531/2006
f 2050/2530/2006 1847/2294/1802 1814/2532/1769
f 1847/2294/1802 1818/2295/1773 1814/2532/1769
f 2049/2525/2005 2051/2533/2007 1836/2526/1791
f 1915/2382/1870 2052/2534/2008 1918/2385/1873
f 2052/2534/2008 2053/2535/2009 1916/2383/1871
f 1916/2383/1871 1918/2385/1873 2052/2534/2008
f 1915/2382/1870 1878/2337/1833 1864/2319/1819
f 1864/2319/1819 1863/2318/1818 1915/2382/1870
f 1917/2384/1872 2054/2536/2010 1878/2337/1833
f 1918/2385/1873 1917/2384/1872 1878/2337/1833
f 1915/2382/1870 1918/2385/1873 1878/2337/1833
f 1878/2337/1833 2054/2536/2010 2055/2537/2011
f 2055/2537/2011 1879/2338/1834 1878/2337/1833
f 1879/2338/1834 2055/2537/2011 1897/2358/1852
f 1866/2321/1821 1909/2370/1864 1911/2374/1866
f 1911/2538/1866 2056/2539/2012 1914/2540/1869
f 1914/2541/1869 1863/2542/1818 1911/2543/1866
f 1909/2370/1864 1866/2321/1821 1868/2326/1823
f 1868/2326/1823 1908/2371/1863 1909/2370/1864
f 1870/2329/1825 2057/2544/2013 1905/2366/1860
f 1905/2366/1860 1868/2327/1823 1870/2329/1825
f 1905/2366/1860 1908/2369/1863 1868/2327/1823
f 2058/2545/2014 2057/2544/2013 1870/2329/1825
f 1870/2329/1825 1904/2365/1859 2058/2545/2014
f 2059/2546/2015 1882/2342/1837 1881/2341/1836
f 1881/2341/1836 1891/2352/1846 2059/2546/2015
f 1904/2365/1859 1903/2364/1858 1902/2363/1857
f 1902/2363/1857 2058/2545/2014 1904/2365/1859
f 1904/2365/1859 1870/2329/1825 1872/2331/1827
f 1872/2331/1827 1870/2329/1825 1869/2328/1824
f 1869/2328/1824 1873/2332/1828 1872/2331/1827
f 1869/2328/1824 1882/2342/1837 1884/2344/1839
f 1884/2344/1839 1873/2332/1828 1869/2328/1824
f 1882/2342/1837 2059/2546/2015 2060/2547/2016
f 1882/2342/1837 2060/2547/2016 2061/2548/2017
f 1884/2344/1839 1882/2342/1837 2061/2548/2017
f 1884/2344/1839 2061/2548/2017 1894/2355/1849
f 1895/2356/1850 1885/2345/1840 1883/2343/1838
s 0
usemtl M_Trunk
f 2299/2669/2085 2166/2670/2085 2305/2671/2085 2298/2672/2085
f 2163/2673/2086 2162/2674/2086 2157/2675/2086 2153/2676/2086
f 2168/2677/2087 2167/2678/2087 2158/2679/2087 2154/869/2087
f 2164/2680/2088 2161/2681/2088 2160/2682/2088 2156/2683/2088
f 2169/2684/2089 2165/2685/2089 2159/2686/2089 2155/2687/2089
f 2300/2688/2090 2301/2689/2090 2166/2690/2090 2299/2691/2090
f 2154/2692/2091 2158/2693/2091 2162/2674/2091 2163/2673/2091
f 2155/2694/2092 2159/2695/2092 2161/2681/2092 2164/2680/2092
f 2303/2696/2093 2304/2697/2093 2305/2698/2093 2166/2690/2093
f 2156/2699/2094 2160/2700/2094 2167/2678/2094 2168/2677/2094
f 2153/2701/2095 2157/2702/2095 2165/2685/2095 2169/2684/2095
f 2302/2703/2096 2303/2696/2096 2166/2690/2096 2301/2689/2096
f 2157/2702/2097 2162/2704/2097 2171/2705/2097 2170/2706/2097
f 2162/2674/2098 2158/2693/2098 2172/2707/2098 2171/2708/2098
f 2158/2709/2099 2167/2710/2099 2173/2711/2099 2172/2712/2099
f 2167/2710/2100 2160/2713/2100 2174/2714/2100 2173/2711/2100
f 2160/2682/2101 2161/2681/2101 2175/2715/2101 2174/2716/2101
f 2161/2681/2102 2159/2695/2102 2176/2717/2102 2175/2715/2102
f 2159/2686/2103 2165/2685/2103 2177/2718/2103 2176/2719/2103
f 2165/2685/2104 2157/2702/2104 2170/2706/2104 2177/2718/2104
f 2170/2706/2105 2171/2705/2105 2179/2720/2105 2178/2721/2105
f 2171/2708/2106 2172/2707/2106 2180/2722/2106 2179/2723/2106
f 2172/2712/2107 2173/2711/2107 2181/2724/2107 2180/2725/2107
f 2173/2711/2108 2174/2714/2108 2182/2726/2108 2181/2724/2108
f 2174/2714/2109 2175/2727/2109 2183/2728/2109 2182/2726/2109
f 2175/2715/2110 2176/2717/2110 2184/2729/2110 2183/2730/2110
f 2176/2719/2111 2177/2718/2111 2185/2731/2111 2184/2732/2111
f 2177/2718/2112 2170/2706/2112 2178/2721/2112 2185/2731/2112
f 2178/2733/2113 2179/2723/2113 2187/2734/2113 2186/2735/2113
f 2179/2723/2114 2180/2722/2114 2188/2736/2114 2187/2734/2114
f 2180/2737/2115 2181/2738/2115 2189/2739/2115 2188/2740/2115
f 2181/2738/2116 2182/2741/2116 2190/2742/2116 2189/2739/2116
f 2182/2743/2117 2183/2730/2117 2191/2744/2117 2190/2745/2117
f 2183/2730/2118 2184/2729/2118 2192/2746/2118 2191/2744/2118
f 2184/2747/2119 2185/2748/2119 2193/2749/2119 2192/2750/2119
f 2185/2731/2120 2178/2721/2120 2186/2751/2120 2193/2752/2120
f 2186/2751/2121 2187/2753/2121 2195/2754/2121 2194/2755/2121
f 2187/2756/2122 2188/2757/2122 2196/2758/2122 2195/2759/2122
f 2188/2757/2123 2189/2760/2123 2197/2761/2123 2196/2758/2123
f 2189/2760/2124 2190/2762/2124 2198/2763/2124 2197/2761/2124
f 2190/2762/2125 2191/2764/2125 2199/2765/2125 2198/2763/2125
f 2191/2744/2126 2192/2746/2126 2200/2766/2126 2199/2767/2126
f 2192/2768/2127 2193/2752/2127 2201/2769/2127 2200/2770/2127
f 2193/2752/2128 2186/2751/2128 2194/2755/2128 2201/2769/2128
f 2194/2771/2129 2195/2772/2129 2203/2773/2129 2202/2774/2129
f 2195/2772/2130 2196/2775/2130 2204/2776/2130 2203/2773/2130
f 2196/2777/2131 2197/2778/2131 2205/2779/2131 2204/2780/2131
f 2197/2778/2132 2198/2781/2132 2206/2782/2132 2205/2779/2132
f 2198/2783/2133 2199/2767/2133 2207/2784/2133 2206/2785/2133
f 2199/2767/2134 2200/2766/2134 2208/2786/2134 2207/2784/2134
f 2200/2787/2135 2201/2788/2135 2209/2789/2135 2208/2790/2135
f 2201/2769/2136 2194/2755/2136 2202/2791/2136 2209/2792/2136
f 2202/2791/2137 2203/2793/2137 2211/2794/2137 2210/2795/2137
f 2203/2796/2138 2204/2797/2138 2212/2798/2138 2211/2799/2138
f 2204/2797/2139 2205/2800/2139 2213/2801/2139 2212/2798/2139
f 2205/2800/2140 2206/2802/2140 2214/2803/2140 2213/2801/2140
f 2206/2802/2141 2207/2804/2141 2215/2805/2141 2214/2803/2141
f 2207/2784/2142 2208/2786/2142 2216/2806/2142 2215/2807/2142
f 2208/2808/2143 2209/2792/2143 2217/2809/2143 2216/2810/2143
f 2209/2792/2144 2202/2791/2144 2210/2795/2144 2217/2809/2144
f 2210/2811/2145 2211/2812/2145 2219/2813/2145 2218/2814/2145
f 2211/2812/2146 2212/2815/2146 2220/2816/2146 2219/2813/2146
f 2212/2817/2147 2213/2818/2147 2221/2819/2147 2220/2820/2147
f 2213/2818/2148 2214/2821/2148 2222/2822/2148 2221/2819/2148
f 2214/2823/2149 2215/2807/2149 2223/2824/2149 2222/2825/2149
f 2215/2807/2150 2216/2806/2150 2224/2826/2150 2223/2824/2150
f 2216/2827/2151 2217/2828/2151 2225/2829/2151 2224/2830/2151
f 2217/2809/2152 2210/2795/2152 2218/2831/2152 2225/2832/2152
f 2218/2814/2153 2219/2813/2153 2227/2833/2153 2226/2834/2153
f 2219/2813/2154 2220/2816/2154 2228/2835/2154 2227/2833/2154
f 2220/2820/2155 2221/2819/2155 2229/2836/2155 2228/2837/2155
f 2221/2819/2156 2222/2822/2156 2230/2838/2156 2229/2836/2156
f 2222/2825/2157 2223/2824/2157 2231/2839/2157 2230/2840/2157
f 2223/2824/2158 2224/2826/2158 2232/2841/2158 2231/2839/2158
f 2224/2830/2159 2225/2829/2159 2233/2842/2159 2232/2843/2159
f 2225/2832/2160 2218/2831/2160 2226/2844/2160 2233/2845/2160
f 2226/2846/2161 2227/2847/2161 2235/2848/2161 2234/2849/2161
f 2227/2847/2162 2228/2850/2162 2236/2851/2162 2235/2848/2162
f 2228/2850/2163 2229/2852/2163 2237/2853/2163 2236/2851/2163
f 2229/2852/2164 2230/2854/2164 2238/2855/2164 2237/2853/2164
f 2230/2854/2165 2231/2856/2165 2239/2857/2165 2238/2855/2165
f 2231/2839/2166 2232/2841/2166 2240/2858/2166 2239/2859/2166
f 2232/2860/2167 2233/2845/2167 2241/2861/2167 2240/2862/2167
f 2233/2845/2168 2226/2844/2168 2234/2863/2168 2241/2861/2168
f 2234/2864/2169 2235/2865/2169 2243/2866/2169 2242/2867/2169
f 2235/2865/2170 2236/2868/2170 2244/2869/2170 2243/2866/2170
f 2236/2870/2171 2237/2871/2171 2245/2872/2171 2244/2873/2171
f 2237/2871/2172 2238/2874/2172 2246/2875/2172 2245/2872/2172
f 2238/2876/2173 2239/2859/2173 2247/2877/2173 2246/2878/2173
f 2239/2859/2174 2240/2858/2174 2248/2879/2174 2247/2877/2174
f 2240/2862/2175 2241/2861/2175 2249/2880/2175 2248/2881/2175
f 2241/2861/2176 2234/2863/2176 2242/2882/2176 2249/2880/2176
f 2242/2867/2177 2243/2866/2177 2251/2883/2177 2250/2884/2177
f 2243/2866/2178 2244/2869/2178 2252/2885/2178 2251/2883/2178
f 2244/2873/2179 2245/2872/2179 2253/2886/2179 2252/2887/2179
f 2245/2872/2180 2246/2875/2180 2254/2888/2180 2253/2886/2180
f 2246/2878/2181 2247/2877/2181 2255/2889/2181 2254/2890/2181
f 2247/2877/2182 2248/2879/2182 2256/2891/2182 2255/2889/2182
f 2248/2892/2183 2249/2893/2183 2257/2894/2183 2256/2895/2183
f 2249/2880/2184 2242/2882/2184 2250/2896/2184 2257/2897/2184
f 2250/2898/2185 2251/2899/2185 2259/2900/2185 2258/2901/2185
f 2251/2899/2186 2252/2902/2186 2260/2903/2186 2259/2900/2186
f 2252/2902/2187 2253/2904/2187 2261/2905/2187 2260/2903/2187
f 2253/2904/2188 2254/2906/2188 2262/2907/2188 2261/2905/2188
f 2254/2906/2189 2255/2908/2189 2263/2909/2189 2262/2907/2189
f 2255/2908/2190 2256/2910/2190 2264/2911/2190 2263/2909/2190
f 2256/2910/2191 2257/2912/2191 2265/2913/2191 2264/2911/2191
f 2257/2912/2192 2250/2898/2192 2258/2901/2192 2265/2913/2192
f 2258/2914/2193 2259/2915/2193 2267/2916/2193 2266/2917/2193
f 2259/2915/2194 2260/2918/2194 2268/2919/2194 2267/2916/2194
f 2260/2920/2195 2261/2921/2195 2269/2922/2195 2268/2923/2195
f 2261/2921/2196 2262/2924/2196 2270/2925/2196 2269/2922/2196
f 2262/2926/2197 2263/2927/2197 2271/2928/2197 2270/2929/2197
f 2263/2927/2198 2264/2930/2198 2272/2931/2198 2271/2928/2198
f 2264/2932/2199 2265/2933/2199 2273/2934/2199 2272/2935/2199
f 2265/2933/2200 2258/2936/2200 2266/2937/2200 2273/2934/2200
f 2266/2938/2201 2267/2939/2201 2275/2940/2201 2274/2941/2201
f 2267/2939/2202 2268/2942/2202 2276/2943/2202 2275/2940/2202
f 2268/2942/2203 2269/2944/2203 2277/2945/2203 2276/2943/2203
f 2269/2944/2204 2270/2946/2204 2278/2947/2204 2277/2945/2204
f 2270/2946/2205 2271/2948/2205 2279/2949/2205 2278/2947/2205
f 2271/2948/2206 2272/2950/2206 2280/2951/2206 2279/2949/2206
f 2272/2950/2207 2273/2952/2207 2281/2953/2207 2280/2951/2207
f 2273/2934/2208 2266/2937/2208 2274/2954/2208 2281/2955/2208
f 2274/2956/2209 2275/2957/2209 2283/2958/2209 2282/2959/2209
f 2275/2957/2210 2276/2960/2210 2284/2961/2210 2283/2958/2210
f 2276/2962/2211 2277/2963/2211 2285/2964/2211 2284/2965/2211
f 2277/2963/2212 2278/2966/2212 2286/2967/2212 2285/2964/2212
f 2278/2968/2213 2279/2969/2213 2287/2970/2213 2286/2971/2213
f 2279/2969/2214 2280/2972/2214 2288/2973/2214 2287/2970/2214
f 2280/2974/2215 2281/2955/2215 2289/2975/2215 2288/2976/2215
f 2281/2955/2216 2274/2954/2216 2282/2977/2216 2289/2975/2216
f 2282/2977/2217 2283/2978/2217 2291/2979/2217 2290/2980/2217
f 2283/2981/2218 2284/2982/2218 2292/2983/2218 2291/2984/2218
f 2284/2982/2219 2285/2985/2219 2293/2986/2219 2292/2983/2219
f 2285/2985/2220 2286/2987/2220 2294/2988/2220 2293/2986/2220
f 2286/2971/2221 2287/2970/2221 2295/2989/2221 2294/2990/2221
f 2287/2970/2222 2288/2973/2222 2296/2991/2222 2295/2989/2222
f 2288/2976/2223 2289/2975/2223 2297/2992/2223 2296/2993/2223
f 2289/2975/2224 2282/2977/2224 2290/2980/2224 2297/2992/2224
f 2290/2994/2225 2291/2995/2225 2299/2996/2225 2298/2997/2225
f 2291/2995/2226 2292/2998/2226 2300/2999/2226 2299/2996/2226
f 2292/3000/2227 2293/3001/2227 2301/3002/2227 2300/3003/2227
f 2293/3001/2228 2294/3004/2228 2302/3005/2228 2301/3002/2228
f 2294/2990/2229 2295/2989/2229 2303/3006/2229 2302/3007/2229
f 2295/2989/2230 2296/2991/2230 2304/3008/2230 2303/3006/2230
f 2296/2993/2231 2297/2992/2231 2305/2671/2231 2304/3009/2231
f 2297/2992/2232 2290/2980/2232 2298/2672/2232 2305/2671/2232
